/* Generated by tools/gen_hqc256_decode_fixture.c. */
#include "hqc256_decode_fixture.h"

const uint8_t hqc256_fixture_messages[16][32] = {
    {
        0xdd, 0x36, 0xd1, 0xa5, 0x64, 0xa6, 0x02, 0x1a, 0x4f, 0x1b, 0xee, 0x1a,
        0xd7, 0x5b, 0x25, 0xe6, 0x8d, 0x3c, 0x0c, 0xb8, 0x0a, 0x05, 0x23, 0x6b,
        0x7c, 0xa2, 0xb0, 0x4d, 0xab, 0xb1, 0x98, 0x7d
    },
    {
        0x80, 0x31, 0xca, 0x62, 0xf6, 0x0d, 0x74, 0x62, 0x5b, 0x99, 0xb7, 0x41,
        0xc6, 0xb8, 0x3a, 0x59, 0x8b, 0x3d, 0x03, 0xfc, 0x7a, 0x27, 0x58, 0xd1,
        0xd2, 0x9e, 0xcc, 0x32, 0xf7, 0xf6, 0x62, 0x9a
    },
    {
        0x4e, 0x05, 0xe4, 0xf9, 0xd5, 0x6b, 0xb4, 0x5d, 0x47, 0x3c, 0x4f, 0x32,
        0x1c, 0xca, 0x2f, 0xa8, 0x18, 0x00, 0xa5, 0x86, 0xd1, 0x47, 0x99, 0x8f,
        0x26, 0x84, 0x58, 0x1c, 0xc5, 0xc3, 0x5c, 0xef
    },
    {
        0x80, 0xcd, 0xff, 0x72, 0xb8, 0x86, 0xda, 0x7e, 0xb5, 0x4f, 0xb2, 0xfc,
        0x25, 0x2b, 0xfa, 0xbb, 0x61, 0x34, 0x16, 0xa5, 0xa4, 0xc2, 0x82, 0xda,
        0x2c, 0x97, 0xe7, 0x49, 0xfc, 0xf8, 0x1a, 0x7a
    },
    {
        0xed, 0x9d, 0x1e, 0xa4, 0xe0, 0xcd, 0xfe, 0x98, 0x93, 0x6d, 0xfe, 0x4d,
        0x24, 0x62, 0xa4, 0x20, 0x38, 0x96, 0x25, 0xce, 0x95, 0x54, 0xf9, 0x67,
        0xca, 0xbb, 0x8d, 0x98, 0x50, 0x14, 0xe8, 0xcd
    },
    {
        0xd5, 0x7c, 0x80, 0x5f, 0x07, 0x31, 0x9d, 0x2c, 0x6a, 0xca, 0x98, 0x6d,
        0xef, 0x89, 0x78, 0x61, 0xe4, 0x73, 0x71, 0x95, 0x4d, 0x36, 0xd0, 0x13,
        0xea, 0x46, 0xc7, 0x79, 0x6f, 0xa2, 0x67, 0xcf
    },
    {
        0x59, 0xc0, 0x69, 0x3a, 0x46, 0xb1, 0x30, 0x9e, 0xf1, 0x58, 0x78, 0xe3,
        0x6c, 0xab, 0xc1, 0x75, 0x5e, 0x2a, 0xfc, 0xe0, 0xf3, 0x0f, 0x72, 0x5e,
        0xc0, 0x86, 0xf1, 0xdf, 0x41, 0x63, 0x95, 0x86
    },
    {
        0x11, 0x5b, 0xef, 0x87, 0x26, 0xaf, 0xd0, 0x10, 0x3b, 0xb9, 0x4a, 0xac,
        0xd7, 0x44, 0x0d, 0x10, 0x82, 0x5b, 0xc2, 0xe7, 0xff, 0x67, 0x4d, 0xc3,
        0xd5, 0x94, 0xd5, 0xbd, 0x9a, 0xfc, 0x27, 0xed
    },
    {
        0xb9, 0xdf, 0xb8, 0x0c, 0x7a, 0x20, 0x3e, 0x93, 0xe8, 0x2d, 0x89, 0xc0,
        0xb7, 0xf1, 0xbe, 0x28, 0x83, 0x42, 0x2f, 0x2b, 0xb3, 0xbc, 0x2c, 0xf6,
        0xf9, 0x8e, 0x19, 0x06, 0x08, 0x5b, 0x8e, 0x42
    },
    {
        0xb9, 0xb7, 0x7f, 0x03, 0x31, 0xf1, 0x7a, 0x62, 0x4c, 0x64, 0x6e, 0xbb,
        0xba, 0x54, 0x26, 0x76, 0xec, 0x03, 0x3a, 0xfc, 0xc2, 0xfc, 0x14, 0xc3,
        0x52, 0x40, 0x58, 0x92, 0x20, 0x5a, 0x4c, 0xcf
    },
    {
        0x0f, 0x70, 0xdc, 0x91, 0xfc, 0xcf, 0x07, 0xaf, 0x31, 0xa5, 0x3f, 0x03,
        0x49, 0x09, 0x02, 0x5b, 0x62, 0xbd, 0x53, 0xed, 0xaa, 0x80, 0xa1, 0xc1,
        0x48, 0x94, 0x2e, 0x13, 0x76, 0xe9, 0xf7, 0x38
    },
    {
        0xb5, 0x56, 0x6b, 0xe4, 0xbb, 0x9c, 0x1b, 0x3a, 0x68, 0xb5, 0x1f, 0x27,
        0xa2, 0xef, 0x4e, 0xed, 0xd4, 0x55, 0x5d, 0x49, 0x33, 0xa8, 0x64, 0xaa,
        0x91, 0xd9, 0xbd, 0x8e, 0x22, 0xf9, 0x22, 0x60
    },
    {
        0x0c, 0xfc, 0x25, 0x78, 0x1e, 0xe6, 0xbc, 0x2d, 0xfa, 0xdc, 0xcd, 0x5c,
        0x74, 0x3c, 0xaa, 0x2e, 0xb2, 0x7b, 0x59, 0x74, 0x71, 0x68, 0xea, 0xaa,
        0xf6, 0xdf, 0x0b, 0x90, 0xd2, 0x91, 0x06, 0x7a
    },
    {
        0x3b, 0xca, 0xe6, 0xbe, 0x9b, 0x99, 0x5f, 0x57, 0x07, 0x50, 0x1d, 0xc1,
        0x63, 0x3c, 0xd4, 0xca, 0x7d, 0xd8, 0x74, 0x6c, 0xc7, 0xbd, 0x89, 0x5b,
        0x6b, 0x16, 0x6c, 0x65, 0x2a, 0xe9, 0xf0, 0x72
    },
    {
        0xe8, 0x58, 0xf5, 0xa9, 0xf4, 0xea, 0x52, 0x77, 0xdf, 0x8a, 0x38, 0xa0,
        0x6c, 0x3c, 0xa5, 0xa3, 0xa9, 0xb8, 0x2f, 0xc3, 0x42, 0x37, 0x18, 0x45,
        0x5f, 0x03, 0xda, 0xc1, 0x6d, 0xf8, 0xd6, 0x31
    },
    {
        0x4f, 0x4c, 0xc8, 0x26, 0x0f, 0x31, 0x47, 0x37, 0xce, 0xad, 0xf7, 0x68,
        0x1d, 0x6e, 0xc3, 0x5b, 0xf6, 0x1d, 0x6b, 0x77, 0x66, 0xd2, 0x3b, 0x0b,
        0x9b, 0x3f, 0xb8, 0x07, 0xd0, 0x1e, 0x50, 0xa1
    }
};

const uint8_t hqc256_fixture_codewords[16][7200] __attribute__((aligned(128))) = {
    {
        0x66, 0x66, 0x99, 0x99, 0x66, 0x66, 0x99, 0x99, 0x66, 0x66, 0x99, 0x99,
        0x66, 0x66, 0x99, 0x99, 0x66, 0x66, 0x99, 0x99, 0x66, 0x66, 0x99, 0x99,
        0x66, 0x66, 0x99, 0x99, 0x66, 0x66, 0x99, 0x99, 0x66, 0x66, 0x99, 0x99,
        0x66, 0x66, 0x99, 0x99, 0x66, 0x66, 0x99, 0x99, 0x66, 0x66, 0x99, 0x99,
        0x66, 0x66, 0x99, 0x99, 0x66, 0x66, 0x99, 0x99, 0x66, 0x66, 0x99, 0x99,
        0x66, 0x66, 0x99, 0x99, 0x66, 0x66, 0x99, 0x99, 0x66, 0x66, 0x99, 0x99,
        0x66, 0x66, 0x99, 0x99, 0x66, 0x66, 0x99, 0x99, 0x55, 0x55, 0x55, 0x55,
        0x55, 0x55, 0x55, 0x55, 0xaa, 0xaa, 0xaa, 0xaa, 0xaa, 0xaa, 0xaa, 0xaa,
        0x55, 0x55, 0x55, 0x55, 0x55, 0x55, 0x55, 0x55, 0xaa, 0xaa, 0xaa, 0xaa,
        0xaa, 0xaa, 0xaa, 0xaa, 0x55, 0x55, 0x55, 0x55, 0x55, 0x55, 0x55, 0x55,
        0xaa, 0xaa, 0xaa, 0xaa, 0xaa, 0xaa, 0xaa, 0xaa, 0x55, 0x55, 0x55, 0x55,
        0x55, 0x55, 0x55, 0x55, 0xaa, 0xaa, 0xaa, 0xaa, 0xaa, 0xaa, 0xaa, 0xaa,
        0x55, 0x55, 0x55, 0x55, 0x55, 0x55, 0x55, 0x55, 0xaa, 0xaa, 0xaa, 0xaa,
        0xaa, 0xaa, 0xaa, 0xaa, 0xf0, 0xf0, 0x0f, 0x0f, 0x0f, 0x0f, 0xf0, 0xf0,
        0x0f, 0x0f, 0xf0, 0xf0, 0xf0, 0xf0, 0x0f, 0x0f, 0xf0, 0xf0, 0x0f, 0x0f,
        0x0f, 0x0f, 0xf0, 0xf0, 0x0f, 0x0f, 0xf0, 0xf0, 0xf0, 0xf0, 0x0f, 0x0f,
        0xf0, 0xf0, 0x0f, 0x0f, 0x0f, 0x0f, 0xf0, 0xf0, 0x0f, 0x0f, 0xf0, 0xf0,
        0xf0, 0xf0, 0x0f, 0x0f, 0xf0, 0xf0, 0x0f, 0x0f, 0x0f, 0x0f, 0xf0, 0xf0,
        0x0f, 0x0f, 0xf0, 0xf0, 0xf0, 0xf0, 0x0f, 0x0f, 0xf0, 0xf0, 0x0f, 0x0f,
        0x0f, 0x0f, 0xf0, 0xf0, 0x0f, 0x0f, 0xf0, 0xf0, 0xf0, 0xf0, 0x0f, 0x0f,
        0xa5, 0x5a, 0x5a, 0xa5, 0xa5, 0x5a, 0x5a, 0xa5, 0x5a, 0xa5, 0xa5, 0x5a,
        0x5a, 0xa5, 0xa5, 0x5a, 0xa5, 0x5a, 0x5a, 0xa5, 0xa5, 0x5a, 0x5a, 0xa5,
        0x5a, 0xa5, 0xa5, 0x5a, 0x5a, 0xa5, 0xa5, 0x5a, 0xa5, 0x5a, 0x5a, 0xa5,
        0xa5, 0x5a, 0x5a, 0xa5, 0x5a, 0xa5, 0xa5, 0x5a, 0x5a, 0xa5, 0xa5, 0x5a,
        0xa5, 0x5a, 0x5a, 0xa5, 0xa5, 0x5a, 0x5a, 0xa5, 0x5a, 0xa5, 0xa5, 0x5a,
        0x5a, 0xa5, 0xa5, 0x5a, 0xa5, 0x5a, 0x5a, 0xa5, 0xa5, 0x5a, 0x5a, 0xa5,
        0x5a, 0xa5, 0xa5, 0x5a, 0x5a, 0xa5, 0xa5, 0x5a, 0x3c, 0xc3, 0xc3, 0x3c,
        0x3c, 0xc3, 0xc3, 0x3c, 0x3c, 0xc3, 0xc3, 0x3c, 0x3c, 0xc3, 0xc3, 0x3c,
        0x3c, 0xc3, 0xc3, 0x3c, 0x3c, 0xc3, 0xc3, 0x3c, 0x3c, 0xc3, 0xc3, 0x3c,
        0x3c, 0xc3, 0xc3, 0x3c, 0x3c, 0xc3, 0xc3, 0x3c, 0x3c, 0xc3, 0xc3, 0x3c,
        0x3c, 0xc3, 0xc3, 0x3c, 0x3c, 0xc3, 0xc3, 0x3c, 0x3c, 0xc3, 0xc3, 0x3c,
        0x3c, 0xc3, 0xc3, 0x3c, 0x3c, 0xc3, 0xc3, 0x3c, 0x3c, 0xc3, 0xc3, 0x3c,
        0x3c, 0xc3, 0xc3, 0x3c, 0x3c, 0xc3, 0xc3, 0x3c, 0x3c, 0xc3, 0xc3, 0x3c,
        0x3c, 0xc3, 0xc3, 0x3c, 0x66, 0x99, 0x66, 0x99, 0x66, 0x99, 0x66, 0x99,
        0x99, 0x66, 0x99, 0x66, 0x99, 0x66, 0x99, 0x66, 0x66, 0x99, 0x66, 0x99,
        0x66, 0x99, 0x66, 0x99, 0x99, 0x66, 0x99, 0x66, 0x99, 0x66, 0x99, 0x66,
        0x66, 0x99, 0x66, 0x99, 0x66, 0x99, 0x66, 0x99, 0x99, 0x66, 0x99, 0x66,
        0x99, 0x66, 0x99, 0x66, 0x66, 0x99, 0x66, 0x99, 0x66, 0x99, 0x66, 0x99,
        0x99, 0x66, 0x99, 0x66, 0x99, 0x66, 0x99, 0x66, 0x66, 0x99, 0x66, 0x99,
        0x66, 0x99, 0x66, 0x99, 0x99, 0x66, 0x99, 0x66, 0x99, 0x66, 0x99, 0x66,
        0x00, 0x00, 0xff, 0xff, 0xff, 0xff, 0x00, 0x00, 0x00, 0x00, 0xff, 0xff,
        0xff, 0xff, 0x00, 0x00, 0x00, 0x00, 0xff, 0xff, 0xff, 0xff, 0x00, 0x00,
        0x00, 0x00, 0xff, 0xff, 0xff, 0xff, 0x00, 0x00, 0x00, 0x00, 0xff, 0xff,
        0xff, 0xff, 0x00, 0x00, 0x00, 0x00, 0xff, 0xff, 0xff, 0xff, 0x00, 0x00,
        0x00, 0x00, 0xff, 0xff, 0xff, 0xff, 0x00, 0x00, 0x00, 0x00, 0xff, 0xff,
        0xff, 0xff, 0x00, 0x00, 0x00, 0x00, 0xff, 0xff, 0xff, 0xff, 0x00, 0x00,
        0x00, 0x00, 0xff, 0xff, 0xff, 0xff, 0x00, 0x00, 0xf0, 0xf0, 0xf0, 0xf0,
        0xf0, 0xf0, 0xf0, 0xf0, 0x0f, 0x0f, 0x0f, 0x0f, 0x0f, 0x0f, 0x0f, 0x0f,
        0xf0, 0xf0, 0xf0, 0xf0, 0xf0, 0xf0, 0xf0, 0xf0, 0x0f, 0x0f, 0x0f, 0x0f,
        0x0f, 0x0f, 0x0f, 0x0f, 0xf0, 0xf0, 0xf0, 0xf0, 0xf0, 0xf0, 0xf0, 0xf0,
        0x0f, 0x0f, 0x0f, 0x0f, 0x0f, 0x0f, 0x0f, 0x0f, 0xf0, 0xf0, 0xf0, 0xf0,
        0xf0, 0xf0, 0xf0, 0xf0, 0x0f, 0x0f, 0x0f, 0x0f, 0x0f, 0x0f, 0x0f, 0x0f,
        0xf0, 0xf0, 0xf0, 0xf0, 0xf0, 0xf0, 0xf0, 0xf0, 0x0f, 0x0f, 0x0f, 0x0f,
        0x0f, 0x0f, 0x0f, 0x0f, 0x99, 0x99, 0x66, 0x66, 0x99, 0x99, 0x66, 0x66,
        0x99, 0x99, 0x66, 0x66, 0x99, 0x99, 0x66, 0x66, 0x99, 0x99, 0x66, 0x66,
        0x99, 0x99, 0x66, 0x66, 0x99, 0x99, 0x66, 0x66, 0x99, 0x99, 0x66, 0x66,
        0x99, 0x99, 0x66, 0x66, 0x99, 0x99, 0x66, 0x66, 0x99, 0x99, 0x66, 0x66,
        0x99, 0x99, 0x66, 0x66, 0x99, 0x99, 0x66, 0x66, 0x99, 0x99, 0x66, 0x66,
        0x99, 0x99, 0x66, 0x66, 0x99, 0x99, 0x66, 0x66, 0x99, 0x99, 0x66, 0x66,
        0x99, 0x99, 0x66, 0x66, 0x99, 0x99, 0x66, 0x66, 0x99, 0x99, 0x66, 0x66,
        0x55, 0xaa, 0x55, 0xaa, 0x55, 0xaa, 0x55, 0xaa, 0xaa, 0x55, 0xaa, 0x55,
        0xaa, 0x55, 0xaa, 0x55, 0x55, 0xaa, 0x55, 0xaa, 0x55, 0xaa, 0x55, 0xaa,
        0xaa, 0x55, 0xaa, 0x55, 0xaa, 0x55, 0xaa, 0x55, 0x55, 0xaa, 0x55, 0xaa,
        0x55, 0xaa, 0x55, 0xaa, 0xaa, 0x55, 0xaa, 0x55, 0xaa, 0x55, 0xaa, 0x55,
        0x55, 0xaa, 0x55, 0xaa, 0x55, 0xaa, 0x55, 0xaa, 0xaa, 0x55, 0xaa, 0x55,
        0xaa, 0x55, 0xaa, 0x55, 0x55, 0xaa, 0x55, 0xaa, 0x55, 0xaa, 0x55, 0xaa,
        0xaa, 0x55, 0xaa, 0x55, 0xaa, 0x55, 0xaa, 0x55, 0xff, 0xff, 0xff, 0xff,
        0xff, 0xff, 0xff, 0xff, 0xff, 0xff, 0xff, 0xff, 0xff, 0xff, 0xff, 0xff,
        0xff, 0xff, 0xff, 0xff, 0xff, 0xff, 0xff, 0xff, 0xff, 0xff, 0xff, 0xff,
        0xff, 0xff, 0xff, 0xff, 0xff, 0xff, 0xff, 0xff, 0xff, 0xff, 0xff, 0xff,
        0xff, 0xff, 0xff, 0xff, 0xff, 0xff, 0xff, 0xff, 0xff, 0xff, 0xff, 0xff,
        0xff, 0xff, 0xff, 0xff, 0xff, 0xff, 0xff, 0xff, 0xff, 0xff, 0xff, 0xff,
        0xff, 0xff, 0xff, 0xff, 0xff, 0xff, 0xff, 0xff, 0xff, 0xff, 0xff, 0xff,
        0xff, 0xff, 0xff, 0xff, 0x55, 0x55, 0xaa, 0xaa, 0xaa, 0xaa, 0x55, 0x55,
        0x55, 0x55, 0xaa, 0xaa, 0xaa, 0xaa, 0x55, 0x55, 0x55, 0x55, 0xaa, 0xaa,
        0xaa, 0xaa, 0x55, 0x55, 0x55, 0x55, 0xaa, 0xaa, 0xaa, 0xaa, 0x55, 0x55,
        0x55, 0x55, 0xaa, 0xaa, 0xaa, 0xaa, 0x55, 0x55, 0x55, 0x55, 0xaa, 0xaa,
        0xaa, 0xaa, 0x55, 0x55, 0x55, 0x55, 0xaa, 0xaa, 0xaa, 0xaa, 0x55, 0x55,
        0x55, 0x55, 0xaa, 0xaa, 0xaa, 0xaa, 0x55, 0x55, 0x55, 0x55, 0xaa, 0xaa,
        0xaa, 0xaa, 0x55, 0x55, 0x55, 0x55, 0xaa, 0xaa, 0xaa, 0xaa, 0x55, 0x55,
        0x3c, 0x3c, 0x3c, 0x3c, 0x3c, 0x3c, 0x3c, 0x3c, 0x3c, 0x3c, 0x3c, 0x3c,
        0x3c, 0x3c, 0x3c, 0x3c, 0x3c, 0x3c, 0x3c, 0x3c, 0x3c, 0x3c, 0x3c, 0x3c,
        0x3c, 0x3c, 0x3c, 0x3c, 0x3c, 0x3c, 0x3c, 0x3c, 0x3c, 0x3c, 0x3c, 0x3c,
        0x3c, 0x3c, 0x3c, 0x3c, 0x3c, 0x3c, 0x3c, 0x3c, 0x3c, 0x3c, 0x3c, 0x3c,
        0x3c, 0x3c, 0x3c, 0x3c, 0x3c, 0x3c, 0x3c, 0x3c, 0x3c, 0x3c, 0x3c, 0x3c,
        0x3c, 0x3c, 0x3c, 0x3c, 0x3c, 0x3c, 0x3c, 0x3c, 0x3c, 0x3c, 0x3c, 0x3c,
        0x3c, 0x3c, 0x3c, 0x3c, 0x3c, 0x3c, 0x3c, 0x3c, 0xf0, 0x0f, 0x0f, 0xf0,
        0xf0, 0x0f, 0x0f, 0xf0, 0xf0, 0x0f, 0x0f, 0xf0, 0xf0, 0x0f, 0x0f, 0xf0,
        0xf0, 0x0f, 0x0f, 0xf0, 0xf0, 0x0f, 0x0f, 0xf0, 0xf0, 0x0f, 0x0f, 0xf0,
        0xf0, 0x0f, 0x0f, 0xf0, 0xf0, 0x0f, 0x0f, 0xf0, 0xf0, 0x0f, 0x0f, 0xf0,
        0xf0, 0x0f, 0x0f, 0xf0, 0xf0, 0x0f, 0x0f, 0xf0, 0xf0, 0x0f, 0x0f, 0xf0,
        0xf0, 0x0f, 0x0f, 0xf0, 0xf0, 0x0f, 0x0f, 0xf0, 0xf0, 0x0f, 0x0f, 0xf0,
        0xf0, 0x0f, 0x0f, 0xf0, 0xf0, 0x0f, 0x0f, 0xf0, 0xf0, 0x0f, 0x0f, 0xf0,
        0xf0, 0x0f, 0x0f, 0xf0, 0x99, 0x66, 0x99, 0x66, 0x99, 0x66, 0x99, 0x66,
        0x66, 0x99, 0x66, 0x99, 0x66, 0x99, 0x66, 0x99, 0x99, 0x66, 0x99, 0x66,
        0x99, 0x66, 0x99, 0x66, 0x66, 0x99, 0x66, 0x99, 0x66, 0x99, 0x66, 0x99,
        0x99, 0x66, 0x99, 0x66, 0x99, 0x66, 0x99, 0x66, 0x66, 0x99, 0x66, 0x99,
        0x66, 0x99, 0x66, 0x99, 0x99, 0x66, 0x99, 0x66, 0x99, 0x66, 0x99, 0x66,
        0x66, 0x99, 0x66, 0x99, 0x66, 0x99, 0x66, 0x99, 0x99, 0x66, 0x99, 0x66,
        0x99, 0x66, 0x99, 0x66, 0x66, 0x99, 0x66, 0x99, 0x66, 0x99, 0x66, 0x99,
        0x69, 0x69, 0x69, 0x69, 0x69, 0x69, 0x69, 0x69, 0x69, 0x69, 0x69, 0x69,
        0x69, 0x69, 0x69, 0x69, 0x69, 0x69, 0x69, 0x69, 0x69, 0x69, 0x69, 0x69,
        0x69, 0x69, 0x69, 0x69, 0x69, 0x69, 0x69, 0x69, 0x69, 0x69, 0x69, 0x69,
        0x69, 0x69, 0x69, 0x69, 0x69, 0x69, 0x69, 0x69, 0x69, 0x69, 0x69, 0x69,
        0x69, 0x69, 0x69, 0x69, 0x69, 0x69, 0x69, 0x69, 0x69, 0x69, 0x69, 0x69,
        0x69, 0x69, 0x69, 0x69, 0x69, 0x69, 0x69, 0x69, 0x69, 0x69, 0x69, 0x69,
        0x69, 0x69, 0x69, 0x69, 0x69, 0x69, 0x69, 0x69, 0x69, 0x69, 0x96, 0x96,
        0x69, 0x69, 0x96, 0x96, 0x69, 0x69, 0x96, 0x96, 0x69, 0x69, 0x96, 0x96,
        0x69, 0x69, 0x96, 0x96, 0x69, 0x69, 0x96, 0x96, 0x69, 0x69, 0x96, 0x96,
        0x69, 0x69, 0x96, 0x96, 0x69, 0x69, 0x96, 0x96, 0x69, 0x69, 0x96, 0x96,
        0x69, 0x69, 0x96, 0x96, 0x69, 0x69, 0x96, 0x96, 0x69, 0x69, 0x96, 0x96,
        0x69, 0x69, 0x96, 0x96, 0x69, 0x69, 0x96, 0x96, 0x69, 0x69, 0x96, 0x96,
        0x69, 0x69, 0x96, 0x96, 0x69, 0x69, 0x96, 0x96, 0x69, 0x69, 0x96, 0x96,
        0x69, 0x69, 0x96, 0x96, 0x96, 0x69, 0x96, 0x69, 0x96, 0x69, 0x96, 0x69,
        0x69, 0x96, 0x69, 0x96, 0x69, 0x96, 0x69, 0x96, 0x96, 0x69, 0x96, 0x69,
        0x96, 0x69, 0x96, 0x69, 0x69, 0x96, 0x69, 0x96, 0x69, 0x96, 0x69, 0x96,
        0x96, 0x69, 0x96, 0x69, 0x96, 0x69, 0x96, 0x69, 0x69, 0x96, 0x69, 0x96,
        0x69, 0x96, 0x69, 0x96, 0x96, 0x69, 0x96, 0x69, 0x96, 0x69, 0x96, 0x69,
        0x69, 0x96, 0x69, 0x96, 0x69, 0x96, 0x69, 0x96, 0x96, 0x69, 0x96, 0x69,
        0x96, 0x69, 0x96, 0x69, 0x69, 0x96, 0x69, 0x96, 0x69, 0x96, 0x69, 0x96,
        0x96, 0x96, 0x69, 0x69, 0x69, 0x69, 0x96, 0x96, 0x96, 0x96, 0x69, 0x69,
        0x69, 0x69, 0x96, 0x96, 0x96, 0x96, 0x69, 0x69, 0x69, 0x69, 0x96, 0x96,
        0x96, 0x96, 0x69, 0x69, 0x69, 0x69, 0x96, 0x96, 0x96, 0x96, 0x69, 0x69,
        0x69, 0x69, 0x96, 0x96, 0x96, 0x96, 0x69, 0x69, 0x69, 0x69, 0x96, 0x96,
        0x96, 0x96, 0x69, 0x69, 0x69, 0x69, 0x96, 0x96, 0x96, 0x96, 0x69, 0x69,
        0x69, 0x69, 0x96, 0x96, 0x96, 0x96, 0x69, 0x69, 0x69, 0x69, 0x96, 0x96,
        0x96, 0x96, 0x69, 0x69, 0x69, 0x69, 0x96, 0x96, 0x69, 0x69, 0x69, 0x69,
        0x69, 0x69, 0x69, 0x69, 0x96, 0x96, 0x96, 0x96, 0x96, 0x96, 0x96, 0x96,
        0x69, 0x69, 0x69, 0x69, 0x69, 0x69, 0x69, 0x69, 0x96, 0x96, 0x96, 0x96,
        0x96, 0x96, 0x96, 0x96, 0x69, 0x69, 0x69, 0x69, 0x69, 0x69, 0x69, 0x69,
        0x96, 0x96, 0x96, 0x96, 0x96, 0x96, 0x96, 0x96, 0x69, 0x69, 0x69, 0x69,
        0x69, 0x69, 0x69, 0x69, 0x96, 0x96, 0x96, 0x96, 0x96, 0x96, 0x96, 0x96,
        0x69, 0x69, 0x69, 0x69, 0x69, 0x69, 0x69, 0x69, 0x96, 0x96, 0x96, 0x96,
        0x96, 0x96, 0x96, 0x96, 0xa5, 0x5a, 0xa5, 0x5a, 0xa5, 0x5a, 0xa5, 0x5a,
        0xa5, 0x5a, 0xa5, 0x5a, 0xa5, 0x5a, 0xa5, 0x5a, 0xa5, 0x5a, 0xa5, 0x5a,
        0xa5, 0x5a, 0xa5, 0x5a, 0xa5, 0x5a, 0xa5, 0x5a, 0xa5, 0x5a, 0xa5, 0x5a,
        0xa5, 0x5a, 0xa5, 0x5a, 0xa5, 0x5a, 0xa5, 0x5a, 0xa5, 0x5a, 0xa5, 0x5a,
        0xa5, 0x5a, 0xa5, 0x5a, 0xa5, 0x5a, 0xa5, 0x5a, 0xa5, 0x5a, 0xa5, 0x5a,
        0xa5, 0x5a, 0xa5, 0x5a, 0xa5, 0x5a, 0xa5, 0x5a, 0xa5, 0x5a, 0xa5, 0x5a,
        0xa5, 0x5a, 0xa5, 0x5a, 0xa5, 0x5a, 0xa5, 0x5a, 0xa5, 0x5a, 0xa5, 0x5a,
        0x96, 0x96, 0x96, 0x96, 0x69, 0x69, 0x69, 0x69, 0x69, 0x69, 0x69, 0x69,
        0x96, 0x96, 0x96, 0x96, 0x96, 0x96, 0x96, 0x96, 0x69, 0x69, 0x69, 0x69,
        0x69, 0x69, 0x69, 0x69, 0x96, 0x96, 0x96, 0x96, 0x96, 0x96, 0x96, 0x96,
        0x69, 0x69, 0x69, 0x69, 0x69, 0x69, 0x69, 0x69, 0x96, 0x96, 0x96, 0x96,
        0x96, 0x96, 0x96, 0x96, 0x69, 0x69, 0x69, 0x69, 0x69, 0x69, 0x69, 0x69,
        0x96, 0x96, 0x96, 0x96, 0x96, 0x96, 0x96, 0x96, 0x69, 0x69, 0x69, 0x69,
        0x69, 0x69, 0x69, 0x69, 0x96, 0x96, 0x96, 0x96, 0x69, 0x69, 0x96, 0x96,
        0x69, 0x69, 0x96, 0x96, 0x96, 0x96, 0x69, 0x69, 0x96, 0x96, 0x69, 0x69,
        0x69, 0x69, 0x96, 0x96, 0x69, 0x69, 0x96, 0x96, 0x96, 0x96, 0x69, 0x69,
        0x96, 0x96, 0x69, 0x69, 0x69, 0x69, 0x96, 0x96, 0x69, 0x69, 0x96, 0x96,
        0x96, 0x96, 0x69, 0x69, 0x96, 0x96, 0x69, 0x69, 0x69, 0x69, 0x96, 0x96,
        0x69, 0x69, 0x96, 0x96, 0x96, 0x96, 0x69, 0x69, 0x96, 0x96, 0x69, 0x69,
        0x69, 0x69, 0x96, 0x96, 0x69, 0x69, 0x96, 0x96, 0x96, 0x96, 0x69, 0x69,
        0x96, 0x96, 0x69, 0x69, 0xcc, 0x33, 0xcc, 0x33, 0x33, 0xcc, 0x33, 0xcc,
        0xcc, 0x33, 0xcc, 0x33, 0x33, 0xcc, 0x33, 0xcc, 0xcc, 0x33, 0xcc, 0x33,
        0x33, 0xcc, 0x33, 0xcc, 0xcc, 0x33, 0xcc, 0x33, 0x33, 0xcc, 0x33, 0xcc,
        0xcc, 0x33, 0xcc, 0x33, 0x33, 0xcc, 0x33, 0xcc, 0xcc, 0x33, 0xcc, 0x33,
        0x33, 0xcc, 0x33, 0xcc, 0xcc, 0x33, 0xcc, 0x33, 0x33, 0xcc, 0x33, 0xcc,
        0xcc, 0x33, 0xcc, 0x33, 0x33, 0xcc, 0x33, 0xcc, 0xcc, 0x33, 0xcc, 0x33,
        0x33, 0xcc, 0x33, 0xcc, 0xcc, 0x33, 0xcc, 0x33, 0x33, 0xcc, 0x33, 0xcc,
        0x55, 0xaa, 0x55, 0xaa, 0xaa, 0x55, 0xaa, 0x55, 0x55, 0xaa, 0x55, 0xaa,
        0xaa, 0x55, 0xaa, 0x55, 0x55, 0xaa, 0x55, 0xaa, 0xaa, 0x55, 0xaa, 0x55,
        0x55, 0xaa, 0x55, 0xaa, 0xaa, 0x55, 0xaa, 0x55, 0x55, 0xaa, 0x55, 0xaa,
        0xaa, 0x55, 0xaa, 0x55, 0x55, 0xaa, 0x55, 0xaa, 0xaa, 0x55, 0xaa, 0x55,
        0x55, 0xaa, 0x55, 0xaa, 0xaa, 0x55, 0xaa, 0x55, 0x55, 0xaa, 0x55, 0xaa,
        0xaa, 0x55, 0xaa, 0x55, 0x55, 0xaa, 0x55, 0xaa, 0xaa, 0x55, 0xaa, 0x55,
        0x55, 0xaa, 0x55, 0xaa, 0xaa, 0x55, 0xaa, 0x55, 0xa5, 0x5a, 0x5a, 0xa5,
        0x5a, 0xa5, 0xa5, 0x5a, 0x5a, 0xa5, 0xa5, 0x5a, 0xa5, 0x5a, 0x5a, 0xa5,
        0xa5, 0x5a, 0x5a, 0xa5, 0x5a, 0xa5, 0xa5, 0x5a, 0x5a, 0xa5, 0xa5, 0x5a,
        0xa5, 0x5a, 0x5a, 0xa5, 0xa5, 0x5a, 0x5a, 0xa5, 0x5a, 0xa5, 0xa5, 0x5a,
        0x5a, 0xa5, 0xa5, 0x5a, 0xa5, 0x5a, 0x5a, 0xa5, 0xa5, 0x5a, 0x5a, 0xa5,
        0x5a, 0xa5, 0xa5, 0x5a, 0x5a, 0xa5, 0xa5, 0x5a, 0xa5, 0x5a, 0x5a, 0xa5,
        0xa5, 0x5a, 0x5a, 0xa5, 0x5a, 0xa5, 0xa5, 0x5a, 0x5a, 0xa5, 0xa5, 0x5a,
        0xa5, 0x5a, 0x5a, 0xa5, 0xff, 0x00, 0x00, 0xff, 0xff, 0x00, 0x00, 0xff,
        0xff, 0x00, 0x00, 0xff, 0xff, 0x00, 0x00, 0xff, 0xff, 0x00, 0x00, 0xff,
        0xff, 0x00, 0x00, 0xff, 0xff, 0x00, 0x00, 0xff, 0xff, 0x00, 0x00, 0xff,
        0xff, 0x00, 0x00, 0xff, 0xff, 0x00, 0x00, 0xff, 0xff, 0x00, 0x00, 0xff,
        0xff, 0x00, 0x00, 0xff, 0xff, 0x00, 0x00, 0xff, 0xff, 0x00, 0x00, 0xff,
        0xff, 0x00, 0x00, 0xff, 0xff, 0x00, 0x00, 0xff, 0xff, 0x00, 0x00, 0xff,
        0xff, 0x00, 0x00, 0xff, 0xff, 0x00, 0x00, 0xff, 0xff, 0x00, 0x00, 0xff,
        0x55, 0xaa, 0xaa, 0x55, 0x55, 0xaa, 0xaa, 0x55, 0x55, 0xaa, 0xaa, 0x55,
        0x55, 0xaa, 0xaa, 0x55, 0x55, 0xaa, 0xaa, 0x55, 0x55, 0xaa, 0xaa, 0x55,
        0x55, 0xaa, 0xaa, 0x55, 0x55, 0xaa, 0xaa, 0x55, 0x55, 0xaa, 0xaa, 0x55,
        0x55, 0xaa, 0xaa, 0x55, 0x55, 0xaa, 0xaa, 0x55, 0x55, 0xaa, 0xaa, 0x55,
        0x55, 0xaa, 0xaa, 0x55, 0x55, 0xaa, 0xaa, 0x55, 0x55, 0xaa, 0xaa, 0x55,
        0x55, 0xaa, 0xaa, 0x55, 0x55, 0xaa, 0xaa, 0x55, 0x55, 0xaa, 0xaa, 0x55,
        0x55, 0xaa, 0xaa, 0x55, 0x55, 0xaa, 0xaa, 0x55, 0x69, 0x96, 0x69, 0x96,
        0x69, 0x96, 0x69, 0x96, 0x96, 0x69, 0x96, 0x69, 0x96, 0x69, 0x96, 0x69,
        0x69, 0x96, 0x69, 0x96, 0x69, 0x96, 0x69, 0x96, 0x96, 0x69, 0x96, 0x69,
        0x96, 0x69, 0x96, 0x69, 0x69, 0x96, 0x69, 0x96, 0x69, 0x96, 0x69, 0x96,
        0x96, 0x69, 0x96, 0x69, 0x96, 0x69, 0x96, 0x69, 0x69, 0x96, 0x69, 0x96,
        0x69, 0x96, 0x69, 0x96, 0x96, 0x69, 0x96, 0x69, 0x96, 0x69, 0x96, 0x69,
        0x69, 0x96, 0x69, 0x96, 0x69, 0x96, 0x69, 0x96, 0x96, 0x69, 0x96, 0x69,
        0x96, 0x69, 0x96, 0x69, 0xff, 0x00, 0xff, 0x00, 0x00, 0xff, 0x00, 0xff,
        0xff, 0x00, 0xff, 0x00, 0x00, 0xff, 0x00, 0xff, 0xff, 0x00, 0xff, 0x00,
        0x00, 0xff, 0x00, 0xff, 0xff, 0x00, 0xff, 0x00, 0x00, 0xff, 0x00, 0xff,
        0xff, 0x00, 0xff, 0x00, 0x00, 0xff, 0x00, 0xff, 0xff, 0x00, 0xff, 0x00,
        0x00, 0xff, 0x00, 0xff, 0xff, 0x00, 0xff, 0x00, 0x00, 0xff, 0x00, 0xff,
        0xff, 0x00, 0xff, 0x00, 0x00, 0xff, 0x00, 0xff, 0xff, 0x00, 0xff, 0x00,
        0x00, 0xff, 0x00, 0xff, 0xff, 0x00, 0xff, 0x00, 0x00, 0xff, 0x00, 0xff,
        0xa5, 0xa5, 0x5a, 0x5a, 0xa5, 0xa5, 0x5a, 0x5a, 0x5a, 0x5a, 0xa5, 0xa5,
        0x5a, 0x5a, 0xa5, 0xa5, 0xa5, 0xa5, 0x5a, 0x5a, 0xa5, 0xa5, 0x5a, 0x5a,
        0x5a, 0x5a, 0xa5, 0xa5, 0x5a, 0x5a, 0xa5, 0xa5, 0xa5, 0xa5, 0x5a, 0x5a,
        0xa5, 0xa5, 0x5a, 0x5a, 0x5a, 0x5a, 0xa5, 0xa5, 0x5a, 0x5a, 0xa5, 0xa5,
        0xa5, 0xa5, 0x5a, 0x5a, 0xa5, 0xa5, 0x5a, 0x5a, 0x5a, 0x5a, 0xa5, 0xa5,
        0x5a, 0x5a, 0xa5, 0xa5, 0xa5, 0xa5, 0x5a, 0x5a, 0xa5, 0xa5, 0x5a, 0x5a,
        0x5a, 0x5a, 0xa5, 0xa5, 0x5a, 0x5a, 0xa5, 0xa5, 0x69, 0x69, 0x69, 0x69,
        0x96, 0x96, 0x96, 0x96, 0x69, 0x69, 0x69, 0x69, 0x96, 0x96, 0x96, 0x96,
        0x69, 0x69, 0x69, 0x69, 0x96, 0x96, 0x96, 0x96, 0x69, 0x69, 0x69, 0x69,
        0x96, 0x96, 0x96, 0x96, 0x69, 0x69, 0x69, 0x69, 0x96, 0x96, 0x96, 0x96,
        0x69, 0x69, 0x69, 0x69, 0x96, 0x96, 0x96, 0x96, 0x69, 0x69, 0x69, 0x69,
        0x96, 0x96, 0x96, 0x96, 0x69, 0x69, 0x69, 0x69, 0x96, 0x96, 0x96, 0x96,
        0x69, 0x69, 0x69, 0x69, 0x96, 0x96, 0x96, 0x96, 0x69, 0x69, 0x69, 0x69,
        0x96, 0x96, 0x96, 0x96, 0x3c, 0x3c, 0xc3, 0xc3, 0x3c, 0x3c, 0xc3, 0xc3,
        0xc3, 0xc3, 0x3c, 0x3c, 0xc3, 0xc3, 0x3c, 0x3c, 0x3c, 0x3c, 0xc3, 0xc3,
        0x3c, 0x3c, 0xc3, 0xc3, 0xc3, 0xc3, 0x3c, 0x3c, 0xc3, 0xc3, 0x3c, 0x3c,
        0x3c, 0x3c, 0xc3, 0xc3, 0x3c, 0x3c, 0xc3, 0xc3, 0xc3, 0xc3, 0x3c, 0x3c,
        0xc3, 0xc3, 0x3c, 0x3c, 0x3c, 0x3c, 0xc3, 0xc3, 0x3c, 0x3c, 0xc3, 0xc3,
        0xc3, 0xc3, 0x3c, 0x3c, 0xc3, 0xc3, 0x3c, 0x3c, 0x3c, 0x3c, 0xc3, 0xc3,
        0x3c, 0x3c, 0xc3, 0xc3, 0xc3, 0xc3, 0x3c, 0x3c, 0xc3, 0xc3, 0x3c, 0x3c,
        0xf0, 0x0f, 0xf0, 0x0f, 0xf0, 0x0f, 0xf0, 0x0f, 0xf0, 0x0f, 0xf0, 0x0f,
        0xf0, 0x0f, 0xf0, 0x0f, 0xf0, 0x0f, 0xf0, 0x0f, 0xf0, 0x0f, 0xf0, 0x0f,
        0xf0, 0x0f, 0xf0, 0x0f, 0xf0, 0x0f, 0xf0, 0x0f, 0xf0, 0x0f, 0xf0, 0x0f,
        0xf0, 0x0f, 0xf0, 0x0f, 0xf0, 0x0f, 0xf0, 0x0f, 0xf0, 0x0f, 0xf0, 0x0f,
        0xf0, 0x0f, 0xf0, 0x0f, 0xf0, 0x0f, 0xf0, 0x0f, 0xf0, 0x0f, 0xf0, 0x0f,
        0xf0, 0x0f, 0xf0, 0x0f, 0xf0, 0x0f, 0xf0, 0x0f, 0xf0, 0x0f, 0xf0, 0x0f,
        0xf0, 0x0f, 0xf0, 0x0f, 0xf0, 0x0f, 0xf0, 0x0f, 0x00, 0x00, 0xff, 0xff,
        0xff, 0xff, 0x00, 0x00, 0x00, 0x00, 0xff, 0xff, 0xff, 0xff, 0x00, 0x00,
        0x00, 0x00, 0xff, 0xff, 0xff, 0xff, 0x00, 0x00, 0x00, 0x00, 0xff, 0xff,
        0xff, 0xff, 0x00, 0x00, 0x00, 0x00, 0xff, 0xff, 0xff, 0xff, 0x00, 0x00,
        0x00, 0x00, 0xff, 0xff, 0xff, 0xff, 0x00, 0x00, 0x00, 0x00, 0xff, 0xff,
        0xff, 0xff, 0x00, 0x00, 0x00, 0x00, 0xff, 0xff, 0xff, 0xff, 0x00, 0x00,
        0x00, 0x00, 0xff, 0xff, 0xff, 0xff, 0x00, 0x00, 0x00, 0x00, 0xff, 0xff,
        0xff, 0xff, 0x00, 0x00, 0xf0, 0xf0, 0x0f, 0x0f, 0x0f, 0x0f, 0xf0, 0xf0,
        0x0f, 0x0f, 0xf0, 0xf0, 0xf0, 0xf0, 0x0f, 0x0f, 0xf0, 0xf0, 0x0f, 0x0f,
        0x0f, 0x0f, 0xf0, 0xf0, 0x0f, 0x0f, 0xf0, 0xf0, 0xf0, 0xf0, 0x0f, 0x0f,
        0xf0, 0xf0, 0x0f, 0x0f, 0x0f, 0x0f, 0xf0, 0xf0, 0x0f, 0x0f, 0xf0, 0xf0,
        0xf0, 0xf0, 0x0f, 0x0f, 0xf0, 0xf0, 0x0f, 0x0f, 0x0f, 0x0f, 0xf0, 0xf0,
        0x0f, 0x0f, 0xf0, 0xf0, 0xf0, 0xf0, 0x0f, 0x0f, 0xf0, 0xf0, 0x0f, 0x0f,
        0x0f, 0x0f, 0xf0, 0xf0, 0x0f, 0x0f, 0xf0, 0xf0, 0xf0, 0xf0, 0x0f, 0x0f,
        0x66, 0x66, 0x99, 0x99, 0x66, 0x66, 0x99, 0x99, 0x99, 0x99, 0x66, 0x66,
        0x99, 0x99, 0x66, 0x66, 0x66, 0x66, 0x99, 0x99, 0x66, 0x66, 0x99, 0x99,
        0x99, 0x99, 0x66, 0x66, 0x99, 0x99, 0x66, 0x66, 0x66, 0x66, 0x99, 0x99,
        0x66, 0x66, 0x99, 0x99, 0x99, 0x99, 0x66, 0x66, 0x99, 0x99, 0x66, 0x66,
        0x66, 0x66, 0x99, 0x99, 0x66, 0x66, 0x99, 0x99, 0x99, 0x99, 0x66, 0x66,
        0x99, 0x99, 0x66, 0x66, 0x66, 0x66, 0x99, 0x99, 0x66, 0x66, 0x99, 0x99,
        0x99, 0x99, 0x66, 0x66, 0x99, 0x99, 0x66, 0x66, 0xff, 0x00, 0x00, 0xff,
        0xff, 0x00, 0x00, 0xff, 0xff, 0x00, 0x00, 0xff, 0xff, 0x00, 0x00, 0xff,
        0xff, 0x00, 0x00, 0xff, 0xff, 0x00, 0x00, 0xff, 0xff, 0x00, 0x00, 0xff,
        0xff, 0x00, 0x00, 0xff, 0xff, 0x00, 0x00, 0xff, 0xff, 0x00, 0x00, 0xff,
        0xff, 0x00, 0x00, 0xff, 0xff, 0x00, 0x00, 0xff, 0xff, 0x00, 0x00, 0xff,
        0xff, 0x00, 0x00, 0xff, 0xff, 0x00, 0x00, 0xff, 0xff, 0x00, 0x00, 0xff,
        0xff, 0x00, 0x00, 0xff, 0xff, 0x00, 0x00, 0xff, 0xff, 0x00, 0x00, 0xff,
        0xff, 0x00, 0x00, 0xff, 0x69, 0x69, 0x69, 0x69, 0x96, 0x96, 0x96, 0x96,
        0x69, 0x69, 0x69, 0x69, 0x96, 0x96, 0x96, 0x96, 0x69, 0x69, 0x69, 0x69,
        0x96, 0x96, 0x96, 0x96, 0x69, 0x69, 0x69, 0x69, 0x96, 0x96, 0x96, 0x96,
        0x69, 0x69, 0x69, 0x69, 0x96, 0x96, 0x96, 0x96, 0x69, 0x69, 0x69, 0x69,
        0x96, 0x96, 0x96, 0x96, 0x69, 0x69, 0x69, 0x69, 0x96, 0x96, 0x96, 0x96,
        0x69, 0x69, 0x69, 0x69, 0x96, 0x96, 0x96, 0x96, 0x69, 0x69, 0x69, 0x69,
        0x96, 0x96, 0x96, 0x96, 0x69, 0x69, 0x69, 0x69, 0x96, 0x96, 0x96, 0x96,
        0xaa, 0x55, 0x55, 0xaa, 0xaa, 0x55, 0x55, 0xaa, 0xaa, 0x55, 0x55, 0xaa,
        0xaa, 0x55, 0x55, 0xaa, 0xaa, 0x55, 0x55, 0xaa, 0xaa, 0x55, 0x55, 0xaa,
        0xaa, 0x55, 0x55, 0xaa, 0xaa, 0x55, 0x55, 0xaa, 0xaa, 0x55, 0x55, 0xaa,
        0xaa, 0x55, 0x55, 0xaa, 0xaa, 0x55, 0x55, 0xaa, 0xaa, 0x55, 0x55, 0xaa,
        0xaa, 0x55, 0x55, 0xaa, 0xaa, 0x55, 0x55, 0xaa, 0xaa, 0x55, 0x55, 0xaa,
        0xaa, 0x55, 0x55, 0xaa, 0xaa, 0x55, 0x55, 0xaa, 0xaa, 0x55, 0x55, 0xaa,
        0xaa, 0x55, 0x55, 0xaa, 0xaa, 0x55, 0x55, 0xaa, 0x33, 0xcc, 0x33, 0xcc,
        0x33, 0xcc, 0x33, 0xcc, 0x33, 0xcc, 0x33, 0xcc, 0x33, 0xcc, 0x33, 0xcc,
        0x33, 0xcc, 0x33, 0xcc, 0x33, 0xcc, 0x33, 0xcc, 0x33, 0xcc, 0x33, 0xcc,
        0x33, 0xcc, 0x33, 0xcc, 0x33, 0xcc, 0x33, 0xcc, 0x33, 0xcc, 0x33, 0xcc,
        0x33, 0xcc, 0x33, 0xcc, 0x33, 0xcc, 0x33, 0xcc, 0x33, 0xcc, 0x33, 0xcc,
        0x33, 0xcc, 0x33, 0xcc, 0x33, 0xcc, 0x33, 0xcc, 0x33, 0xcc, 0x33, 0xcc,
        0x33, 0xcc, 0x33, 0xcc, 0x33, 0xcc, 0x33, 0xcc, 0x33, 0xcc, 0x33, 0xcc,
        0x33, 0xcc, 0x33, 0xcc, 0x69, 0x69, 0x96, 0x96, 0x69, 0x69, 0x96, 0x96,
        0x69, 0x69, 0x96, 0x96, 0x69, 0x69, 0x96, 0x96, 0x69, 0x69, 0x96, 0x96,
        0x69, 0x69, 0x96, 0x96, 0x69, 0x69, 0x96, 0x96, 0x69, 0x69, 0x96, 0x96,
        0x69, 0x69, 0x96, 0x96, 0x69, 0x69, 0x96, 0x96, 0x69, 0x69, 0x96, 0x96,
        0x69, 0x69, 0x96, 0x96, 0x69, 0x69, 0x96, 0x96, 0x69, 0x69, 0x96, 0x96,
        0x69, 0x69, 0x96, 0x96, 0x69, 0x69, 0x96, 0x96, 0x69, 0x69, 0x96, 0x96,
        0x69, 0x69, 0x96, 0x96, 0x69, 0x69, 0x96, 0x96, 0x69, 0x69, 0x96, 0x96,
        0x99, 0x66, 0x66, 0x99, 0x66, 0x99, 0x99, 0x66, 0x66, 0x99, 0x99, 0x66,
        0x99, 0x66, 0x66, 0x99, 0x99, 0x66, 0x66, 0x99, 0x66, 0x99, 0x99, 0x66,
        0x66, 0x99, 0x99, 0x66, 0x99, 0x66, 0x66, 0x99, 0x99, 0x66, 0x66, 0x99,
        0x66, 0x99, 0x99, 0x66, 0x66, 0x99, 0x99, 0x66, 0x99, 0x66, 0x66, 0x99,
        0x99, 0x66, 0x66, 0x99, 0x66, 0x99, 0x99, 0x66, 0x66, 0x99, 0x99, 0x66,
        0x99, 0x66, 0x66, 0x99, 0x99, 0x66, 0x66, 0x99, 0x66, 0x99, 0x99, 0x66,
        0x66, 0x99, 0x99, 0x66, 0x99, 0x66, 0x66, 0x99, 0xa5, 0x5a, 0x5a, 0xa5,
        0x5a, 0xa5, 0xa5, 0x5a, 0x5a, 0xa5, 0xa5, 0x5a, 0xa5, 0x5a, 0x5a, 0xa5,
        0xa5, 0x5a, 0x5a, 0xa5, 0x5a, 0xa5, 0xa5, 0x5a, 0x5a, 0xa5, 0xa5, 0x5a,
        0xa5, 0x5a, 0x5a, 0xa5, 0xa5, 0x5a, 0x5a, 0xa5, 0x5a, 0xa5, 0xa5, 0x5a,
        0x5a, 0xa5, 0xa5, 0x5a, 0xa5, 0x5a, 0x5a, 0xa5, 0xa5, 0x5a, 0x5a, 0xa5,
        0x5a, 0xa5, 0xa5, 0x5a, 0x5a, 0xa5, 0xa5, 0x5a, 0xa5, 0x5a, 0x5a, 0xa5,
        0xa5, 0x5a, 0x5a, 0xa5, 0x5a, 0xa5, 0xa5, 0x5a, 0x5a, 0xa5, 0xa5, 0x5a,
        0xa5, 0x5a, 0x5a, 0xa5, 0xcc, 0x33, 0x33, 0xcc, 0xcc, 0x33, 0x33, 0xcc,
        0x33, 0xcc, 0xcc, 0x33, 0x33, 0xcc, 0xcc, 0x33, 0xcc, 0x33, 0x33, 0xcc,
        0xcc, 0x33, 0x33, 0xcc, 0x33, 0xcc, 0xcc, 0x33, 0x33, 0xcc, 0xcc, 0x33,
        0xcc, 0x33, 0x33, 0xcc, 0xcc, 0x33, 0x33, 0xcc, 0x33, 0xcc, 0xcc, 0x33,
        0x33, 0xcc, 0xcc, 0x33, 0xcc, 0x33, 0x33, 0xcc, 0xcc, 0x33, 0x33, 0xcc,
        0x33, 0xcc, 0xcc, 0x33, 0x33, 0xcc, 0xcc, 0x33, 0xcc, 0x33, 0x33, 0xcc,
        0xcc, 0x33, 0x33, 0xcc, 0x33, 0xcc, 0xcc, 0x33, 0x33, 0xcc, 0xcc, 0x33,
        0x55, 0xaa, 0x55, 0xaa, 0x55, 0xaa, 0x55, 0xaa, 0x55, 0xaa, 0x55, 0xaa,
        0x55, 0xaa, 0x55, 0xaa, 0x55, 0xaa, 0x55, 0xaa, 0x55, 0xaa, 0x55, 0xaa,
        0x55, 0xaa, 0x55, 0xaa, 0x55, 0xaa, 0x55, 0xaa, 0x55, 0xaa, 0x55, 0xaa,
        0x55, 0xaa, 0x55, 0xaa, 0x55, 0xaa, 0x55, 0xaa, 0x55, 0xaa, 0x55, 0xaa,
        0x55, 0xaa, 0x55, 0xaa, 0x55, 0xaa, 0x55, 0xaa, 0x55, 0xaa, 0x55, 0xaa,
        0x55, 0xaa, 0x55, 0xaa, 0x55, 0xaa, 0x55, 0xaa, 0x55, 0xaa, 0x55, 0xaa,
        0x55, 0xaa, 0x55, 0xaa, 0x55, 0xaa, 0x55, 0xaa, 0x69, 0x96, 0x96, 0x69,
        0x96, 0x69, 0x69, 0x96, 0x69, 0x96, 0x96, 0x69, 0x96, 0x69, 0x69, 0x96,
        0x69, 0x96, 0x96, 0x69, 0x96, 0x69, 0x69, 0x96, 0x69, 0x96, 0x96, 0x69,
        0x96, 0x69, 0x69, 0x96, 0x69, 0x96, 0x96, 0x69, 0x96, 0x69, 0x69, 0x96,
        0x69, 0x96, 0x96, 0x69, 0x96, 0x69, 0x69, 0x96, 0x69, 0x96, 0x96, 0x69,
        0x96, 0x69, 0x69, 0x96, 0x69, 0x96, 0x96, 0x69, 0x96, 0x69, 0x69, 0x96,
        0x69, 0x96, 0x96, 0x69, 0x96, 0x69, 0x69, 0x96, 0x69, 0x96, 0x96, 0x69,
        0x96, 0x69, 0x69, 0x96, 0x00, 0x00, 0x00, 0x00, 0x00, 0x00, 0x00, 0x00,
        0x00, 0x00, 0x00, 0x00, 0x00, 0x00, 0x00, 0x00, 0x00, 0x00, 0x00, 0x00,
        0x00, 0x00, 0x00, 0x00, 0x00, 0x00, 0x00, 0x00, 0x00, 0x00, 0x00, 0x00,
        0x00, 0x00, 0x00, 0x00, 0x00, 0x00, 0x00, 0x00, 0x00, 0x00, 0x00, 0x00,
        0x00, 0x00, 0x00, 0x00, 0x00, 0x00, 0x00, 0x00, 0x00, 0x00, 0x00, 0x00,
        0x00, 0x00, 0x00, 0x00, 0x00, 0x00, 0x00, 0x00, 0x00, 0x00, 0x00, 0x00,
        0x00, 0x00, 0x00, 0x00, 0x00, 0x00, 0x00, 0x00, 0x00, 0x00, 0x00, 0x00,
        0x55, 0x55, 0x55, 0x55, 0xaa, 0xaa, 0xaa, 0xaa, 0xaa, 0xaa, 0xaa, 0xaa,
        0x55, 0x55, 0x55, 0x55, 0x55, 0x55, 0x55, 0x55, 0xaa, 0xaa, 0xaa, 0xaa,
        0xaa, 0xaa, 0xaa, 0xaa, 0x55, 0x55, 0x55, 0x55, 0x55, 0x55, 0x55, 0x55,
        0xaa, 0xaa, 0xaa, 0xaa, 0xaa, 0xaa, 0xaa, 0xaa, 0x55, 0x55, 0x55, 0x55,
        0x55, 0x55, 0x55, 0x55, 0xaa, 0xaa, 0xaa, 0xaa, 0xaa, 0xaa, 0xaa, 0xaa,
        0x55, 0x55, 0x55, 0x55, 0x55, 0x55, 0x55, 0x55, 0xaa, 0xaa, 0xaa, 0xaa,
        0xaa, 0xaa, 0xaa, 0xaa, 0x55, 0x55, 0x55, 0x55, 0xf0, 0xf0, 0xf0, 0xf0,
        0xf0, 0xf0, 0xf0, 0xf0, 0x0f, 0x0f, 0x0f, 0x0f, 0x0f, 0x0f, 0x0f, 0x0f,
        0xf0, 0xf0, 0xf0, 0xf0, 0xf0, 0xf0, 0xf0, 0xf0, 0x0f, 0x0f, 0x0f, 0x0f,
        0x0f, 0x0f, 0x0f, 0x0f, 0xf0, 0xf0, 0xf0, 0xf0, 0xf0, 0xf0, 0xf0, 0xf0,
        0x0f, 0x0f, 0x0f, 0x0f, 0x0f, 0x0f, 0x0f, 0x0f, 0xf0, 0xf0, 0xf0, 0xf0,
        0xf0, 0xf0, 0xf0, 0xf0, 0x0f, 0x0f, 0x0f, 0x0f, 0x0f, 0x0f, 0x0f, 0x0f,
        0xf0, 0xf0, 0xf0, 0xf0, 0xf0, 0xf0, 0xf0, 0xf0, 0x0f, 0x0f, 0x0f, 0x0f,
        0x0f, 0x0f, 0x0f, 0x0f, 0x5a, 0x5a, 0xa5, 0xa5, 0x5a, 0x5a, 0xa5, 0xa5,
        0x5a, 0x5a, 0xa5, 0xa5, 0x5a, 0x5a, 0xa5, 0xa5, 0x5a, 0x5a, 0xa5, 0xa5,
        0x5a, 0x5a, 0xa5, 0xa5, 0x5a, 0x5a, 0xa5, 0xa5, 0x5a, 0x5a, 0xa5, 0xa5,
        0x5a, 0x5a, 0xa5, 0xa5, 0x5a, 0x5a, 0xa5, 0xa5, 0x5a, 0x5a, 0xa5, 0xa5,
        0x5a, 0x5a, 0xa5, 0xa5, 0x5a, 0x5a, 0xa5, 0xa5, 0x5a, 0x5a, 0xa5, 0xa5,
        0x5a, 0x5a, 0xa5, 0xa5, 0x5a, 0x5a, 0xa5, 0xa5, 0x5a, 0x5a, 0xa5, 0xa5,
        0x5a, 0x5a, 0xa5, 0xa5, 0x5a, 0x5a, 0xa5, 0xa5, 0x5a, 0x5a, 0xa5, 0xa5,
        0x0f, 0x0f, 0x0f, 0x0f, 0xf0, 0xf0, 0xf0, 0xf0, 0xf0, 0xf0, 0xf0, 0xf0,
        0x0f, 0x0f, 0x0f, 0x0f, 0x0f, 0x0f, 0x0f, 0x0f, 0xf0, 0xf0, 0xf0, 0xf0,
        0xf0, 0xf0, 0xf0, 0xf0, 0x0f, 0x0f, 0x0f, 0x0f, 0x0f, 0x0f, 0x0f, 0x0f,
        0xf0, 0xf0, 0xf0, 0xf0, 0xf0, 0xf0, 0xf0, 0xf0, 0x0f, 0x0f, 0x0f, 0x0f,
        0x0f, 0x0f, 0x0f, 0x0f, 0xf0, 0xf0, 0xf0, 0xf0, 0xf0, 0xf0, 0xf0, 0xf0,
        0x0f, 0x0f, 0x0f, 0x0f, 0x0f, 0x0f, 0x0f, 0x0f, 0xf0, 0xf0, 0xf0, 0xf0,
        0xf0, 0xf0, 0xf0, 0xf0, 0x0f, 0x0f, 0x0f, 0x0f, 0xf0, 0xf0, 0xf0, 0xf0,
        0xf0, 0xf0, 0xf0, 0xf0, 0xf0, 0xf0, 0xf0, 0xf0, 0xf0, 0xf0, 0xf0, 0xf0,
        0xf0, 0xf0, 0xf0, 0xf0, 0xf0, 0xf0, 0xf0, 0xf0, 0xf0, 0xf0, 0xf0, 0xf0,
        0xf0, 0xf0, 0xf0, 0xf0, 0xf0, 0xf0, 0xf0, 0xf0, 0xf0, 0xf0, 0xf0, 0xf0,
        0xf0, 0xf0, 0xf0, 0xf0, 0xf0, 0xf0, 0xf0, 0xf0, 0xf0, 0xf0, 0xf0, 0xf0,
        0xf0, 0xf0, 0xf0, 0xf0, 0xf0, 0xf0, 0xf0, 0xf0, 0xf0, 0xf0, 0xf0, 0xf0,
        0xf0, 0xf0, 0xf0, 0xf0, 0xf0, 0xf0, 0xf0, 0xf0, 0xf0, 0xf0, 0xf0, 0xf0,
        0xf0, 0xf0, 0xf0, 0xf0, 0x69, 0x96, 0x69, 0x96, 0x96, 0x69, 0x96, 0x69,
        0x69, 0x96, 0x69, 0x96, 0x96, 0x69, 0x96, 0x69, 0x69, 0x96, 0x69, 0x96,
        0x96, 0x69, 0x96, 0x69, 0x69, 0x96, 0x69, 0x96, 0x96, 0x69, 0x96, 0x69,
        0x69, 0x96, 0x69, 0x96, 0x96, 0x69, 0x96, 0x69, 0x69, 0x96, 0x69, 0x96,
        0x96, 0x69, 0x96, 0x69, 0x69, 0x96, 0x69, 0x96, 0x96, 0x69, 0x96, 0x69,
        0x69, 0x96, 0x69, 0x96, 0x96, 0x69, 0x96, 0x69, 0x69, 0x96, 0x69, 0x96,
        0x96, 0x69, 0x96, 0x69, 0x69, 0x96, 0x69, 0x96, 0x96, 0x69, 0x96, 0x69,
        0xaa, 0x55, 0x55, 0xaa, 0x55, 0xaa, 0xaa, 0x55, 0xaa, 0x55, 0x55, 0xaa,
        0x55, 0xaa, 0xaa, 0x55, 0xaa, 0x55, 0x55, 0xaa, 0x55, 0xaa, 0xaa, 0x55,
        0xaa, 0x55, 0x55, 0xaa, 0x55, 0xaa, 0xaa, 0x55, 0xaa, 0x55, 0x55, 0xaa,
        0x55, 0xaa, 0xaa, 0x55, 0xaa, 0x55, 0x55, 0xaa, 0x55, 0xaa, 0xaa, 0x55,
        0xaa, 0x55, 0x55, 0xaa, 0x55, 0xaa, 0xaa, 0x55, 0xaa, 0x55, 0x55, 0xaa,
        0x55, 0xaa, 0xaa, 0x55, 0xaa, 0x55, 0x55, 0xaa, 0x55, 0xaa, 0xaa, 0x55,
        0xaa, 0x55, 0x55, 0xaa, 0x55, 0xaa, 0xaa, 0x55, 0xcc, 0xcc, 0xcc, 0xcc,
        0x33, 0x33, 0x33, 0x33, 0xcc, 0xcc, 0xcc, 0xcc, 0x33, 0x33, 0x33, 0x33,
        0xcc, 0xcc, 0xcc, 0xcc, 0x33, 0x33, 0x33, 0x33, 0xcc, 0xcc, 0xcc, 0xcc,
        0x33, 0x33, 0x33, 0x33, 0xcc, 0xcc, 0xcc, 0xcc, 0x33, 0x33, 0x33, 0x33,
        0xcc, 0xcc, 0xcc, 0xcc, 0x33, 0x33, 0x33, 0x33, 0xcc, 0xcc, 0xcc, 0xcc,
        0x33, 0x33, 0x33, 0x33, 0xcc, 0xcc, 0xcc, 0xcc, 0x33, 0x33, 0x33, 0x33,
        0xcc, 0xcc, 0xcc, 0xcc, 0x33, 0x33, 0x33, 0x33, 0xcc, 0xcc, 0xcc, 0xcc,
        0x33, 0x33, 0x33, 0x33, 0xff, 0x00, 0x00, 0xff, 0xff, 0x00, 0x00, 0xff,
        0x00, 0xff, 0xff, 0x00, 0x00, 0xff, 0xff, 0x00, 0xff, 0x00, 0x00, 0xff,
        0xff, 0x00, 0x00, 0xff, 0x00, 0xff, 0xff, 0x00, 0x00, 0xff, 0xff, 0x00,
        0xff, 0x00, 0x00, 0xff, 0xff, 0x00, 0x00, 0xff, 0x00, 0xff, 0xff, 0x00,
        0x00, 0xff, 0xff, 0x00, 0xff, 0x00, 0x00, 0xff, 0xff, 0x00, 0x00, 0xff,
        0x00, 0xff, 0xff, 0x00, 0x00, 0xff, 0xff, 0x00, 0xff, 0x00, 0x00, 0xff,
        0xff, 0x00, 0x00, 0xff, 0x00, 0xff, 0xff, 0x00, 0x00, 0xff, 0xff, 0x00,
        0xf0, 0xf0, 0xf0, 0xf0, 0x0f, 0x0f, 0x0f, 0x0f, 0x0f, 0x0f, 0x0f, 0x0f,
        0xf0, 0xf0, 0xf0, 0xf0, 0xf0, 0xf0, 0xf0, 0xf0, 0x0f, 0x0f, 0x0f, 0x0f,
        0x0f, 0x0f, 0x0f, 0x0f, 0xf0, 0xf0, 0xf0, 0xf0, 0xf0, 0xf0, 0xf0, 0xf0,
        0x0f, 0x0f, 0x0f, 0x0f, 0x0f, 0x0f, 0x0f, 0x0f, 0xf0, 0xf0, 0xf0, 0xf0,
        0xf0, 0xf0, 0xf0, 0xf0, 0x0f, 0x0f, 0x0f, 0x0f, 0x0f, 0x0f, 0x0f, 0x0f,
        0xf0, 0xf0, 0xf0, 0xf0, 0xf0, 0xf0, 0xf0, 0xf0, 0x0f, 0x0f, 0x0f, 0x0f,
        0x0f, 0x0f, 0x0f, 0x0f, 0xf0, 0xf0, 0xf0, 0xf0, 0xa5, 0x5a, 0x5a, 0xa5,
        0xa5, 0x5a, 0x5a, 0xa5, 0x5a, 0xa5, 0xa5, 0x5a, 0x5a, 0xa5, 0xa5, 0x5a,
        0xa5, 0x5a, 0x5a, 0xa5, 0xa5, 0x5a, 0x5a, 0xa5, 0x5a, 0xa5, 0xa5, 0x5a,
        0x5a, 0xa5, 0xa5, 0x5a, 0xa5, 0x5a, 0x5a, 0xa5, 0xa5, 0x5a, 0x5a, 0xa5,
        0x5a, 0xa5, 0xa5, 0x5a, 0x5a, 0xa5, 0xa5, 0x5a, 0xa5, 0x5a, 0x5a, 0xa5,
        0xa5, 0x5a, 0x5a, 0xa5, 0x5a, 0xa5, 0xa5, 0x5a, 0x5a, 0xa5, 0xa5, 0x5a,
        0xa5, 0x5a, 0x5a, 0xa5, 0xa5, 0x5a, 0x5a, 0xa5, 0x5a, 0xa5, 0xa5, 0x5a,
        0x5a, 0xa5, 0xa5, 0x5a, 0x3c, 0x3c, 0xc3, 0xc3, 0xc3, 0xc3, 0x3c, 0x3c,
        0x3c, 0x3c, 0xc3, 0xc3, 0xc3, 0xc3, 0x3c, 0x3c, 0x3c, 0x3c, 0xc3, 0xc3,
        0xc3, 0xc3, 0x3c, 0x3c, 0x3c, 0x3c, 0xc3, 0xc3, 0xc3, 0xc3, 0x3c, 0x3c,
        0x3c, 0x3c, 0xc3, 0xc3, 0xc3, 0xc3, 0x3c, 0x3c, 0x3c, 0x3c, 0xc3, 0xc3,
        0xc3, 0xc3, 0x3c, 0x3c, 0x3c, 0x3c, 0xc3, 0xc3, 0xc3, 0xc3, 0x3c, 0x3c,
        0x3c, 0x3c, 0xc3, 0xc3, 0xc3, 0xc3, 0x3c, 0x3c, 0x3c, 0x3c, 0xc3, 0xc3,
        0xc3, 0xc3, 0x3c, 0x3c, 0x3c, 0x3c, 0xc3, 0xc3, 0xc3, 0xc3, 0x3c, 0x3c,
        0x55, 0x55, 0xaa, 0xaa, 0x55, 0x55, 0xaa, 0xaa, 0xaa, 0xaa, 0x55, 0x55,
        0xaa, 0xaa, 0x55, 0x55, 0x55, 0x55, 0xaa, 0xaa, 0x55, 0x55, 0xaa, 0xaa,
        0xaa, 0xaa, 0x55, 0x55, 0xaa, 0xaa, 0x55, 0x55, 0x55, 0x55, 0xaa, 0xaa,
        0x55, 0x55, 0xaa, 0xaa, 0xaa, 0xaa, 0x55, 0x55, 0xaa, 0xaa, 0x55, 0x55,
        0x55, 0x55, 0xaa, 0xaa, 0x55, 0x55, 0xaa, 0xaa, 0xaa, 0xaa, 0x55, 0x55,
        0xaa, 0xaa, 0x55, 0x55, 0x55, 0x55, 0xaa, 0xaa, 0x55, 0x55, 0xaa, 0xaa,
        0xaa, 0xaa, 0x55, 0x55, 0xaa, 0xaa, 0x55, 0x55, 0xa5, 0xa5, 0xa5, 0xa5,
        0x5a, 0x5a, 0x5a, 0x5a, 0xa5, 0xa5, 0xa5, 0xa5, 0x5a, 0x5a, 0x5a, 0x5a,
        0xa5, 0xa5, 0xa5, 0xa5, 0x5a, 0x5a, 0x5a, 0x5a, 0xa5, 0xa5, 0xa5, 0xa5,
        0x5a, 0x5a, 0x5a, 0x5a, 0xa5, 0xa5, 0xa5, 0xa5, 0x5a, 0x5a, 0x5a, 0x5a,
        0xa5, 0xa5, 0xa5, 0xa5, 0x5a, 0x5a, 0x5a, 0x5a, 0xa5, 0xa5, 0xa5, 0xa5,
        0x5a, 0x5a, 0x5a, 0x5a, 0xa5, 0xa5, 0xa5, 0xa5, 0x5a, 0x5a, 0x5a, 0x5a,
        0xa5, 0xa5, 0xa5, 0xa5, 0x5a, 0x5a, 0x5a, 0x5a, 0xa5, 0xa5, 0xa5, 0xa5,
        0x5a, 0x5a, 0x5a, 0x5a, 0xf0, 0xf0, 0xf0, 0xf0, 0x0f, 0x0f, 0x0f, 0x0f,
        0x0f, 0x0f, 0x0f, 0x0f, 0xf0, 0xf0, 0xf0, 0xf0, 0xf0, 0xf0, 0xf0, 0xf0,
        0x0f, 0x0f, 0x0f, 0x0f, 0x0f, 0x0f, 0x0f, 0x0f, 0xf0, 0xf0, 0xf0, 0xf0,
        0xf0, 0xf0, 0xf0, 0xf0, 0x0f, 0x0f, 0x0f, 0x0f, 0x0f, 0x0f, 0x0f, 0x0f,
        0xf0, 0xf0, 0xf0, 0xf0, 0xf0, 0xf0, 0xf0, 0xf0, 0x0f, 0x0f, 0x0f, 0x0f,
        0x0f, 0x0f, 0x0f, 0x0f, 0xf0, 0xf0, 0xf0, 0xf0, 0xf0, 0xf0, 0xf0, 0xf0,
        0x0f, 0x0f, 0x0f, 0x0f, 0x0f, 0x0f, 0x0f, 0x0f, 0xf0, 0xf0, 0xf0, 0xf0,
        0xc3, 0xc3, 0xc3, 0xc3, 0x3c, 0x3c, 0x3c, 0x3c, 0xc3, 0xc3, 0xc3, 0xc3,
        0x3c, 0x3c, 0x3c, 0x3c, 0xc3, 0xc3, 0xc3, 0xc3, 0x3c, 0x3c, 0x3c, 0x3c,
        0xc3, 0xc3, 0xc3, 0xc3, 0x3c, 0x3c, 0x3c, 0x3c, 0xc3, 0xc3, 0xc3, 0xc3,
        0x3c, 0x3c, 0x3c, 0x3c, 0xc3, 0xc3, 0xc3, 0xc3, 0x3c, 0x3c, 0x3c, 0x3c,
        0xc3, 0xc3, 0xc3, 0xc3, 0x3c, 0x3c, 0x3c, 0x3c, 0xc3, 0xc3, 0xc3, 0xc3,
        0x3c, 0x3c, 0x3c, 0x3c, 0xc3, 0xc3, 0xc3, 0xc3, 0x3c, 0x3c, 0x3c, 0x3c,
        0xc3, 0xc3, 0xc3, 0xc3, 0x3c, 0x3c, 0x3c, 0x3c, 0xcc, 0xcc, 0xcc, 0xcc,
        0xcc, 0xcc, 0xcc, 0xcc, 0xcc, 0xcc, 0xcc, 0xcc, 0xcc, 0xcc, 0xcc, 0xcc,
        0xcc, 0xcc, 0xcc, 0xcc, 0xcc, 0xcc, 0xcc, 0xcc, 0xcc, 0xcc, 0xcc, 0xcc,
        0xcc, 0xcc, 0xcc, 0xcc, 0xcc, 0xcc, 0xcc, 0xcc, 0xcc, 0xcc, 0xcc, 0xcc,
        0xcc, 0xcc, 0xcc, 0xcc, 0xcc, 0xcc, 0xcc, 0xcc, 0xcc, 0xcc, 0xcc, 0xcc,
        0xcc, 0xcc, 0xcc, 0xcc, 0xcc, 0xcc, 0xcc, 0xcc, 0xcc, 0xcc, 0xcc, 0xcc,
        0xcc, 0xcc, 0xcc, 0xcc, 0xcc, 0xcc, 0xcc, 0xcc, 0xcc, 0xcc, 0xcc, 0xcc,
        0xcc, 0xcc, 0xcc, 0xcc, 0xcc, 0x33, 0x33, 0xcc, 0xcc, 0x33, 0x33, 0xcc,
        0xcc, 0x33, 0x33, 0xcc, 0xcc, 0x33, 0x33, 0xcc, 0xcc, 0x33, 0x33, 0xcc,
        0xcc, 0x33, 0x33, 0xcc, 0xcc, 0x33, 0x33, 0xcc, 0xcc, 0x33, 0x33, 0xcc,
        0xcc, 0x33, 0x33, 0xcc, 0xcc, 0x33, 0x33, 0xcc, 0xcc, 0x33, 0x33, 0xcc,
        0xcc, 0x33, 0x33, 0xcc, 0xcc, 0x33, 0x33, 0xcc, 0xcc, 0x33, 0x33, 0xcc,
        0xcc, 0x33, 0x33, 0xcc, 0xcc, 0x33, 0x33, 0xcc, 0xcc, 0x33, 0x33, 0xcc,
        0xcc, 0x33, 0x33, 0xcc, 0xcc, 0x33, 0x33, 0xcc, 0xcc, 0x33, 0x33, 0xcc,
        0x96, 0x69, 0x96, 0x69, 0x96, 0x69, 0x96, 0x69, 0x69, 0x96, 0x69, 0x96,
        0x69, 0x96, 0x69, 0x96, 0x96, 0x69, 0x96, 0x69, 0x96, 0x69, 0x96, 0x69,
        0x69, 0x96, 0x69, 0x96, 0x69, 0x96, 0x69, 0x96, 0x96, 0x69, 0x96, 0x69,
        0x96, 0x69, 0x96, 0x69, 0x69, 0x96, 0x69, 0x96, 0x69, 0x96, 0x69, 0x96,
        0x96, 0x69, 0x96, 0x69, 0x96, 0x69, 0x96, 0x69, 0x69, 0x96, 0x69, 0x96,
        0x69, 0x96, 0x69, 0x96, 0x96, 0x69, 0x96, 0x69, 0x96, 0x69, 0x96, 0x69,
        0x69, 0x96, 0x69, 0x96, 0x69, 0x96, 0x69, 0x96, 0x66, 0x99, 0x99, 0x66,
        0x66, 0x99, 0x99, 0x66, 0x66, 0x99, 0x99, 0x66, 0x66, 0x99, 0x99, 0x66,
        0x66, 0x99, 0x99, 0x66, 0x66, 0x99, 0x99, 0x66, 0x66, 0x99, 0x99, 0x66,
        0x66, 0x99, 0x99, 0x66, 0x66, 0x99, 0x99, 0x66, 0x66, 0x99, 0x99, 0x66,
        0x66, 0x99, 0x99, 0x66, 0x66, 0x99, 0x99, 0x66, 0x66, 0x99, 0x99, 0x66,
        0x66, 0x99, 0x99, 0x66, 0x66, 0x99, 0x99, 0x66, 0x66, 0x99, 0x99, 0x66,
        0x66, 0x99, 0x99, 0x66, 0x66, 0x99, 0x99, 0x66, 0x66, 0x99, 0x99, 0x66,
        0x66, 0x99, 0x99, 0x66, 0xc3, 0x3c, 0xc3, 0x3c, 0x3c, 0xc3, 0x3c, 0xc3,
        0x3c, 0xc3, 0x3c, 0xc3, 0xc3, 0x3c, 0xc3, 0x3c, 0xc3, 0x3c, 0xc3, 0x3c,
        0x3c, 0xc3, 0x3c, 0xc3, 0x3c, 0xc3, 0x3c, 0xc3, 0xc3, 0x3c, 0xc3, 0x3c,
        0xc3, 0x3c, 0xc3, 0x3c, 0x3c, 0xc3, 0x3c, 0xc3, 0x3c, 0xc3, 0x3c, 0xc3,
        0xc3, 0x3c, 0xc3, 0x3c, 0xc3, 0x3c, 0xc3, 0x3c, 0x3c, 0xc3, 0x3c, 0xc3,
        0x3c, 0xc3, 0x3c, 0xc3, 0xc3, 0x3c, 0xc3, 0x3c, 0xc3, 0x3c, 0xc3, 0x3c,
        0x3c, 0xc3, 0x3c, 0xc3, 0x3c, 0xc3, 0x3c, 0xc3, 0xc3, 0x3c, 0xc3, 0x3c,
        0xcc, 0x33, 0x33, 0xcc, 0xcc, 0x33, 0x33, 0xcc, 0xcc, 0x33, 0x33, 0xcc,
        0xcc, 0x33, 0x33, 0xcc, 0xcc, 0x33, 0x33, 0xcc, 0xcc, 0x33, 0x33, 0xcc,
        0xcc, 0x33, 0x33, 0xcc, 0xcc, 0x33, 0x33, 0xcc, 0xcc, 0x33, 0x33, 0xcc,
        0xcc, 0x33, 0x33, 0xcc, 0xcc, 0x33, 0x33, 0xcc, 0xcc, 0x33, 0x33, 0xcc,
        0xcc, 0x33, 0x33, 0xcc, 0xcc, 0x33, 0x33, 0xcc, 0xcc, 0x33, 0x33, 0xcc,
        0xcc, 0x33, 0x33, 0xcc, 0xcc, 0x33, 0x33, 0xcc, 0xcc, 0x33, 0x33, 0xcc,
        0xcc, 0x33, 0x33, 0xcc, 0xcc, 0x33, 0x33, 0xcc, 0x69, 0x69, 0x96, 0x96,
        0x69, 0x69, 0x96, 0x96, 0x96, 0x96, 0x69, 0x69, 0x96, 0x96, 0x69, 0x69,
        0x69, 0x69, 0x96, 0x96, 0x69, 0x69, 0x96, 0x96, 0x96, 0x96, 0x69, 0x69,
        0x96, 0x96, 0x69, 0x69, 0x69, 0x69, 0x96, 0x96, 0x69, 0x69, 0x96, 0x96,
        0x96, 0x96, 0x69, 0x69, 0x96, 0x96, 0x69, 0x69, 0x69, 0x69, 0x96, 0x96,
        0x69, 0x69, 0x96, 0x96, 0x96, 0x96, 0x69, 0x69, 0x96, 0x96, 0x69, 0x69,
        0x69, 0x69, 0x96, 0x96, 0x69, 0x69, 0x96, 0x96, 0x96, 0x96, 0x69, 0x69,
        0x96, 0x96, 0x69, 0x69, 0x66, 0x99, 0x99, 0x66, 0x66, 0x99, 0x99, 0x66,
        0x99, 0x66, 0x66, 0x99, 0x99, 0x66, 0x66, 0x99, 0x66, 0x99, 0x99, 0x66,
        0x66, 0x99, 0x99, 0x66, 0x99, 0x66, 0x66, 0x99, 0x99, 0x66, 0x66, 0x99,
        0x66, 0x99, 0x99, 0x66, 0x66, 0x99, 0x99, 0x66, 0x99, 0x66, 0x66, 0x99,
        0x99, 0x66, 0x66, 0x99, 0x66, 0x99, 0x99, 0x66, 0x66, 0x99, 0x99, 0x66,
        0x99, 0x66, 0x66, 0x99, 0x99, 0x66, 0x66, 0x99, 0x66, 0x99, 0x99, 0x66,
        0x66, 0x99, 0x99, 0x66, 0x99, 0x66, 0x66, 0x99, 0x99, 0x66, 0x66, 0x99,
        0x5a, 0x5a, 0x5a, 0x5a, 0xa5, 0xa5, 0xa5, 0xa5, 0x5a, 0x5a, 0x5a, 0x5a,
        0xa5, 0xa5, 0xa5, 0xa5, 0x5a, 0x5a, 0x5a, 0x5a, 0xa5, 0xa5, 0xa5, 0xa5,
        0x5a, 0x5a, 0x5a, 0x5a, 0xa5, 0xa5, 0xa5, 0xa5, 0x5a, 0x5a, 0x5a, 0x5a,
        0xa5, 0xa5, 0xa5, 0xa5, 0x5a, 0x5a, 0x5a, 0x5a, 0xa5, 0xa5, 0xa5, 0xa5,
        0x5a, 0x5a, 0x5a, 0x5a, 0xa5, 0xa5, 0xa5, 0xa5, 0x5a, 0x5a, 0x5a, 0x5a,
        0xa5, 0xa5, 0xa5, 0xa5, 0x5a, 0x5a, 0x5a, 0x5a, 0xa5, 0xa5, 0xa5, 0xa5,
        0x5a, 0x5a, 0x5a, 0x5a, 0xa5, 0xa5, 0xa5, 0xa5, 0xc3, 0xc3, 0xc3, 0xc3,
        0x3c, 0x3c, 0x3c, 0x3c, 0x3c, 0x3c, 0x3c, 0x3c, 0xc3, 0xc3, 0xc3, 0xc3,
        0xc3, 0xc3, 0xc3, 0xc3, 0x3c, 0x3c, 0x3c, 0x3c, 0x3c, 0x3c, 0x3c, 0x3c,
        0xc3, 0xc3, 0xc3, 0xc3, 0xc3, 0xc3, 0xc3, 0xc3, 0x3c, 0x3c, 0x3c, 0x3c,
        0x3c, 0x3c, 0x3c, 0x3c, 0xc3, 0xc3, 0xc3, 0xc3, 0xc3, 0xc3, 0xc3, 0xc3,
        0x3c, 0x3c, 0x3c, 0x3c, 0x3c, 0x3c, 0x3c, 0x3c, 0xc3, 0xc3, 0xc3, 0xc3,
        0xc3, 0xc3, 0xc3, 0xc3, 0x3c, 0x3c, 0x3c, 0x3c, 0x3c, 0x3c, 0x3c, 0x3c,
        0xc3, 0xc3, 0xc3, 0xc3, 0xa5, 0x5a, 0xa5, 0x5a, 0xa5, 0x5a, 0xa5, 0x5a,
        0xa5, 0x5a, 0xa5, 0x5a, 0xa5, 0x5a, 0xa5, 0x5a, 0xa5, 0x5a, 0xa5, 0x5a,
        0xa5, 0x5a, 0xa5, 0x5a, 0xa5, 0x5a, 0xa5, 0x5a, 0xa5, 0x5a, 0xa5, 0x5a,
        0xa5, 0x5a, 0xa5, 0x5a, 0xa5, 0x5a, 0xa5, 0x5a, 0xa5, 0x5a, 0xa5, 0x5a,
        0xa5, 0x5a, 0xa5, 0x5a, 0xa5, 0x5a, 0xa5, 0x5a, 0xa5, 0x5a, 0xa5, 0x5a,
        0xa5, 0x5a, 0xa5, 0x5a, 0xa5, 0x5a, 0xa5, 0x5a, 0xa5, 0x5a, 0xa5, 0x5a,
        0xa5, 0x5a, 0xa5, 0x5a, 0xa5, 0x5a, 0xa5, 0x5a, 0xa5, 0x5a, 0xa5, 0x5a,
        0xf0, 0x0f, 0x0f, 0xf0, 0x0f, 0xf0, 0xf0, 0x0f, 0xf0, 0x0f, 0x0f, 0xf0,
        0x0f, 0xf0, 0xf0, 0x0f, 0xf0, 0x0f, 0x0f, 0xf0, 0x0f, 0xf0, 0xf0, 0x0f,
        0xf0, 0x0f, 0x0f, 0xf0, 0x0f, 0xf0, 0xf0, 0x0f, 0xf0, 0x0f, 0x0f, 0xf0,
        0x0f, 0xf0, 0xf0, 0x0f, 0xf0, 0x0f, 0x0f, 0xf0, 0x0f, 0xf0, 0xf0, 0x0f,
        0xf0, 0x0f, 0x0f, 0xf0, 0x0f, 0xf0, 0xf0, 0x0f, 0xf0, 0x0f, 0x0f, 0xf0,
        0x0f, 0xf0, 0xf0, 0x0f, 0xf0, 0x0f, 0x0f, 0xf0, 0x0f, 0xf0, 0xf0, 0x0f,
        0xf0, 0x0f, 0x0f, 0xf0, 0x0f, 0xf0, 0xf0, 0x0f, 0xf0, 0x0f, 0xf0, 0x0f,
        0xf0, 0x0f, 0xf0, 0x0f, 0xf0, 0x0f, 0xf0, 0x0f, 0xf0, 0x0f, 0xf0, 0x0f,
        0xf0, 0x0f, 0xf0, 0x0f, 0xf0, 0x0f, 0xf0, 0x0f, 0xf0, 0x0f, 0xf0, 0x0f,
        0xf0, 0x0f, 0xf0, 0x0f, 0xf0, 0x0f, 0xf0, 0x0f, 0xf0, 0x0f, 0xf0, 0x0f,
        0xf0, 0x0f, 0xf0, 0x0f, 0xf0, 0x0f, 0xf0, 0x0f, 0xf0, 0x0f, 0xf0, 0x0f,
        0xf0, 0x0f, 0xf0, 0x0f, 0xf0, 0x0f, 0xf0, 0x0f, 0xf0, 0x0f, 0xf0, 0x0f,
        0xf0, 0x0f, 0xf0, 0x0f, 0xf0, 0x0f, 0xf0, 0x0f, 0xf0, 0x0f, 0xf0, 0x0f,
        0xf0, 0x0f, 0xf0, 0x0f, 0xff, 0x00, 0x00, 0xff, 0x00, 0xff, 0xff, 0x00,
        0xff, 0x00, 0x00, 0xff, 0x00, 0xff, 0xff, 0x00, 0xff, 0x00, 0x00, 0xff,
        0x00, 0xff, 0xff, 0x00, 0xff, 0x00, 0x00, 0xff, 0x00, 0xff, 0xff, 0x00,
        0xff, 0x00, 0x00, 0xff, 0x00, 0xff, 0xff, 0x00, 0xff, 0x00, 0x00, 0xff,
        0x00, 0xff, 0xff, 0x00, 0xff, 0x00, 0x00, 0xff, 0x00, 0xff, 0xff, 0x00,
        0xff, 0x00, 0x00, 0xff, 0x00, 0xff, 0xff, 0x00, 0xff, 0x00, 0x00, 0xff,
        0x00, 0xff, 0xff, 0x00, 0xff, 0x00, 0x00, 0xff, 0x00, 0xff, 0xff, 0x00,
        0xcc, 0x33, 0xcc, 0x33, 0xcc, 0x33, 0xcc, 0x33, 0xcc, 0x33, 0xcc, 0x33,
        0xcc, 0x33, 0xcc, 0x33, 0xcc, 0x33, 0xcc, 0x33, 0xcc, 0x33, 0xcc, 0x33,
        0xcc, 0x33, 0xcc, 0x33, 0xcc, 0x33, 0xcc, 0x33, 0xcc, 0x33, 0xcc, 0x33,
        0xcc, 0x33, 0xcc, 0x33, 0xcc, 0x33, 0xcc, 0x33, 0xcc, 0x33, 0xcc, 0x33,
        0xcc, 0x33, 0xcc, 0x33, 0xcc, 0x33, 0xcc, 0x33, 0xcc, 0x33, 0xcc, 0x33,
        0xcc, 0x33, 0xcc, 0x33, 0xcc, 0x33, 0xcc, 0x33, 0xcc, 0x33, 0xcc, 0x33,
        0xcc, 0x33, 0xcc, 0x33, 0xcc, 0x33, 0xcc, 0x33, 0x5a, 0x5a, 0x5a, 0x5a,
        0x5a, 0x5a, 0x5a, 0x5a, 0x5a, 0x5a, 0x5a, 0x5a, 0x5a, 0x5a, 0x5a, 0x5a,
        0x5a, 0x5a, 0x5a, 0x5a, 0x5a, 0x5a, 0x5a, 0x5a, 0x5a, 0x5a, 0x5a, 0x5a,
        0x5a, 0x5a, 0x5a, 0x5a, 0x5a, 0x5a, 0x5a, 0x5a, 0x5a, 0x5a, 0x5a, 0x5a,
        0x5a, 0x5a, 0x5a, 0x5a, 0x5a, 0x5a, 0x5a, 0x5a, 0x5a, 0x5a, 0x5a, 0x5a,
        0x5a, 0x5a, 0x5a, 0x5a, 0x5a, 0x5a, 0x5a, 0x5a, 0x5a, 0x5a, 0x5a, 0x5a,
        0x5a, 0x5a, 0x5a, 0x5a, 0x5a, 0x5a, 0x5a, 0x5a, 0x5a, 0x5a, 0x5a, 0x5a,
        0x5a, 0x5a, 0x5a, 0x5a, 0x66, 0x66, 0x66, 0x66, 0x99, 0x99, 0x99, 0x99,
        0x66, 0x66, 0x66, 0x66, 0x99, 0x99, 0x99, 0x99, 0x66, 0x66, 0x66, 0x66,
        0x99, 0x99, 0x99, 0x99, 0x66, 0x66, 0x66, 0x66, 0x99, 0x99, 0x99, 0x99,
        0x66, 0x66, 0x66, 0x66, 0x99, 0x99, 0x99, 0x99, 0x66, 0x66, 0x66, 0x66,
        0x99, 0x99, 0x99, 0x99, 0x66, 0x66, 0x66, 0x66, 0x99, 0x99, 0x99, 0x99,
        0x66, 0x66, 0x66, 0x66, 0x99, 0x99, 0x99, 0x99, 0x66, 0x66, 0x66, 0x66,
        0x99, 0x99, 0x99, 0x99, 0x66, 0x66, 0x66, 0x66, 0x99, 0x99, 0x99, 0x99,
        0x66, 0x99, 0x66, 0x99, 0x99, 0x66, 0x99, 0x66, 0x99, 0x66, 0x99, 0x66,
        0x66, 0x99, 0x66, 0x99, 0x66, 0x99, 0x66, 0x99, 0x99, 0x66, 0x99, 0x66,
        0x99, 0x66, 0x99, 0x66, 0x66, 0x99, 0x66, 0x99, 0x66, 0x99, 0x66, 0x99,
        0x99, 0x66, 0x99, 0x66, 0x99, 0x66, 0x99, 0x66, 0x66, 0x99, 0x66, 0x99,
        0x66, 0x99, 0x66, 0x99, 0x99, 0x66, 0x99, 0x66, 0x99, 0x66, 0x99, 0x66,
        0x66, 0x99, 0x66, 0x99, 0x66, 0x99, 0x66, 0x99, 0x99, 0x66, 0x99, 0x66,
        0x99, 0x66, 0x99, 0x66, 0x66, 0x99, 0x66, 0x99, 0xf0, 0x0f, 0x0f, 0xf0,
        0x0f, 0xf0, 0xf0, 0x0f, 0x0f, 0xf0, 0xf0, 0x0f, 0xf0, 0x0f, 0x0f, 0xf0,
        0xf0, 0x0f, 0x0f, 0xf0, 0x0f, 0xf0, 0xf0, 0x0f, 0x0f, 0xf0, 0xf0, 0x0f,
        0xf0, 0x0f, 0x0f, 0xf0, 0xf0, 0x0f, 0x0f, 0xf0, 0x0f, 0xf0, 0xf0, 0x0f,
        0x0f, 0xf0, 0xf0, 0x0f, 0xf0, 0x0f, 0x0f, 0xf0, 0xf0, 0x0f, 0x0f, 0xf0,
        0x0f, 0xf0, 0xf0, 0x0f, 0x0f, 0xf0, 0xf0, 0x0f, 0xf0, 0x0f, 0x0f, 0xf0,
        0xf0, 0x0f, 0x0f, 0xf0, 0x0f, 0xf0, 0xf0, 0x0f, 0x0f, 0xf0, 0xf0, 0x0f,
        0xf0, 0x0f, 0x0f, 0xf0, 0x33, 0x33, 0x33, 0x33, 0xcc, 0xcc, 0xcc, 0xcc,
        0x33, 0x33, 0x33, 0x33, 0xcc, 0xcc, 0xcc, 0xcc, 0x33, 0x33, 0x33, 0x33,
        0xcc, 0xcc, 0xcc, 0xcc, 0x33, 0x33, 0x33, 0x33, 0xcc, 0xcc, 0xcc, 0xcc,
        0x33, 0x33, 0x33, 0x33, 0xcc, 0xcc, 0xcc, 0xcc, 0x33, 0x33, 0x33, 0x33,
        0xcc, 0xcc, 0xcc, 0xcc, 0x33, 0x33, 0x33, 0x33, 0xcc, 0xcc, 0xcc, 0xcc,
        0x33, 0x33, 0x33, 0x33, 0xcc, 0xcc, 0xcc, 0xcc, 0x33, 0x33, 0x33, 0x33,
        0xcc, 0xcc, 0xcc, 0xcc, 0x33, 0x33, 0x33, 0x33, 0xcc, 0xcc, 0xcc, 0xcc,
        0xff, 0xff, 0x00, 0x00, 0x00, 0x00, 0xff, 0xff, 0xff, 0xff, 0x00, 0x00,
        0x00, 0x00, 0xff, 0xff, 0xff, 0xff, 0x00, 0x00, 0x00, 0x00, 0xff, 0xff,
        0xff, 0xff, 0x00, 0x00, 0x00, 0x00, 0xff, 0xff, 0xff, 0xff, 0x00, 0x00,
        0x00, 0x00, 0xff, 0xff, 0xff, 0xff, 0x00, 0x00, 0x00, 0x00, 0xff, 0xff,
        0xff, 0xff, 0x00, 0x00, 0x00, 0x00, 0xff, 0xff, 0xff, 0xff, 0x00, 0x00,
        0x00, 0x00, 0xff, 0xff, 0xff, 0xff, 0x00, 0x00, 0x00, 0x00, 0xff, 0xff,
        0xff, 0xff, 0x00, 0x00, 0x00, 0x00, 0xff, 0xff, 0x5a, 0xa5, 0x5a, 0xa5,
        0x5a, 0xa5, 0x5a, 0xa5, 0xa5, 0x5a, 0xa5, 0x5a, 0xa5, 0x5a, 0xa5, 0x5a,
        0x5a, 0xa5, 0x5a, 0xa5, 0x5a, 0xa5, 0x5a, 0xa5, 0xa5, 0x5a, 0xa5, 0x5a,
        0xa5, 0x5a, 0xa5, 0x5a, 0x5a, 0xa5, 0x5a, 0xa5, 0x5a, 0xa5, 0x5a, 0xa5,
        0xa5, 0x5a, 0xa5, 0x5a, 0xa5, 0x5a, 0xa5, 0x5a, 0x5a, 0xa5, 0x5a, 0xa5,
        0x5a, 0xa5, 0x5a, 0xa5, 0xa5, 0x5a, 0xa5, 0x5a, 0xa5, 0x5a, 0xa5, 0x5a,
        0x5a, 0xa5, 0x5a, 0xa5, 0x5a, 0xa5, 0x5a, 0xa5, 0xa5, 0x5a, 0xa5, 0x5a,
        0xa5, 0x5a, 0xa5, 0x5a, 0x99, 0x66, 0x99, 0x66, 0x66, 0x99, 0x66, 0x99,
        0x99, 0x66, 0x99, 0x66, 0x66, 0x99, 0x66, 0x99, 0x99, 0x66, 0x99, 0x66,
        0x66, 0x99, 0x66, 0x99, 0x99, 0x66, 0x99, 0x66, 0x66, 0x99, 0x66, 0x99,
        0x99, 0x66, 0x99, 0x66, 0x66, 0x99, 0x66, 0x99, 0x99, 0x66, 0x99, 0x66,
        0x66, 0x99, 0x66, 0x99, 0x99, 0x66, 0x99, 0x66, 0x66, 0x99, 0x66, 0x99,
        0x99, 0x66, 0x99, 0x66, 0x66, 0x99, 0x66, 0x99, 0x99, 0x66, 0x99, 0x66,
        0x66, 0x99, 0x66, 0x99, 0x99, 0x66, 0x99, 0x66, 0x66, 0x99, 0x66, 0x99,
        0x55, 0x55, 0xaa, 0xaa, 0xaa, 0xaa, 0x55, 0x55, 0x55, 0x55, 0xaa, 0xaa,
        0xaa, 0xaa, 0x55, 0x55, 0x55, 0x55, 0xaa, 0xaa, 0xaa, 0xaa, 0x55, 0x55,
        0x55, 0x55, 0xaa, 0xaa, 0xaa, 0xaa, 0x55, 0x55, 0x55, 0x55, 0xaa, 0xaa,
        0xaa, 0xaa, 0x55, 0x55, 0x55, 0x55, 0xaa, 0xaa, 0xaa, 0xaa, 0x55, 0x55,
        0x55, 0x55, 0xaa, 0xaa, 0xaa, 0xaa, 0x55, 0x55, 0x55, 0x55, 0xaa, 0xaa,
        0xaa, 0xaa, 0x55, 0x55, 0x55, 0x55, 0xaa, 0xaa, 0xaa, 0xaa, 0x55, 0x55,
        0x55, 0x55, 0xaa, 0xaa, 0xaa, 0xaa, 0x55, 0x55, 0xff, 0x00, 0x00, 0xff,
        0xff, 0x00, 0x00, 0xff, 0xff, 0x00, 0x00, 0xff, 0xff, 0x00, 0x00, 0xff,
        0xff, 0x00, 0x00, 0xff, 0xff, 0x00, 0x00, 0xff, 0xff, 0x00, 0x00, 0xff,
        0xff, 0x00, 0x00, 0xff, 0xff, 0x00, 0x00, 0xff, 0xff, 0x00, 0x00, 0xff,
        0xff, 0x00, 0x00, 0xff, 0xff, 0x00, 0x00, 0xff, 0xff, 0x00, 0x00, 0xff,
        0xff, 0x00, 0x00, 0xff, 0xff, 0x00, 0x00, 0xff, 0xff, 0x00, 0x00, 0xff,
        0xff, 0x00, 0x00, 0xff, 0xff, 0x00, 0x00, 0xff, 0xff, 0x00, 0x00, 0xff,
        0xff, 0x00, 0x00, 0xff, 0x5a, 0xa5, 0xa5, 0x5a, 0xa5, 0x5a, 0x5a, 0xa5,
        0xa5, 0x5a, 0x5a, 0xa5, 0x5a, 0xa5, 0xa5, 0x5a, 0x5a, 0xa5, 0xa5, 0x5a,
        0xa5, 0x5a, 0x5a, 0xa5, 0xa5, 0x5a, 0x5a, 0xa5, 0x5a, 0xa5, 0xa5, 0x5a,
        0x5a, 0xa5, 0xa5, 0x5a, 0xa5, 0x5a, 0x5a, 0xa5, 0xa5, 0x5a, 0x5a, 0xa5,
        0x5a, 0xa5, 0xa5, 0x5a, 0x5a, 0xa5, 0xa5, 0x5a, 0xa5, 0x5a, 0x5a, 0xa5,
        0xa5, 0x5a, 0x5a, 0xa5, 0x5a, 0xa5, 0xa5, 0x5a, 0x5a, 0xa5, 0xa5, 0x5a,
        0xa5, 0x5a, 0x5a, 0xa5, 0xa5, 0x5a, 0x5a, 0xa5, 0x5a, 0xa5, 0xa5, 0x5a
    },
    {
        0xaa, 0xaa, 0xaa, 0xaa, 0x55, 0x55, 0x55, 0x55, 0xaa, 0xaa, 0xaa, 0xaa,
        0x55, 0x55, 0x55, 0x55, 0xaa, 0xaa, 0xaa, 0xaa, 0x55, 0x55, 0x55, 0x55,
        0xaa, 0xaa, 0xaa, 0xaa, 0x55, 0x55, 0x55, 0x55, 0xaa, 0xaa, 0xaa, 0xaa,
        0x55, 0x55, 0x55, 0x55, 0xaa, 0xaa, 0xaa, 0xaa, 0x55, 0x55, 0x55, 0x55,
        0xaa, 0xaa, 0xaa, 0xaa, 0x55, 0x55, 0x55, 0x55, 0xaa, 0xaa, 0xaa, 0xaa,
        0x55, 0x55, 0x55, 0x55, 0xaa, 0xaa, 0xaa, 0xaa, 0x55, 0x55, 0x55, 0x55,
        0xaa, 0xaa, 0xaa, 0xaa, 0x55, 0x55, 0x55, 0x55, 0x69, 0x96, 0x69, 0x96,
        0x96, 0x69, 0x96, 0x69, 0x69, 0x96, 0x69, 0x96, 0x96, 0x69, 0x96, 0x69,
        0x69, 0x96, 0x69, 0x96, 0x96, 0x69, 0x96, 0x69, 0x69, 0x96, 0x69, 0x96,
        0x96, 0x69, 0x96, 0x69, 0x69, 0x96, 0x69, 0x96, 0x96, 0x69, 0x96, 0x69,
        0x69, 0x96, 0x69, 0x96, 0x96, 0x69, 0x96, 0x69, 0x69, 0x96, 0x69, 0x96,
        0x96, 0x69, 0x96, 0x69, 0x69, 0x96, 0x69, 0x96, 0x96, 0x69, 0x96, 0x69,
        0x69, 0x96, 0x69, 0x96, 0x96, 0x69, 0x96, 0x69, 0x69, 0x96, 0x69, 0x96,
        0x96, 0x69, 0x96, 0x69, 0x33, 0xcc, 0x33, 0xcc, 0x33, 0xcc, 0x33, 0xcc,
        0xcc, 0x33, 0xcc, 0x33, 0xcc, 0x33, 0xcc, 0x33, 0x33, 0xcc, 0x33, 0xcc,
        0x33, 0xcc, 0x33, 0xcc, 0xcc, 0x33, 0xcc, 0x33, 0xcc, 0x33, 0xcc, 0x33,
        0x33, 0xcc, 0x33, 0xcc, 0x33, 0xcc, 0x33, 0xcc, 0xcc, 0x33, 0xcc, 0x33,
        0xcc, 0x33, 0xcc, 0x33, 0x33, 0xcc, 0x33, 0xcc, 0x33, 0xcc, 0x33, 0xcc,
        0xcc, 0x33, 0xcc, 0x33, 0xcc, 0x33, 0xcc, 0x33, 0x33, 0xcc, 0x33, 0xcc,
        0x33, 0xcc, 0x33, 0xcc, 0xcc, 0x33, 0xcc, 0x33, 0xcc, 0x33, 0xcc, 0x33,
        0x66, 0x99, 0x99, 0x66, 0x66, 0x99, 0x99, 0x66, 0x66, 0x99, 0x99, 0x66,
        0x66, 0x99, 0x99, 0x66, 0x66, 0x99, 0x99, 0x66, 0x66, 0x99, 0x99, 0x66,
        0x66, 0x99, 0x99, 0x66, 0x66, 0x99, 0x99, 0x66, 0x66, 0x99, 0x99, 0x66,
        0x66, 0x99, 0x99, 0x66, 0x66, 0x99, 0x99, 0x66, 0x66, 0x99, 0x99, 0x66,
        0x66, 0x99, 0x99, 0x66, 0x66, 0x99, 0x99, 0x66, 0x66, 0x99, 0x99, 0x66,
        0x66, 0x99, 0x99, 0x66, 0x66, 0x99, 0x99, 0x66, 0x66, 0x99, 0x99, 0x66,
        0x66, 0x99, 0x99, 0x66, 0x66, 0x99, 0x99, 0x66, 0x00, 0xff, 0xff, 0x00,
        0x00, 0xff, 0xff, 0x00, 0xff, 0x00, 0x00, 0xff, 0xff, 0x00, 0x00, 0xff,
        0x00, 0xff, 0xff, 0x00, 0x00, 0xff, 0xff, 0x00, 0xff, 0x00, 0x00, 0xff,
        0xff, 0x00, 0x00, 0xff, 0x00, 0xff, 0xff, 0x00, 0x00, 0xff, 0xff, 0x00,
        0xff, 0x00, 0x00, 0xff, 0xff, 0x00, 0x00, 0xff, 0x00, 0xff, 0xff, 0x00,
        0x00, 0xff, 0xff, 0x00, 0xff, 0x00, 0x00, 0xff, 0xff, 0x00, 0x00, 0xff,
        0x00, 0xff, 0xff, 0x00, 0x00, 0xff, 0xff, 0x00, 0xff, 0x00, 0x00, 0xff,
        0xff, 0x00, 0x00, 0xff, 0xaa, 0xaa, 0x55, 0x55, 0xaa, 0xaa, 0x55, 0x55,
        0x55, 0x55, 0xaa, 0xaa, 0x55, 0x55, 0xaa, 0xaa, 0xaa, 0xaa, 0x55, 0x55,
        0xaa, 0xaa, 0x55, 0x55, 0x55, 0x55, 0xaa, 0xaa, 0x55, 0x55, 0xaa, 0xaa,
        0xaa, 0xaa, 0x55, 0x55, 0xaa, 0xaa, 0x55, 0x55, 0x55, 0x55, 0xaa, 0xaa,
        0x55, 0x55, 0xaa, 0xaa, 0xaa, 0xaa, 0x55, 0x55, 0xaa, 0xaa, 0x55, 0x55,
        0x55, 0x55, 0xaa, 0xaa, 0x55, 0x55, 0xaa, 0xaa, 0xaa, 0xaa, 0x55, 0x55,
        0xaa, 0xaa, 0x55, 0x55, 0x55, 0x55, 0xaa, 0xaa, 0x55, 0x55, 0xaa, 0xaa,
        0xc3, 0xc3, 0xc3, 0xc3, 0xc3, 0xc3, 0xc3, 0xc3, 0xc3, 0xc3, 0xc3, 0xc3,
        0xc3, 0xc3, 0xc3, 0xc3, 0xc3, 0xc3, 0xc3, 0xc3, 0xc3, 0xc3, 0xc3, 0xc3,
        0xc3, 0xc3, 0xc3, 0xc3, 0xc3, 0xc3, 0xc3, 0xc3, 0xc3, 0xc3, 0xc3, 0xc3,
        0xc3, 0xc3, 0xc3, 0xc3, 0xc3, 0xc3, 0xc3, 0xc3, 0xc3, 0xc3, 0xc3, 0xc3,
        0xc3, 0xc3, 0xc3, 0xc3, 0xc3, 0xc3, 0xc3, 0xc3, 0xc3, 0xc3, 0xc3, 0xc3,
        0xc3, 0xc3, 0xc3, 0xc3, 0xc3, 0xc3, 0xc3, 0xc3, 0xc3, 0xc3, 0xc3, 0xc3,
        0xc3, 0xc3, 0xc3, 0xc3, 0xc3, 0xc3, 0xc3, 0xc3, 0x96, 0x69, 0x69, 0x96,
        0x96, 0x69, 0x69, 0x96, 0x96, 0x69, 0x69, 0x96, 0x96, 0x69, 0x69, 0x96,
        0x96, 0x69, 0x69, 0x96, 0x96, 0x69, 0x69, 0x96, 0x96, 0x69, 0x69, 0x96,
        0x96, 0x69, 0x69, 0x96, 0x96, 0x69, 0x69, 0x96, 0x96, 0x69, 0x69, 0x96,
        0x96, 0x69, 0x69, 0x96, 0x96, 0x69, 0x69, 0x96, 0x96, 0x69, 0x69, 0x96,
        0x96, 0x69, 0x69, 0x96, 0x96, 0x69, 0x69, 0x96, 0x96, 0x69, 0x69, 0x96,
        0x96, 0x69, 0x69, 0x96, 0x96, 0x69, 0x69, 0x96, 0x96, 0x69, 0x69, 0x96,
        0x96, 0x69, 0x69, 0x96, 0xff, 0x00, 0xff, 0x00, 0x00, 0xff, 0x00, 0xff,
        0x00, 0xff, 0x00, 0xff, 0xff, 0x00, 0xff, 0x00, 0xff, 0x00, 0xff, 0x00,
        0x00, 0xff, 0x00, 0xff, 0x00, 0xff, 0x00, 0xff, 0xff, 0x00, 0xff, 0x00,
        0xff, 0x00, 0xff, 0x00, 0x00, 0xff, 0x00, 0xff, 0x00, 0xff, 0x00, 0xff,
        0xff, 0x00, 0xff, 0x00, 0xff, 0x00, 0xff, 0x00, 0x00, 0xff, 0x00, 0xff,
        0x00, 0xff, 0x00, 0xff, 0xff, 0x00, 0xff, 0x00, 0xff, 0x00, 0xff, 0x00,
        0x00, 0xff, 0x00, 0xff, 0x00, 0xff, 0x00, 0xff, 0xff, 0x00, 0xff, 0x00,
        0x55, 0xaa, 0xaa, 0x55, 0x55, 0xaa, 0xaa, 0x55, 0xaa, 0x55, 0x55, 0xaa,
        0xaa, 0x55, 0x55, 0xaa, 0x55, 0xaa, 0xaa, 0x55, 0x55, 0xaa, 0xaa, 0x55,
        0xaa, 0x55, 0x55, 0xaa, 0xaa, 0x55, 0x55, 0xaa, 0x55, 0xaa, 0xaa, 0x55,
        0x55, 0xaa, 0xaa, 0x55, 0xaa, 0x55, 0x55, 0xaa, 0xaa, 0x55, 0x55, 0xaa,
        0x55, 0xaa, 0xaa, 0x55, 0x55, 0xaa, 0xaa, 0x55, 0xaa, 0x55, 0x55, 0xaa,
        0xaa, 0x55, 0x55, 0xaa, 0x55, 0xaa, 0xaa, 0x55, 0x55, 0xaa, 0xaa, 0x55,
        0xaa, 0x55, 0x55, 0xaa, 0xaa, 0x55, 0x55, 0xaa, 0x33, 0xcc, 0xcc, 0x33,
        0xcc, 0x33, 0x33, 0xcc, 0x33, 0xcc, 0xcc, 0x33, 0xcc, 0x33, 0x33, 0xcc,
        0x33, 0xcc, 0xcc, 0x33, 0xcc, 0x33, 0x33, 0xcc, 0x33, 0xcc, 0xcc, 0x33,
        0xcc, 0x33, 0x33, 0xcc, 0x33, 0xcc, 0xcc, 0x33, 0xcc, 0x33, 0x33, 0xcc,
        0x33, 0xcc, 0xcc, 0x33, 0xcc, 0x33, 0x33, 0xcc, 0x33, 0xcc, 0xcc, 0x33,
        0xcc, 0x33, 0x33, 0xcc, 0x33, 0xcc, 0xcc, 0x33, 0xcc, 0x33, 0x33, 0xcc,
        0x33, 0xcc, 0xcc, 0x33, 0xcc, 0x33, 0x33, 0xcc, 0x33, 0xcc, 0xcc, 0x33,
        0xcc, 0x33, 0x33, 0xcc, 0xa5, 0xa5, 0xa5, 0xa5, 0x5a, 0x5a, 0x5a, 0x5a,
        0x5a, 0x5a, 0x5a, 0x5a, 0xa5, 0xa5, 0xa5, 0xa5, 0xa5, 0xa5, 0xa5, 0xa5,
        0x5a, 0x5a, 0x5a, 0x5a, 0x5a, 0x5a, 0x5a, 0x5a, 0xa5, 0xa5, 0xa5, 0xa5,
        0xa5, 0xa5, 0xa5, 0xa5, 0x5a, 0x5a, 0x5a, 0x5a, 0x5a, 0x5a, 0x5a, 0x5a,
        0xa5, 0xa5, 0xa5, 0xa5, 0xa5, 0xa5, 0xa5, 0xa5, 0x5a, 0x5a, 0x5a, 0x5a,
        0x5a, 0x5a, 0x5a, 0x5a, 0xa5, 0xa5, 0xa5, 0xa5, 0xa5, 0xa5, 0xa5, 0xa5,
        0x5a, 0x5a, 0x5a, 0x5a, 0x5a, 0x5a, 0x5a, 0x5a, 0xa5, 0xa5, 0xa5, 0xa5,
        0x96, 0x96, 0x69, 0x69, 0x69, 0x69, 0x96, 0x96, 0x96, 0x96, 0x69, 0x69,
        0x69, 0x69, 0x96, 0x96, 0x96, 0x96, 0x69, 0x69, 0x69, 0x69, 0x96, 0x96,
        0x96, 0x96, 0x69, 0x69, 0x69, 0x69, 0x96, 0x96, 0x96, 0x96, 0x69, 0x69,
        0x69, 0x69, 0x96, 0x96, 0x96, 0x96, 0x69, 0x69, 0x69, 0x69, 0x96, 0x96,
        0x96, 0x96, 0x69, 0x69, 0x69, 0x69, 0x96, 0x96, 0x96, 0x96, 0x69, 0x69,
        0x69, 0x69, 0x96, 0x96, 0x96, 0x96, 0x69, 0x69, 0x69, 0x69, 0x96, 0x96,
        0x96, 0x96, 0x69, 0x69, 0x69, 0x69, 0x96, 0x96, 0x33, 0x33, 0x33, 0x33,
        0xcc, 0xcc, 0xcc, 0xcc, 0xcc, 0xcc, 0xcc, 0xcc, 0x33, 0x33, 0x33, 0x33,
        0x33, 0x33, 0x33, 0x33, 0xcc, 0xcc, 0xcc, 0xcc, 0xcc, 0xcc, 0xcc, 0xcc,
        0x33, 0x33, 0x33, 0x33, 0x33, 0x33, 0x33, 0x33, 0xcc, 0xcc, 0xcc, 0xcc,
        0xcc, 0xcc, 0xcc, 0xcc, 0x33, 0x33, 0x33, 0x33, 0x33, 0x33, 0x33, 0x33,
        0xcc, 0xcc, 0xcc, 0xcc, 0xcc, 0xcc, 0xcc, 0xcc, 0x33, 0x33, 0x33, 0x33,
        0x33, 0x33, 0x33, 0x33, 0xcc, 0xcc, 0xcc, 0xcc, 0xcc, 0xcc, 0xcc, 0xcc,
        0x33, 0x33, 0x33, 0x33, 0xf0, 0x0f, 0xf0, 0x0f, 0x0f, 0xf0, 0x0f, 0xf0,
        0xf0, 0x0f, 0xf0, 0x0f, 0x0f, 0xf0, 0x0f, 0xf0, 0xf0, 0x0f, 0xf0, 0x0f,
        0x0f, 0xf0, 0x0f, 0xf0, 0xf0, 0x0f, 0xf0, 0x0f, 0x0f, 0xf0, 0x0f, 0xf0,
        0xf0, 0x0f, 0xf0, 0x0f, 0x0f, 0xf0, 0x0f, 0xf0, 0xf0, 0x0f, 0xf0, 0x0f,
        0x0f, 0xf0, 0x0f, 0xf0, 0xf0, 0x0f, 0xf0, 0x0f, 0x0f, 0xf0, 0x0f, 0xf0,
        0xf0, 0x0f, 0xf0, 0x0f, 0x0f, 0xf0, 0x0f, 0xf0, 0xf0, 0x0f, 0xf0, 0x0f,
        0x0f, 0xf0, 0x0f, 0xf0, 0xf0, 0x0f, 0xf0, 0x0f, 0x0f, 0xf0, 0x0f, 0xf0,
        0xaa, 0x55, 0xaa, 0x55, 0xaa, 0x55, 0xaa, 0x55, 0x55, 0xaa, 0x55, 0xaa,
        0x55, 0xaa, 0x55, 0xaa, 0xaa, 0x55, 0xaa, 0x55, 0xaa, 0x55, 0xaa, 0x55,
        0x55, 0xaa, 0x55, 0xaa, 0x55, 0xaa, 0x55, 0xaa, 0xaa, 0x55, 0xaa, 0x55,
        0xaa, 0x55, 0xaa, 0x55, 0x55, 0xaa, 0x55, 0xaa, 0x55, 0xaa, 0x55, 0xaa,
        0xaa, 0x55, 0xaa, 0x55, 0xaa, 0x55, 0xaa, 0x55, 0x55, 0xaa, 0x55, 0xaa,
        0x55, 0xaa, 0x55, 0xaa, 0xaa, 0x55, 0xaa, 0x55, 0xaa, 0x55, 0xaa, 0x55,
        0x55, 0xaa, 0x55, 0xaa, 0x55, 0xaa, 0x55, 0xaa, 0x96, 0x69, 0x96, 0x69,
        0x96, 0x69, 0x96, 0x69, 0x69, 0x96, 0x69, 0x96, 0x69, 0x96, 0x69, 0x96,
        0x96, 0x69, 0x96, 0x69, 0x96, 0x69, 0x96, 0x69, 0x69, 0x96, 0x69, 0x96,
        0x69, 0x96, 0x69, 0x96, 0x96, 0x69, 0x96, 0x69, 0x96, 0x69, 0x96, 0x69,
        0x69, 0x96, 0x69, 0x96, 0x69, 0x96, 0x69, 0x96, 0x96, 0x69, 0x96, 0x69,
        0x96, 0x69, 0x96, 0x69, 0x69, 0x96, 0x69, 0x96, 0x69, 0x96, 0x69, 0x96,
        0x96, 0x69, 0x96, 0x69, 0x96, 0x69, 0x96, 0x69, 0x69, 0x96, 0x69, 0x96,
        0x69, 0x96, 0x69, 0x96, 0x5a, 0x5a, 0x5a, 0x5a, 0x5a, 0x5a, 0x5a, 0x5a,
        0x5a, 0x5a, 0x5a, 0x5a, 0x5a, 0x5a, 0x5a, 0x5a, 0x5a, 0x5a, 0x5a, 0x5a,
        0x5a, 0x5a, 0x5a, 0x5a, 0x5a, 0x5a, 0x5a, 0x5a, 0x5a, 0x5a, 0x5a, 0x5a,
        0x5a, 0x5a, 0x5a, 0x5a, 0x5a, 0x5a, 0x5a, 0x5a, 0x5a, 0x5a, 0x5a, 0x5a,
        0x5a, 0x5a, 0x5a, 0x5a, 0x5a, 0x5a, 0x5a, 0x5a, 0x5a, 0x5a, 0x5a, 0x5a,
        0x5a, 0x5a, 0x5a, 0x5a, 0x5a, 0x5a, 0x5a, 0x5a, 0x5a, 0x5a, 0x5a, 0x5a,
        0x5a, 0x5a, 0x5a, 0x5a, 0x5a, 0x5a, 0x5a, 0x5a, 0x5a, 0x5a, 0x5a, 0x5a,
        0xaa, 0x55, 0x55, 0xaa, 0x55, 0xaa, 0xaa, 0x55, 0xaa, 0x55, 0x55, 0xaa,
        0x55, 0xaa, 0xaa, 0x55, 0xaa, 0x55, 0x55, 0xaa, 0x55, 0xaa, 0xaa, 0x55,
        0xaa, 0x55, 0x55, 0xaa, 0x55, 0xaa, 0xaa, 0x55, 0xaa, 0x55, 0x55, 0xaa,
        0x55, 0xaa, 0xaa, 0x55, 0xaa, 0x55, 0x55, 0xaa, 0x55, 0xaa, 0xaa, 0x55,
        0xaa, 0x55, 0x55, 0xaa, 0x55, 0xaa, 0xaa, 0x55, 0xaa, 0x55, 0x55, 0xaa,
        0x55, 0xaa, 0xaa, 0x55, 0xaa, 0x55, 0x55, 0xaa, 0x55, 0xaa, 0xaa, 0x55,
        0xaa, 0x55, 0x55, 0xaa, 0x55, 0xaa, 0xaa, 0x55, 0xff, 0x00, 0xff, 0x00,
        0xff, 0x00, 0xff, 0x00, 0xff, 0x00, 0xff, 0x00, 0xff, 0x00, 0xff, 0x00,
        0xff, 0x00, 0xff, 0x00, 0xff, 0x00, 0xff, 0x00, 0xff, 0x00, 0xff, 0x00,
        0xff, 0x00, 0xff, 0x00, 0xff, 0x00, 0xff, 0x00, 0xff, 0x00, 0xff, 0x00,
        0xff, 0x00, 0xff, 0x00, 0xff, 0x00, 0xff, 0x00, 0xff, 0x00, 0xff, 0x00,
        0xff, 0x00, 0xff, 0x00, 0xff, 0x00, 0xff, 0x00, 0xff, 0x00, 0xff, 0x00,
        0xff, 0x00, 0xff, 0x00, 0xff, 0x00, 0xff, 0x00, 0xff, 0x00, 0xff, 0x00,
        0xff, 0x00, 0xff, 0x00, 0xcc, 0xcc, 0xcc, 0xcc, 0x33, 0x33, 0x33, 0x33,
        0xcc, 0xcc, 0xcc, 0xcc, 0x33, 0x33, 0x33, 0x33, 0xcc, 0xcc, 0xcc, 0xcc,
        0x33, 0x33, 0x33, 0x33, 0xcc, 0xcc, 0xcc, 0xcc, 0x33, 0x33, 0x33, 0x33,
        0xcc, 0xcc, 0xcc, 0xcc, 0x33, 0x33, 0x33, 0x33, 0xcc, 0xcc, 0xcc, 0xcc,
        0x33, 0x33, 0x33, 0x33, 0xcc, 0xcc, 0xcc, 0xcc, 0x33, 0x33, 0x33, 0x33,
        0xcc, 0xcc, 0xcc, 0xcc, 0x33, 0x33, 0x33, 0x33, 0xcc, 0xcc, 0xcc, 0xcc,
        0x33, 0x33, 0x33, 0x33, 0xcc, 0xcc, 0xcc, 0xcc, 0x33, 0x33, 0x33, 0x33,
        0x55, 0x55, 0xaa, 0xaa, 0x55, 0x55, 0xaa, 0xaa, 0xaa, 0xaa, 0x55, 0x55,
        0xaa, 0xaa, 0x55, 0x55, 0x55, 0x55, 0xaa, 0xaa, 0x55, 0x55, 0xaa, 0xaa,
        0xaa, 0xaa, 0x55, 0x55, 0xaa, 0xaa, 0x55, 0x55, 0x55, 0x55, 0xaa, 0xaa,
        0x55, 0x55, 0xaa, 0xaa, 0xaa, 0xaa, 0x55, 0x55, 0xaa, 0xaa, 0x55, 0x55,
        0x55, 0x55, 0xaa, 0xaa, 0x55, 0x55, 0xaa, 0xaa, 0xaa, 0xaa, 0x55, 0x55,
        0xaa, 0xaa, 0x55, 0x55, 0x55, 0x55, 0xaa, 0xaa, 0x55, 0x55, 0xaa, 0xaa,
        0xaa, 0xaa, 0x55, 0x55, 0xaa, 0xaa, 0x55, 0x55, 0xff, 0x00, 0x00, 0xff,
        0x00, 0xff, 0xff, 0x00, 0x00, 0xff, 0xff, 0x00, 0xff, 0x00, 0x00, 0xff,
        0xff, 0x00, 0x00, 0xff, 0x00, 0xff, 0xff, 0x00, 0x00, 0xff, 0xff, 0x00,
        0xff, 0x00, 0x00, 0xff, 0xff, 0x00, 0x00, 0xff, 0x00, 0xff, 0xff, 0x00,
        0x00, 0xff, 0xff, 0x00, 0xff, 0x00, 0x00, 0xff, 0xff, 0x00, 0x00, 0xff,
        0x00, 0xff, 0xff, 0x00, 0x00, 0xff, 0xff, 0x00, 0xff, 0x00, 0x00, 0xff,
        0xff, 0x00, 0x00, 0xff, 0x00, 0xff, 0xff, 0x00, 0x00, 0xff, 0xff, 0x00,
        0xff, 0x00, 0x00, 0xff, 0xa5, 0xa5, 0xa5, 0xa5, 0x5a, 0x5a, 0x5a, 0x5a,
        0x5a, 0x5a, 0x5a, 0x5a, 0xa5, 0xa5, 0xa5, 0xa5, 0xa5, 0xa5, 0xa5, 0xa5,
        0x5a, 0x5a, 0x5a, 0x5a, 0x5a, 0x5a, 0x5a, 0x5a, 0xa5, 0xa5, 0xa5, 0xa5,
        0xa5, 0xa5, 0xa5, 0xa5, 0x5a, 0x5a, 0x5a, 0x5a, 0x5a, 0x5a, 0x5a, 0x5a,
        0xa5, 0xa5, 0xa5, 0xa5, 0xa5, 0xa5, 0xa5, 0xa5, 0x5a, 0x5a, 0x5a, 0x5a,
        0x5a, 0x5a, 0x5a, 0x5a, 0xa5, 0xa5, 0xa5, 0xa5, 0xa5, 0xa5, 0xa5, 0xa5,
        0x5a, 0x5a, 0x5a, 0x5a, 0x5a, 0x5a, 0x5a, 0x5a, 0xa5, 0xa5, 0xa5, 0xa5,
        0xcc, 0xcc, 0x33, 0x33, 0x33, 0x33, 0xcc, 0xcc, 0xcc, 0xcc, 0x33, 0x33,
        0x33, 0x33, 0xcc, 0xcc, 0xcc, 0xcc, 0x33, 0x33, 0x33, 0x33, 0xcc, 0xcc,
        0xcc, 0xcc, 0x33, 0x33, 0x33, 0x33, 0xcc, 0xcc, 0xcc, 0xcc, 0x33, 0x33,
        0x33, 0x33, 0xcc, 0xcc, 0xcc, 0xcc, 0x33, 0x33, 0x33, 0x33, 0xcc, 0xcc,
        0xcc, 0xcc, 0x33, 0x33, 0x33, 0x33, 0xcc, 0xcc, 0xcc, 0xcc, 0x33, 0x33,
        0x33, 0x33, 0xcc, 0xcc, 0xcc, 0xcc, 0x33, 0x33, 0x33, 0x33, 0xcc, 0xcc,
        0xcc, 0xcc, 0x33, 0x33, 0x33, 0x33, 0xcc, 0xcc, 0x0f, 0x0f, 0x0f, 0x0f,
        0xf0, 0xf0, 0xf0, 0xf0, 0x0f, 0x0f, 0x0f, 0x0f, 0xf0, 0xf0, 0xf0, 0xf0,
        0x0f, 0x0f, 0x0f, 0x0f, 0xf0, 0xf0, 0xf0, 0xf0, 0x0f, 0x0f, 0x0f, 0x0f,
        0xf0, 0xf0, 0xf0, 0xf0, 0x0f, 0x0f, 0x0f, 0x0f, 0xf0, 0xf0, 0xf0, 0xf0,
        0x0f, 0x0f, 0x0f, 0x0f, 0xf0, 0xf0, 0xf0, 0xf0, 0x0f, 0x0f, 0x0f, 0x0f,
        0xf0, 0xf0, 0xf0, 0xf0, 0x0f, 0x0f, 0x0f, 0x0f, 0xf0, 0xf0, 0xf0, 0xf0,
        0x0f, 0x0f, 0x0f, 0x0f, 0xf0, 0xf0, 0xf0, 0xf0, 0x0f, 0x0f, 0x0f, 0x0f,
        0xf0, 0xf0, 0xf0, 0xf0, 0x3c, 0xc3, 0x3c, 0xc3, 0xc3, 0x3c, 0xc3, 0x3c,
        0x3c, 0xc3, 0x3c, 0xc3, 0xc3, 0x3c, 0xc3, 0x3c, 0x3c, 0xc3, 0x3c, 0xc3,
        0xc3, 0x3c, 0xc3, 0x3c, 0x3c, 0xc3, 0x3c, 0xc3, 0xc3, 0x3c, 0xc3, 0x3c,
        0x3c, 0xc3, 0x3c, 0xc3, 0xc3, 0x3c, 0xc3, 0x3c, 0x3c, 0xc3, 0x3c, 0xc3,
        0xc3, 0x3c, 0xc3, 0x3c, 0x3c, 0xc3, 0x3c, 0xc3, 0xc3, 0x3c, 0xc3, 0x3c,
        0x3c, 0xc3, 0x3c, 0xc3, 0xc3, 0x3c, 0xc3, 0x3c, 0x3c, 0xc3, 0x3c, 0xc3,
        0xc3, 0x3c, 0xc3, 0x3c, 0x3c, 0xc3, 0x3c, 0xc3, 0xc3, 0x3c, 0xc3, 0x3c,
        0x3c, 0x3c, 0x3c, 0x3c, 0xc3, 0xc3, 0xc3, 0xc3, 0xc3, 0xc3, 0xc3, 0xc3,
        0x3c, 0x3c, 0x3c, 0x3c, 0x3c, 0x3c, 0x3c, 0x3c, 0xc3, 0xc3, 0xc3, 0xc3,
        0xc3, 0xc3, 0xc3, 0xc3, 0x3c, 0x3c, 0x3c, 0x3c, 0x3c, 0x3c, 0x3c, 0x3c,
        0xc3, 0xc3, 0xc3, 0xc3, 0xc3, 0xc3, 0xc3, 0xc3, 0x3c, 0x3c, 0x3c, 0x3c,
        0x3c, 0x3c, 0x3c, 0x3c, 0xc3, 0xc3, 0xc3, 0xc3, 0xc3, 0xc3, 0xc3, 0xc3,
        0x3c, 0x3c, 0x3c, 0x3c, 0x3c, 0x3c, 0x3c, 0x3c, 0xc3, 0xc3, 0xc3, 0xc3,
        0xc3, 0xc3, 0xc3, 0xc3, 0x3c, 0x3c, 0x3c, 0x3c, 0xf0, 0xf0, 0x0f, 0x0f,
        0xf0, 0xf0, 0x0f, 0x0f, 0xf0, 0xf0, 0x0f, 0x0f, 0xf0, 0xf0, 0x0f, 0x0f,
        0xf0, 0xf0, 0x0f, 0x0f, 0xf0, 0xf0, 0x0f, 0x0f, 0xf0, 0xf0, 0x0f, 0x0f,
        0xf0, 0xf0, 0x0f, 0x0f, 0xf0, 0xf0, 0x0f, 0x0f, 0xf0, 0xf0, 0x0f, 0x0f,
        0xf0, 0xf0, 0x0f, 0x0f, 0xf0, 0xf0, 0x0f, 0x0f, 0xf0, 0xf0, 0x0f, 0x0f,
        0xf0, 0xf0, 0x0f, 0x0f, 0xf0, 0xf0, 0x0f, 0x0f, 0xf0, 0xf0, 0x0f, 0x0f,
        0xf0, 0xf0, 0x0f, 0x0f, 0xf0, 0xf0, 0x0f, 0x0f, 0xf0, 0xf0, 0x0f, 0x0f,
        0xf0, 0xf0, 0x0f, 0x0f, 0x5a, 0x5a, 0xa5, 0xa5, 0x5a, 0x5a, 0xa5, 0xa5,
        0x5a, 0x5a, 0xa5, 0xa5, 0x5a, 0x5a, 0xa5, 0xa5, 0x5a, 0x5a, 0xa5, 0xa5,
        0x5a, 0x5a, 0xa5, 0xa5, 0x5a, 0x5a, 0xa5, 0xa5, 0x5a, 0x5a, 0xa5, 0xa5,
        0x5a, 0x5a, 0xa5, 0xa5, 0x5a, 0x5a, 0xa5, 0xa5, 0x5a, 0x5a, 0xa5, 0xa5,
        0x5a, 0x5a, 0xa5, 0xa5, 0x5a, 0x5a, 0xa5, 0xa5, 0x5a, 0x5a, 0xa5, 0xa5,
        0x5a, 0x5a, 0xa5, 0xa5, 0x5a, 0x5a, 0xa5, 0xa5, 0x5a, 0x5a, 0xa5, 0xa5,
        0x5a, 0x5a, 0xa5, 0xa5, 0x5a, 0x5a, 0xa5, 0xa5, 0x5a, 0x5a, 0xa5, 0xa5,
        0x96, 0x96, 0x96, 0x96, 0x96, 0x96, 0x96, 0x96, 0x69, 0x69, 0x69, 0x69,
        0x69, 0x69, 0x69, 0x69, 0x96, 0x96, 0x96, 0x96, 0x96, 0x96, 0x96, 0x96,
        0x69, 0x69, 0x69, 0x69, 0x69, 0x69, 0x69, 0x69, 0x96, 0x96, 0x96, 0x96,
        0x96, 0x96, 0x96, 0x96, 0x69, 0x69, 0x69, 0x69, 0x69, 0x69, 0x69, 0x69,
        0x96, 0x96, 0x96, 0x96, 0x96, 0x96, 0x96, 0x96, 0x69, 0x69, 0x69, 0x69,
        0x69, 0x69, 0x69, 0x69, 0x96, 0x96, 0x96, 0x96, 0x96, 0x96, 0x96, 0x96,
        0x69, 0x69, 0x69, 0x69, 0x69, 0x69, 0x69, 0x69, 0x69, 0x69, 0x69, 0x69,
        0x69, 0x69, 0x69, 0x69, 0x96, 0x96, 0x96, 0x96, 0x96, 0x96, 0x96, 0x96,
        0x69, 0x69, 0x69, 0x69, 0x69, 0x69, 0x69, 0x69, 0x96, 0x96, 0x96, 0x96,
        0x96, 0x96, 0x96, 0x96, 0x69, 0x69, 0x69, 0x69, 0x69, 0x69, 0x69, 0x69,
        0x96, 0x96, 0x96, 0x96, 0x96, 0x96, 0x96, 0x96, 0x69, 0x69, 0x69, 0x69,
        0x69, 0x69, 0x69, 0x69, 0x96, 0x96, 0x96, 0x96, 0x96, 0x96, 0x96, 0x96,
        0x69, 0x69, 0x69, 0x69, 0x69, 0x69, 0x69, 0x69, 0x96, 0x96, 0x96, 0x96,
        0x96, 0x96, 0x96, 0x96, 0xcc, 0x33, 0xcc, 0x33, 0xcc, 0x33, 0xcc, 0x33,
        0xcc, 0x33, 0xcc, 0x33, 0xcc, 0x33, 0xcc, 0x33, 0xcc, 0x33, 0xcc, 0x33,
        0xcc, 0x33, 0xcc, 0x33, 0xcc, 0x33, 0xcc, 0x33, 0xcc, 0x33, 0xcc, 0x33,
        0xcc, 0x33, 0xcc, 0x33, 0xcc, 0x33, 0xcc, 0x33, 0xcc, 0x33, 0xcc, 0x33,
        0xcc, 0x33, 0xcc, 0x33, 0xcc, 0x33, 0xcc, 0x33, 0xcc, 0x33, 0xcc, 0x33,
        0xcc, 0x33, 0xcc, 0x33, 0xcc, 0x33, 0xcc, 0x33, 0xcc, 0x33, 0xcc, 0x33,
        0xcc, 0x33, 0xcc, 0x33, 0xcc, 0x33, 0xcc, 0x33, 0xcc, 0x33, 0xcc, 0x33,
        0x55, 0xaa, 0xaa, 0x55, 0x55, 0xaa, 0xaa, 0x55, 0x55, 0xaa, 0xaa, 0x55,
        0x55, 0xaa, 0xaa, 0x55, 0x55, 0xaa, 0xaa, 0x55, 0x55, 0xaa, 0xaa, 0x55,
        0x55, 0xaa, 0xaa, 0x55, 0x55, 0xaa, 0xaa, 0x55, 0x55, 0xaa, 0xaa, 0x55,
        0x55, 0xaa, 0xaa, 0x55, 0x55, 0xaa, 0xaa, 0x55, 0x55, 0xaa, 0xaa, 0x55,
        0x55, 0xaa, 0xaa, 0x55, 0x55, 0xaa, 0xaa, 0x55, 0x55, 0xaa, 0xaa, 0x55,
        0x55, 0xaa, 0xaa, 0x55, 0x55, 0xaa, 0xaa, 0x55, 0x55, 0xaa, 0xaa, 0x55,
        0x55, 0xaa, 0xaa, 0x55, 0x55, 0xaa, 0xaa, 0x55, 0xaa, 0x55, 0x55, 0xaa,
        0xaa, 0x55, 0x55, 0xaa, 0x55, 0xaa, 0xaa, 0x55, 0x55, 0xaa, 0xaa, 0x55,
        0xaa, 0x55, 0x55, 0xaa, 0xaa, 0x55, 0x55, 0xaa, 0x55, 0xaa, 0xaa, 0x55,
        0x55, 0xaa, 0xaa, 0x55, 0xaa, 0x55, 0x55, 0xaa, 0xaa, 0x55, 0x55, 0xaa,
        0x55, 0xaa, 0xaa, 0x55, 0x55, 0xaa, 0xaa, 0x55, 0xaa, 0x55, 0x55, 0xaa,
        0xaa, 0x55, 0x55, 0xaa, 0x55, 0xaa, 0xaa, 0x55, 0x55, 0xaa, 0xaa, 0x55,
        0xaa, 0x55, 0x55, 0xaa, 0xaa, 0x55, 0x55, 0xaa, 0x55, 0xaa, 0xaa, 0x55,
        0x55, 0xaa, 0xaa, 0x55, 0x00, 0xff, 0xff, 0x00, 0xff, 0x00, 0x00, 0xff,
        0x00, 0xff, 0xff, 0x00, 0xff, 0x00, 0x00, 0xff, 0x00, 0xff, 0xff, 0x00,
        0xff, 0x00, 0x00, 0xff, 0x00, 0xff, 0xff, 0x00, 0xff, 0x00, 0x00, 0xff,
        0x00, 0xff, 0xff, 0x00, 0xff, 0x00, 0x00, 0xff, 0x00, 0xff, 0xff, 0x00,
        0xff, 0x00, 0x00, 0xff, 0x00, 0xff, 0xff, 0x00, 0xff, 0x00, 0x00, 0xff,
        0x00, 0xff, 0xff, 0x00, 0xff, 0x00, 0x00, 0xff, 0x00, 0xff, 0xff, 0x00,
        0xff, 0x00, 0x00, 0xff, 0x00, 0xff, 0xff, 0x00, 0xff, 0x00, 0x00, 0xff,
        0x00, 0x00, 0x00, 0x00, 0xff, 0xff, 0xff, 0xff, 0x00, 0x00, 0x00, 0x00,
        0xff, 0xff, 0xff, 0xff, 0x00, 0x00, 0x00, 0x00, 0xff, 0xff, 0xff, 0xff,
        0x00, 0x00, 0x00, 0x00, 0xff, 0xff, 0xff, 0xff, 0x00, 0x00, 0x00, 0x00,
        0xff, 0xff, 0xff, 0xff, 0x00, 0x00, 0x00, 0x00, 0xff, 0xff, 0xff, 0xff,
        0x00, 0x00, 0x00, 0x00, 0xff, 0xff, 0xff, 0xff, 0x00, 0x00, 0x00, 0x00,
        0xff, 0xff, 0xff, 0xff, 0x00, 0x00, 0x00, 0x00, 0xff, 0xff, 0xff, 0xff,
        0x00, 0x00, 0x00, 0x00, 0xff, 0xff, 0xff, 0xff, 0x33, 0xcc, 0xcc, 0x33,
        0xcc, 0x33, 0x33, 0xcc, 0x33, 0xcc, 0xcc, 0x33, 0xcc, 0x33, 0x33, 0xcc,
        0x33, 0xcc, 0xcc, 0x33, 0xcc, 0x33, 0x33, 0xcc, 0x33, 0xcc, 0xcc, 0x33,
        0xcc, 0x33, 0x33, 0xcc, 0x33, 0xcc, 0xcc, 0x33, 0xcc, 0x33, 0x33, 0xcc,
        0x33, 0xcc, 0xcc, 0x33, 0xcc, 0x33, 0x33, 0xcc, 0x33, 0xcc, 0xcc, 0x33,
        0xcc, 0x33, 0x33, 0xcc, 0x33, 0xcc, 0xcc, 0x33, 0xcc, 0x33, 0x33, 0xcc,
        0x33, 0xcc, 0xcc, 0x33, 0xcc, 0x33, 0x33, 0xcc, 0x33, 0xcc, 0xcc, 0x33,
        0xcc, 0x33, 0x33, 0xcc, 0x55, 0xaa, 0xaa, 0x55, 0x55, 0xaa, 0xaa, 0x55,
        0x55, 0xaa, 0xaa, 0x55, 0x55, 0xaa, 0xaa, 0x55, 0x55, 0xaa, 0xaa, 0x55,
        0x55, 0xaa, 0xaa, 0x55, 0x55, 0xaa, 0xaa, 0x55, 0x55, 0xaa, 0xaa, 0x55,
        0x55, 0xaa, 0xaa, 0x55, 0x55, 0xaa, 0xaa, 0x55, 0x55, 0xaa, 0xaa, 0x55,
        0x55, 0xaa, 0xaa, 0x55, 0x55, 0xaa, 0xaa, 0x55, 0x55, 0xaa, 0xaa, 0x55,
        0x55, 0xaa, 0xaa, 0x55, 0x55, 0xaa, 0xaa, 0x55, 0x55, 0xaa, 0xaa, 0x55,
        0x55, 0xaa, 0xaa, 0x55, 0x55, 0xaa, 0xaa, 0x55, 0x55, 0xaa, 0xaa, 0x55,
        0xc3, 0xc3, 0x3c, 0x3c, 0xc3, 0xc3, 0x3c, 0x3c, 0xc3, 0xc3, 0x3c, 0x3c,
        0xc3, 0xc3, 0x3c, 0x3c, 0xc3, 0xc3, 0x3c, 0x3c, 0xc3, 0xc3, 0x3c, 0x3c,
        0xc3, 0xc3, 0x3c, 0x3c, 0xc3, 0xc3, 0x3c, 0x3c, 0xc3, 0xc3, 0x3c, 0x3c,
        0xc3, 0xc3, 0x3c, 0x3c, 0xc3, 0xc3, 0x3c, 0x3c, 0xc3, 0xc3, 0x3c, 0x3c,
        0xc3, 0xc3, 0x3c, 0x3c, 0xc3, 0xc3, 0x3c, 0x3c, 0xc3, 0xc3, 0x3c, 0x3c,
        0xc3, 0xc3, 0x3c, 0x3c, 0xc3, 0xc3, 0x3c, 0x3c, 0xc3, 0xc3, 0x3c, 0x3c,
        0xc3, 0xc3, 0x3c, 0x3c, 0xc3, 0xc3, 0x3c, 0x3c, 0xaa, 0xaa, 0x55, 0x55,
        0xaa, 0xaa, 0x55, 0x55, 0xaa, 0xaa, 0x55, 0x55, 0xaa, 0xaa, 0x55, 0x55,
        0xaa, 0xaa, 0x55, 0x55, 0xaa, 0xaa, 0x55, 0x55, 0xaa, 0xaa, 0x55, 0x55,
        0xaa, 0xaa, 0x55, 0x55, 0xaa, 0xaa, 0x55, 0x55, 0xaa, 0xaa, 0x55, 0x55,
        0xaa, 0xaa, 0x55, 0x55, 0xaa, 0xaa, 0x55, 0x55, 0xaa, 0xaa, 0x55, 0x55,
        0xaa, 0xaa, 0x55, 0x55, 0xaa, 0xaa, 0x55, 0x55, 0xaa, 0xaa, 0x55, 0x55,
        0xaa, 0xaa, 0x55, 0x55, 0xaa, 0xaa, 0x55, 0x55, 0xaa, 0xaa, 0x55, 0x55,
        0xaa, 0xaa, 0x55, 0x55, 0xa5, 0xa5, 0x5a, 0x5a, 0x5a, 0x5a, 0xa5, 0xa5,
        0xa5, 0xa5, 0x5a, 0x5a, 0x5a, 0x5a, 0xa5, 0xa5, 0xa5, 0xa5, 0x5a, 0x5a,
        0x5a, 0x5a, 0xa5, 0xa5, 0xa5, 0xa5, 0x5a, 0x5a, 0x5a, 0x5a, 0xa5, 0xa5,
        0xa5, 0xa5, 0x5a, 0x5a, 0x5a, 0x5a, 0xa5, 0xa5, 0xa5, 0xa5, 0x5a, 0x5a,
        0x5a, 0x5a, 0xa5, 0xa5, 0xa5, 0xa5, 0x5a, 0x5a, 0x5a, 0x5a, 0xa5, 0xa5,
        0xa5, 0xa5, 0x5a, 0x5a, 0x5a, 0x5a, 0xa5, 0xa5, 0xa5, 0xa5, 0x5a, 0x5a,
        0x5a, 0x5a, 0xa5, 0xa5, 0xa5, 0xa5, 0x5a, 0x5a, 0x5a, 0x5a, 0xa5, 0xa5,
        0x96, 0x69, 0x96, 0x69, 0x96, 0x69, 0x96, 0x69, 0x69, 0x96, 0x69, 0x96,
        0x69, 0x96, 0x69, 0x96, 0x96, 0x69, 0x96, 0x69, 0x96, 0x69, 0x96, 0x69,
        0x69, 0x96, 0x69, 0x96, 0x69, 0x96, 0x69, 0x96, 0x96, 0x69, 0x96, 0x69,
        0x96, 0x69, 0x96, 0x69, 0x69, 0x96, 0x69, 0x96, 0x69, 0x96, 0x69, 0x96,
        0x96, 0x69, 0x96, 0x69, 0x96, 0x69, 0x96, 0x69, 0x69, 0x96, 0x69, 0x96,
        0x69, 0x96, 0x69, 0x96, 0x96, 0x69, 0x96, 0x69, 0x96, 0x69, 0x96, 0x69,
        0x69, 0x96, 0x69, 0x96, 0x69, 0x96, 0x69, 0x96, 0x00, 0xff, 0xff, 0x00,
        0xff, 0x00, 0x00, 0xff, 0xff, 0x00, 0x00, 0xff, 0x00, 0xff, 0xff, 0x00,
        0x00, 0xff, 0xff, 0x00, 0xff, 0x00, 0x00, 0xff, 0xff, 0x00, 0x00, 0xff,
        0x00, 0xff, 0xff, 0x00, 0x00, 0xff, 0xff, 0x00, 0xff, 0x00, 0x00, 0xff,
        0xff, 0x00, 0x00, 0xff, 0x00, 0xff, 0xff, 0x00, 0x00, 0xff, 0xff, 0x00,
        0xff, 0x00, 0x00, 0xff, 0xff, 0x00, 0x00, 0xff, 0x00, 0xff, 0xff, 0x00,
        0x00, 0xff, 0xff, 0x00, 0xff, 0x00, 0x00, 0xff, 0xff, 0x00, 0x00, 0xff,
        0x00, 0xff, 0xff, 0x00, 0x69, 0x69, 0x69, 0x69, 0x69, 0x69, 0x69, 0x69,
        0x96, 0x96, 0x96, 0x96, 0x96, 0x96, 0x96, 0x96, 0x69, 0x69, 0x69, 0x69,
        0x69, 0x69, 0x69, 0x69, 0x96, 0x96, 0x96, 0x96, 0x96, 0x96, 0x96, 0x96,
        0x69, 0x69, 0x69, 0x69, 0x69, 0x69, 0x69, 0x69, 0x96, 0x96, 0x96, 0x96,
        0x96, 0x96, 0x96, 0x96, 0x69, 0x69, 0x69, 0x69, 0x69, 0x69, 0x69, 0x69,
        0x96, 0x96, 0x96, 0x96, 0x96, 0x96, 0x96, 0x96, 0x69, 0x69, 0x69, 0x69,
        0x69, 0x69, 0x69, 0x69, 0x96, 0x96, 0x96, 0x96, 0x96, 0x96, 0x96, 0x96,
        0xc3, 0xc3, 0xc3, 0xc3, 0xc3, 0xc3, 0xc3, 0xc3, 0x3c, 0x3c, 0x3c, 0x3c,
        0x3c, 0x3c, 0x3c, 0x3c, 0xc3, 0xc3, 0xc3, 0xc3, 0xc3, 0xc3, 0xc3, 0xc3,
        0x3c, 0x3c, 0x3c, 0x3c, 0x3c, 0x3c, 0x3c, 0x3c, 0xc3, 0xc3, 0xc3, 0xc3,
        0xc3, 0xc3, 0xc3, 0xc3, 0x3c, 0x3c, 0x3c, 0x3c, 0x3c, 0x3c, 0x3c, 0x3c,
        0xc3, 0xc3, 0xc3, 0xc3, 0xc3, 0xc3, 0xc3, 0xc3, 0x3c, 0x3c, 0x3c, 0x3c,
        0x3c, 0x3c, 0x3c, 0x3c, 0xc3, 0xc3, 0xc3, 0xc3, 0xc3, 0xc3, 0xc3, 0xc3,
        0x3c, 0x3c, 0x3c, 0x3c, 0x3c, 0x3c, 0x3c, 0x3c, 0x33, 0xcc, 0xcc, 0x33,
        0xcc, 0x33, 0x33, 0xcc, 0xcc, 0x33, 0x33, 0xcc, 0x33, 0xcc, 0xcc, 0x33,
        0x33, 0xcc, 0xcc, 0x33, 0xcc, 0x33, 0x33, 0xcc, 0xcc, 0x33, 0x33, 0xcc,
        0x33, 0xcc, 0xcc, 0x33, 0x33, 0xcc, 0xcc, 0x33, 0xcc, 0x33, 0x33, 0xcc,
        0xcc, 0x33, 0x33, 0xcc, 0x33, 0xcc, 0xcc, 0x33, 0x33, 0xcc, 0xcc, 0x33,
        0xcc, 0x33, 0x33, 0xcc, 0xcc, 0x33, 0x33, 0xcc, 0x33, 0xcc, 0xcc, 0x33,
        0x33, 0xcc, 0xcc, 0x33, 0xcc, 0x33, 0x33, 0xcc, 0xcc, 0x33, 0x33, 0xcc,
        0x33, 0xcc, 0xcc, 0x33, 0xa5, 0xa5, 0xa5, 0xa5, 0x5a, 0x5a, 0x5a, 0x5a,
        0xa5, 0xa5, 0xa5, 0xa5, 0x5a, 0x5a, 0x5a, 0x5a, 0xa5, 0xa5, 0xa5, 0xa5,
        0x5a, 0x5a, 0x5a, 0x5a, 0xa5, 0xa5, 0xa5, 0xa5, 0x5a, 0x5a, 0x5a, 0x5a,
        0xa5, 0xa5, 0xa5, 0xa5, 0x5a, 0x5a, 0x5a, 0x5a, 0xa5, 0xa5, 0xa5, 0xa5,
        0x5a, 0x5a, 0x5a, 0x5a, 0xa5, 0xa5, 0xa5, 0xa5, 0x5a, 0x5a, 0x5a, 0x5a,
        0xa5, 0xa5, 0xa5, 0xa5, 0x5a, 0x5a, 0x5a, 0x5a, 0xa5, 0xa5, 0xa5, 0xa5,
        0x5a, 0x5a, 0x5a, 0x5a, 0xa5, 0xa5, 0xa5, 0xa5, 0x5a, 0x5a, 0x5a, 0x5a,
        0x0f, 0x0f, 0xf0, 0xf0, 0xf0, 0xf0, 0x0f, 0x0f, 0xf0, 0xf0, 0x0f, 0x0f,
        0x0f, 0x0f, 0xf0, 0xf0, 0x0f, 0x0f, 0xf0, 0xf0, 0xf0, 0xf0, 0x0f, 0x0f,
        0xf0, 0xf0, 0x0f, 0x0f, 0x0f, 0x0f, 0xf0, 0xf0, 0x0f, 0x0f, 0xf0, 0xf0,
        0xf0, 0xf0, 0x0f, 0x0f, 0xf0, 0xf0, 0x0f, 0x0f, 0x0f, 0x0f, 0xf0, 0xf0,
        0x0f, 0x0f, 0xf0, 0xf0, 0xf0, 0xf0, 0x0f, 0x0f, 0xf0, 0xf0, 0x0f, 0x0f,
        0x0f, 0x0f, 0xf0, 0xf0, 0x0f, 0x0f, 0xf0, 0xf0, 0xf0, 0xf0, 0x0f, 0x0f,
        0xf0, 0xf0, 0x0f, 0x0f, 0x0f, 0x0f, 0xf0, 0xf0, 0x3c, 0xc3, 0xc3, 0x3c,
        0x3c, 0xc3, 0xc3, 0x3c, 0xc3, 0x3c, 0x3c, 0xc3, 0xc3, 0x3c, 0x3c, 0xc3,
        0x3c, 0xc3, 0xc3, 0x3c, 0x3c, 0xc3, 0xc3, 0x3c, 0xc3, 0x3c, 0x3c, 0xc3,
        0xc3, 0x3c, 0x3c, 0xc3, 0x3c, 0xc3, 0xc3, 0x3c, 0x3c, 0xc3, 0xc3, 0x3c,
        0xc3, 0x3c, 0x3c, 0xc3, 0xc3, 0x3c, 0x3c, 0xc3, 0x3c, 0xc3, 0xc3, 0x3c,
        0x3c, 0xc3, 0xc3, 0x3c, 0xc3, 0x3c, 0x3c, 0xc3, 0xc3, 0x3c, 0x3c, 0xc3,
        0x3c, 0xc3, 0xc3, 0x3c, 0x3c, 0xc3, 0xc3, 0x3c, 0xc3, 0x3c, 0x3c, 0xc3,
        0xc3, 0x3c, 0x3c, 0xc3, 0x66, 0x66, 0x66, 0x66, 0x99, 0x99, 0x99, 0x99,
        0x99, 0x99, 0x99, 0x99, 0x66, 0x66, 0x66, 0x66, 0x66, 0x66, 0x66, 0x66,
        0x99, 0x99, 0x99, 0x99, 0x99, 0x99, 0x99, 0x99, 0x66, 0x66, 0x66, 0x66,
        0x66, 0x66, 0x66, 0x66, 0x99, 0x99, 0x99, 0x99, 0x99, 0x99, 0x99, 0x99,
        0x66, 0x66, 0x66, 0x66, 0x66, 0x66, 0x66, 0x66, 0x99, 0x99, 0x99, 0x99,
        0x99, 0x99, 0x99, 0x99, 0x66, 0x66, 0x66, 0x66, 0x66, 0x66, 0x66, 0x66,
        0x99, 0x99, 0x99, 0x99, 0x99, 0x99, 0x99, 0x99, 0x66, 0x66, 0x66, 0x66,
        0xc3, 0xc3, 0x3c, 0x3c, 0x3c, 0x3c, 0xc3, 0xc3, 0xc3, 0xc3, 0x3c, 0x3c,
        0x3c, 0x3c, 0xc3, 0xc3, 0xc3, 0xc3, 0x3c, 0x3c, 0x3c, 0x3c, 0xc3, 0xc3,
        0xc3, 0xc3, 0x3c, 0x3c, 0x3c, 0x3c, 0xc3, 0xc3, 0xc3, 0xc3, 0x3c, 0x3c,
        0x3c, 0x3c, 0xc3, 0xc3, 0xc3, 0xc3, 0x3c, 0x3c, 0x3c, 0x3c, 0xc3, 0xc3,
        0xc3, 0xc3, 0x3c, 0x3c, 0x3c, 0x3c, 0xc3, 0xc3, 0xc3, 0xc3, 0x3c, 0x3c,
        0x3c, 0x3c, 0xc3, 0xc3, 0xc3, 0xc3, 0x3c, 0x3c, 0x3c, 0x3c, 0xc3, 0xc3,
        0xc3, 0xc3, 0x3c, 0x3c, 0x3c, 0x3c, 0xc3, 0xc3, 0xa5, 0xa5, 0xa5, 0xa5,
        0xa5, 0xa5, 0xa5, 0xa5, 0x5a, 0x5a, 0x5a, 0x5a, 0x5a, 0x5a, 0x5a, 0x5a,
        0xa5, 0xa5, 0xa5, 0xa5, 0xa5, 0xa5, 0xa5, 0xa5, 0x5a, 0x5a, 0x5a, 0x5a,
        0x5a, 0x5a, 0x5a, 0x5a, 0xa5, 0xa5, 0xa5, 0xa5, 0xa5, 0xa5, 0xa5, 0xa5,
        0x5a, 0x5a, 0x5a, 0x5a, 0x5a, 0x5a, 0x5a, 0x5a, 0xa5, 0xa5, 0xa5, 0xa5,
        0xa5, 0xa5, 0xa5, 0xa5, 0x5a, 0x5a, 0x5a, 0x5a, 0x5a, 0x5a, 0x5a, 0x5a,
        0xa5, 0xa5, 0xa5, 0xa5, 0xa5, 0xa5, 0xa5, 0xa5, 0x5a, 0x5a, 0x5a, 0x5a,
        0x5a, 0x5a, 0x5a, 0x5a, 0x96, 0x96, 0x69, 0x69, 0x69, 0x69, 0x96, 0x96,
        0x96, 0x96, 0x69, 0x69, 0x69, 0x69, 0x96, 0x96, 0x96, 0x96, 0x69, 0x69,
        0x69, 0x69, 0x96, 0x96, 0x96, 0x96, 0x69, 0x69, 0x69, 0x69, 0x96, 0x96,
        0x96, 0x96, 0x69, 0x69, 0x69, 0x69, 0x96, 0x96, 0x96, 0x96, 0x69, 0x69,
        0x69, 0x69, 0x96, 0x96, 0x96, 0x96, 0x69, 0x69, 0x69, 0x69, 0x96, 0x96,
        0x96, 0x96, 0x69, 0x69, 0x69, 0x69, 0x96, 0x96, 0x96, 0x96, 0x69, 0x69,
        0x69, 0x69, 0x96, 0x96, 0x96, 0x96, 0x69, 0x69, 0x69, 0x69, 0x96, 0x96,
        0x55, 0xaa, 0x55, 0xaa, 0x55, 0xaa, 0x55, 0xaa, 0xaa, 0x55, 0xaa, 0x55,
        0xaa, 0x55, 0xaa, 0x55, 0x55, 0xaa, 0x55, 0xaa, 0x55, 0xaa, 0x55, 0xaa,
        0xaa, 0x55, 0xaa, 0x55, 0xaa, 0x55, 0xaa, 0x55, 0x55, 0xaa, 0x55, 0xaa,
        0x55, 0xaa, 0x55, 0xaa, 0xaa, 0x55, 0xaa, 0x55, 0xaa, 0x55, 0xaa, 0x55,
        0x55, 0xaa, 0x55, 0xaa, 0x55, 0xaa, 0x55, 0xaa, 0xaa, 0x55, 0xaa, 0x55,
        0xaa, 0x55, 0xaa, 0x55, 0x55, 0xaa, 0x55, 0xaa, 0x55, 0xaa, 0x55, 0xaa,
        0xaa, 0x55, 0xaa, 0x55, 0xaa, 0x55, 0xaa, 0x55, 0x32, 0xde, 0xef, 0xff,
        0xee, 0x22, 0x33, 0xbb, 0xaa, 0x66, 0x77, 0x77, 0x66, 0xaa, 0xbb, 0x33,
        0x22, 0xee, 0xff, 0xef, 0xde, 0x32, 0x43, 0xab, 0x9a, 0x76, 0x87, 0x67,
        0x56, 0xba, 0xcb, 0x23, 0x12, 0xfe, 0x0f, 0xdf, 0xce, 0x42, 0x53, 0x9b,
        0x8a, 0x86, 0x97, 0x57, 0x46, 0xca, 0xdb, 0x13, 0x02, 0x0e, 0x1f, 0xcf,
        0xbe, 0x52, 0x63, 0x8b, 0x7a, 0x96, 0xa7, 0x47, 0x36, 0xda, 0xeb, 0x03,
        0xf2, 0x1e, 0x2f, 0xbf, 0xae, 0x62, 0x73, 0x7b, 0x6a, 0xa6, 0xb7, 0x37,
        0x26, 0xea, 0xfb, 0xf3, 0x3c, 0x3c, 0xc3, 0xc3, 0xc3, 0xc3, 0x3c, 0x3c,
        0x3c, 0x3c, 0xc3, 0xc3, 0xc3, 0xc3, 0x3c, 0x3c, 0x3c, 0x3c, 0xc3, 0xc3,
        0xc3, 0xc3, 0x3c, 0x3c, 0x3c, 0x3c, 0xc3, 0xc3, 0xc3, 0xc3, 0x3c, 0x3c,
        0x3c, 0x3c, 0xc3, 0xc3, 0xc3, 0xc3, 0x3c, 0x3c, 0x3c, 0x3c, 0xc3, 0xc3,
        0xc3, 0xc3, 0x3c, 0x3c, 0x3c, 0x3c, 0xc3, 0xc3, 0xc3, 0xc3, 0x3c, 0x3c,
        0x3c, 0x3c, 0xc3, 0xc3, 0xc3, 0xc3, 0x3c, 0x3c, 0x3c, 0x3c, 0xc3, 0xc3,
        0xc3, 0xc3, 0x3c, 0x3c, 0x3c, 0x3c, 0xc3, 0xc3, 0xc3, 0xc3, 0x3c, 0x3c,
        0x55, 0x55, 0x55, 0x55, 0xaa, 0xaa, 0xaa, 0xaa, 0x55, 0x55, 0x55, 0x55,
        0xaa, 0xaa, 0xaa, 0xaa, 0x55, 0x55, 0x55, 0x55, 0xaa, 0xaa, 0xaa, 0xaa,
        0x55, 0x55, 0x55, 0x55, 0xaa, 0xaa, 0xaa, 0xaa, 0x55, 0x55, 0x55, 0x55,
        0xaa, 0xaa, 0xaa, 0xaa, 0x55, 0x55, 0x55, 0x55, 0xaa, 0xaa, 0xaa, 0xaa,
        0x55, 0x55, 0x55, 0x55, 0xaa, 0xaa, 0xaa, 0xaa, 0x55, 0x55, 0x55, 0x55,
        0xaa, 0xaa, 0xaa, 0xaa, 0x55, 0x55, 0x55, 0x55, 0xaa, 0xaa, 0xaa, 0xaa,
        0x55, 0x55, 0x55, 0x55, 0xaa, 0xaa, 0xaa, 0xaa, 0xff, 0xff, 0xff, 0xff,
        0xff, 0xff, 0xff, 0xff, 0xff, 0xff, 0xff, 0xff, 0xff, 0xff, 0xff, 0xff,
        0xff, 0xff, 0xff, 0xff, 0xff, 0xff, 0xff, 0xff, 0xff, 0xff, 0xff, 0xff,
        0xff, 0xff, 0xff, 0xff, 0xff, 0xff, 0xff, 0xff, 0xff, 0xff, 0xff, 0xff,
        0xff, 0xff, 0xff, 0xff, 0xff, 0xff, 0xff, 0xff, 0xff, 0xff, 0xff, 0xff,
        0xff, 0xff, 0xff, 0xff, 0xff, 0xff, 0xff, 0xff, 0xff, 0xff, 0xff, 0xff,
        0xff, 0xff, 0xff, 0xff, 0xff, 0xff, 0xff, 0xff, 0xff, 0xff, 0xff, 0xff,
        0xff, 0xff, 0xff, 0xff, 0xaa, 0xaa, 0x55, 0x55, 0x55, 0x55, 0xaa, 0xaa,
        0xaa, 0xaa, 0x55, 0x55, 0x55, 0x55, 0xaa, 0xaa, 0xaa, 0xaa, 0x55, 0x55,
        0x55, 0x55, 0xaa, 0xaa, 0xaa, 0xaa, 0x55, 0x55, 0x55, 0x55, 0xaa, 0xaa,
        0xaa, 0xaa, 0x55, 0x55, 0x55, 0x55, 0xaa, 0xaa, 0xaa, 0xaa, 0x55, 0x55,
        0x55, 0x55, 0xaa, 0xaa, 0xaa, 0xaa, 0x55, 0x55, 0x55, 0x55, 0xaa, 0xaa,
        0xaa, 0xaa, 0x55, 0x55, 0x55, 0x55, 0xaa, 0xaa, 0xaa, 0xaa, 0x55, 0x55,
        0x55, 0x55, 0xaa, 0xaa, 0xaa, 0xaa, 0x55, 0x55, 0x55, 0x55, 0xaa, 0xaa,
        0x33, 0xcc, 0x33, 0xcc, 0x33, 0xcc, 0x33, 0xcc, 0xcc, 0x33, 0xcc, 0x33,
        0xcc, 0x33, 0xcc, 0x33, 0x33, 0xcc, 0x33, 0xcc, 0x33, 0xcc, 0x33, 0xcc,
        0xcc, 0x33, 0xcc, 0x33, 0xcc, 0x33, 0xcc, 0x33, 0x33, 0xcc, 0x33, 0xcc,
        0x33, 0xcc, 0x33, 0xcc, 0xcc, 0x33, 0xcc, 0x33, 0xcc, 0x33, 0xcc, 0x33,
        0x33, 0xcc, 0x33, 0xcc, 0x33, 0xcc, 0x33, 0xcc, 0xcc, 0x33, 0xcc, 0x33,
        0xcc, 0x33, 0xcc, 0x33, 0x33, 0xcc, 0x33, 0xcc, 0x33, 0xcc, 0x33, 0xcc,
        0xcc, 0x33, 0xcc, 0x33, 0xcc, 0x33, 0xcc, 0x33, 0xcc, 0xcc, 0xcc, 0xcc,
        0x33, 0x33, 0x33, 0x33, 0x33, 0x33, 0x33, 0x33, 0xcc, 0xcc, 0xcc, 0xcc,
        0xcc, 0xcc, 0xcc, 0xcc, 0x33, 0x33, 0x33, 0x33, 0x33, 0x33, 0x33, 0x33,
        0xcc, 0xcc, 0xcc, 0xcc, 0xcc, 0xcc, 0xcc, 0xcc, 0x33, 0x33, 0x33, 0x33,
        0x33, 0x33, 0x33, 0x33, 0xcc, 0xcc, 0xcc, 0xcc, 0xcc, 0xcc, 0xcc, 0xcc,
        0x33, 0x33, 0x33, 0x33, 0x33, 0x33, 0x33, 0x33, 0xcc, 0xcc, 0xcc, 0xcc,
        0xcc, 0xcc, 0xcc, 0xcc, 0x33, 0x33, 0x33, 0x33, 0x33, 0x33, 0x33, 0x33,
        0xcc, 0xcc, 0xcc, 0xcc, 0xc3, 0xc3, 0x3c, 0x3c, 0x3c, 0x3c, 0xc3, 0xc3,
        0x3c, 0x3c, 0xc3, 0xc3, 0xc3, 0xc3, 0x3c, 0x3c, 0xc3, 0xc3, 0x3c, 0x3c,
        0x3c, 0x3c, 0xc3, 0xc3, 0x3c, 0x3c, 0xc3, 0xc3, 0xc3, 0xc3, 0x3c, 0x3c,
        0xc3, 0xc3, 0x3c, 0x3c, 0x3c, 0x3c, 0xc3, 0xc3, 0x3c, 0x3c, 0xc3, 0xc3,
        0xc3, 0xc3, 0x3c, 0x3c, 0xc3, 0xc3, 0x3c, 0x3c, 0x3c, 0x3c, 0xc3, 0xc3,
        0x3c, 0x3c, 0xc3, 0xc3, 0xc3, 0xc3, 0x3c, 0x3c, 0xc3, 0xc3, 0x3c, 0x3c,
        0x3c, 0x3c, 0xc3, 0xc3, 0x3c, 0x3c, 0xc3, 0xc3, 0xc3, 0xc3, 0x3c, 0x3c,
        0x5a, 0xa5, 0x5a, 0xa5, 0x5a, 0xa5, 0x5a, 0xa5, 0x5a, 0xa5, 0x5a, 0xa5,
        0x5a, 0xa5, 0x5a, 0xa5, 0x5a, 0xa5, 0x5a, 0xa5, 0x5a, 0xa5, 0x5a, 0xa5,
        0x5a, 0xa5, 0x5a, 0xa5, 0x5a, 0xa5, 0x5a, 0xa5, 0x5a, 0xa5, 0x5a, 0xa5,
        0x5a, 0xa5, 0x5a, 0xa5, 0x5a, 0xa5, 0x5a, 0xa5, 0x5a, 0xa5, 0x5a, 0xa5,
        0x5a, 0xa5, 0x5a, 0xa5, 0x5a, 0xa5, 0x5a, 0xa5, 0x5a, 0xa5, 0x5a, 0xa5,
        0x5a, 0xa5, 0x5a, 0xa5, 0x5a, 0xa5, 0x5a, 0xa5, 0x5a, 0xa5, 0x5a, 0xa5,
        0x5a, 0xa5, 0x5a, 0xa5, 0x5a, 0xa5, 0x5a, 0xa5, 0xf0, 0xf0, 0x0f, 0x0f,
        0x0f, 0x0f, 0xf0, 0xf0, 0x0f, 0x0f, 0xf0, 0xf0, 0xf0, 0xf0, 0x0f, 0x0f,
        0xf0, 0xf0, 0x0f, 0x0f, 0x0f, 0x0f, 0xf0, 0xf0, 0x0f, 0x0f, 0xf0, 0xf0,
        0xf0, 0xf0, 0x0f, 0x0f, 0xf0, 0xf0, 0x0f, 0x0f, 0x0f, 0x0f, 0xf0, 0xf0,
        0x0f, 0x0f, 0xf0, 0xf0, 0xf0, 0xf0, 0x0f, 0x0f, 0xf0, 0xf0, 0x0f, 0x0f,
        0x0f, 0x0f, 0xf0, 0xf0, 0x0f, 0x0f, 0xf0, 0xf0, 0xf0, 0xf0, 0x0f, 0x0f,
        0xf0, 0xf0, 0x0f, 0x0f, 0x0f, 0x0f, 0xf0, 0xf0, 0x0f, 0x0f, 0xf0, 0xf0,
        0xf0, 0xf0, 0x0f, 0x0f, 0xcc, 0xcc, 0xcc, 0xcc, 0x33, 0x33, 0x33, 0x33,
        0x33, 0x33, 0x33, 0x33, 0xcc, 0xcc, 0xcc, 0xcc, 0xcc, 0xcc, 0xcc, 0xcc,
        0x33, 0x33, 0x33, 0x33, 0x33, 0x33, 0x33, 0x33, 0xcc, 0xcc, 0xcc, 0xcc,
        0xcc, 0xcc, 0xcc, 0xcc, 0x33, 0x33, 0x33, 0x33, 0x33, 0x33, 0x33, 0x33,
        0xcc, 0xcc, 0xcc, 0xcc, 0xcc, 0xcc, 0xcc, 0xcc, 0x33, 0x33, 0x33, 0x33,
        0x33, 0x33, 0x33, 0x33, 0xcc, 0xcc, 0xcc, 0xcc, 0xcc, 0xcc, 0xcc, 0xcc,
        0x33, 0x33, 0x33, 0x33, 0x33, 0x33, 0x33, 0x33, 0xcc, 0xcc, 0xcc, 0xcc,
        0x66, 0x99, 0x99, 0x66, 0x66, 0x99, 0x99, 0x66, 0x99, 0x66, 0x66, 0x99,
        0x99, 0x66, 0x66, 0x99, 0x66, 0x99, 0x99, 0x66, 0x66, 0x99, 0x99, 0x66,
        0x99, 0x66, 0x66, 0x99, 0x99, 0x66, 0x66, 0x99, 0x66, 0x99, 0x99, 0x66,
        0x66, 0x99, 0x99, 0x66, 0x99, 0x66, 0x66, 0x99, 0x99, 0x66, 0x66, 0x99,
        0x66, 0x99, 0x99, 0x66, 0x66, 0x99, 0x99, 0x66, 0x99, 0x66, 0x66, 0x99,
        0x99, 0x66, 0x66, 0x99, 0x66, 0x99, 0x99, 0x66, 0x66, 0x99, 0x99, 0x66,
        0x99, 0x66, 0x66, 0x99, 0x99, 0x66, 0x66, 0x99, 0x55, 0xaa, 0xaa, 0x55,
        0x55, 0xaa, 0xaa, 0x55, 0x55, 0xaa, 0xaa, 0x55, 0x55, 0xaa, 0xaa, 0x55,
        0x55, 0xaa, 0xaa, 0x55, 0x55, 0xaa, 0xaa, 0x55, 0x55, 0xaa, 0xaa, 0x55,
        0x55, 0xaa, 0xaa, 0x55, 0x55, 0xaa, 0xaa, 0x55, 0x55, 0xaa, 0xaa, 0x55,
        0x55, 0xaa, 0xaa, 0x55, 0x55, 0xaa, 0xaa, 0x55, 0x55, 0xaa, 0xaa, 0x55,
        0x55, 0xaa, 0xaa, 0x55, 0x55, 0xaa, 0xaa, 0x55, 0x55, 0xaa, 0xaa, 0x55,
        0x55, 0xaa, 0xaa, 0x55, 0x55, 0xaa, 0xaa, 0x55, 0x55, 0xaa, 0xaa, 0x55,
        0x55, 0xaa, 0xaa, 0x55, 0x69, 0x69, 0x96, 0x96, 0x96, 0x96, 0x69, 0x69,
        0x69, 0x69, 0x96, 0x96, 0x96, 0x96, 0x69, 0x69, 0x69, 0x69, 0x96, 0x96,
        0x96, 0x96, 0x69, 0x69, 0x69, 0x69, 0x96, 0x96, 0x96, 0x96, 0x69, 0x69,
        0x69, 0x69, 0x96, 0x96, 0x96, 0x96, 0x69, 0x69, 0x69, 0x69, 0x96, 0x96,
        0x96, 0x96, 0x69, 0x69, 0x69, 0x69, 0x96, 0x96, 0x96, 0x96, 0x69, 0x69,
        0x69, 0x69, 0x96, 0x96, 0x96, 0x96, 0x69, 0x69, 0x69, 0x69, 0x96, 0x96,
        0x96, 0x96, 0x69, 0x69, 0x69, 0x69, 0x96, 0x96, 0x96, 0x96, 0x69, 0x69,
        0xaa, 0xaa, 0xaa, 0xaa, 0xaa, 0xaa, 0xaa, 0xaa, 0x55, 0x55, 0x55, 0x55,
        0x55, 0x55, 0x55, 0x55, 0xaa, 0xaa, 0xaa, 0xaa, 0xaa, 0xaa, 0xaa, 0xaa,
        0x55, 0x55, 0x55, 0x55, 0x55, 0x55, 0x55, 0x55, 0xaa, 0xaa, 0xaa, 0xaa,
        0xaa, 0xaa, 0xaa, 0xaa, 0x55, 0x55, 0x55, 0x55, 0x55, 0x55, 0x55, 0x55,
        0xaa, 0xaa, 0xaa, 0xaa, 0xaa, 0xaa, 0xaa, 0xaa, 0x55, 0x55, 0x55, 0x55,
        0x55, 0x55, 0x55, 0x55, 0xaa, 0xaa, 0xaa, 0xaa, 0xaa, 0xaa, 0xaa, 0xaa,
        0x55, 0x55, 0x55, 0x55, 0x55, 0x55, 0x55, 0x55, 0xc3, 0xc3, 0xc3, 0xc3,
        0xc3, 0xc3, 0xc3, 0xc3, 0x3c, 0x3c, 0x3c, 0x3c, 0x3c, 0x3c, 0x3c, 0x3c,
        0xc3, 0xc3, 0xc3, 0xc3, 0xc3, 0xc3, 0xc3, 0xc3, 0x3c, 0x3c, 0x3c, 0x3c,
        0x3c, 0x3c, 0x3c, 0x3c, 0xc3, 0xc3, 0xc3, 0xc3, 0xc3, 0xc3, 0xc3, 0xc3,
        0x3c, 0x3c, 0x3c, 0x3c, 0x3c, 0x3c, 0x3c, 0x3c, 0xc3, 0xc3, 0xc3, 0xc3,
        0xc3, 0xc3, 0xc3, 0xc3, 0x3c, 0x3c, 0x3c, 0x3c, 0x3c, 0x3c, 0x3c, 0x3c,
        0xc3, 0xc3, 0xc3, 0xc3, 0xc3, 0xc3, 0xc3, 0xc3, 0x3c, 0x3c, 0x3c, 0x3c,
        0x3c, 0x3c, 0x3c, 0x3c, 0xff, 0x00, 0x00, 0xff, 0x00, 0xff, 0xff, 0x00,
        0xff, 0x00, 0x00, 0xff, 0x00, 0xff, 0xff, 0x00, 0xff, 0x00, 0x00, 0xff,
        0x00, 0xff, 0xff, 0x00, 0xff, 0x00, 0x00, 0xff, 0x00, 0xff, 0xff, 0x00,
        0xff, 0x00, 0x00, 0xff, 0x00, 0xff, 0xff, 0x00, 0xff, 0x00, 0x00, 0xff,
        0x00, 0xff, 0xff, 0x00, 0xff, 0x00, 0x00, 0xff, 0x00, 0xff, 0xff, 0x00,
        0xff, 0x00, 0x00, 0xff, 0x00, 0xff, 0xff, 0x00, 0xff, 0x00, 0x00, 0xff,
        0x00, 0xff, 0xff, 0x00, 0xff, 0x00, 0x00, 0xff, 0x00, 0xff, 0xff, 0x00,
        0xcc, 0x33, 0x33, 0xcc, 0x33, 0xcc, 0xcc, 0x33, 0xcc, 0x33, 0x33, 0xcc,
        0x33, 0xcc, 0xcc, 0x33, 0xcc, 0x33, 0x33, 0xcc, 0x33, 0xcc, 0xcc, 0x33,
        0xcc, 0x33, 0x33, 0xcc, 0x33, 0xcc, 0xcc, 0x33, 0xcc, 0x33, 0x33, 0xcc,
        0x33, 0xcc, 0xcc, 0x33, 0xcc, 0x33, 0x33, 0xcc, 0x33, 0xcc, 0xcc, 0x33,
        0xcc, 0x33, 0x33, 0xcc, 0x33, 0xcc, 0xcc, 0x33, 0xcc, 0x33, 0x33, 0xcc,
        0x33, 0xcc, 0xcc, 0x33, 0xcc, 0x33, 0x33, 0xcc, 0x33, 0xcc, 0xcc, 0x33,
        0xcc, 0x33, 0x33, 0xcc, 0x33, 0xcc, 0xcc, 0x33, 0xaa, 0x55, 0x55, 0xaa,
        0xaa, 0x55, 0x55, 0xaa, 0x55, 0xaa, 0xaa, 0x55, 0x55, 0xaa, 0xaa, 0x55,
        0xaa, 0x55, 0x55, 0xaa, 0xaa, 0x55, 0x55, 0xaa, 0x55, 0xaa, 0xaa, 0x55,
        0x55, 0xaa, 0xaa, 0x55, 0xaa, 0x55, 0x55, 0xaa, 0xaa, 0x55, 0x55, 0xaa,
        0x55, 0xaa, 0xaa, 0x55, 0x55, 0xaa, 0xaa, 0x55, 0xaa, 0x55, 0x55, 0xaa,
        0xaa, 0x55, 0x55, 0xaa, 0x55, 0xaa, 0xaa, 0x55, 0x55, 0xaa, 0xaa, 0x55,
        0xaa, 0x55, 0x55, 0xaa, 0xaa, 0x55, 0x55, 0xaa, 0x55, 0xaa, 0xaa, 0x55,
        0x55, 0xaa, 0xaa, 0x55, 0x99, 0x66, 0x99, 0x66, 0x99, 0x66, 0x99, 0x66,
        0x99, 0x66, 0x99, 0x66, 0x99, 0x66, 0x99, 0x66, 0x99, 0x66, 0x99, 0x66,
        0x99, 0x66, 0x99, 0x66, 0x99, 0x66, 0x99, 0x66, 0x99, 0x66, 0x99, 0x66,
        0x99, 0x66, 0x99, 0x66, 0x99, 0x66, 0x99, 0x66, 0x99, 0x66, 0x99, 0x66,
        0x99, 0x66, 0x99, 0x66, 0x99, 0x66, 0x99, 0x66, 0x99, 0x66, 0x99, 0x66,
        0x99, 0x66, 0x99, 0x66, 0x99, 0x66, 0x99, 0x66, 0x99, 0x66, 0x99, 0x66,
        0x99, 0x66, 0x99, 0x66, 0x99, 0x66, 0x99, 0x66, 0x99, 0x66, 0x99, 0x66,
        0x5a, 0xa5, 0xa5, 0x5a, 0xa5, 0x5a, 0x5a, 0xa5, 0x5a, 0xa5, 0xa5, 0x5a,
        0xa5, 0x5a, 0x5a, 0xa5, 0x5a, 0xa5, 0xa5, 0x5a, 0xa5, 0x5a, 0x5a, 0xa5,
        0x5a, 0xa5, 0xa5, 0x5a, 0xa5, 0x5a, 0x5a, 0xa5, 0x5a, 0xa5, 0xa5, 0x5a,
        0xa5, 0x5a, 0x5a, 0xa5, 0x5a, 0xa5, 0xa5, 0x5a, 0xa5, 0x5a, 0x5a, 0xa5,
        0x5a, 0xa5, 0xa5, 0x5a, 0xa5, 0x5a, 0x5a, 0xa5, 0x5a, 0xa5, 0xa5, 0x5a,
        0xa5, 0x5a, 0x5a, 0xa5, 0x5a, 0xa5, 0xa5, 0x5a, 0xa5, 0x5a, 0x5a, 0xa5,
        0x5a, 0xa5, 0xa5, 0x5a, 0xa5, 0x5a, 0x5a, 0xa5, 0x66, 0x66, 0x66, 0x66,
        0x66, 0x66, 0x66, 0x66, 0x66, 0x66, 0x66, 0x66, 0x66, 0x66, 0x66, 0x66,
        0x66, 0x66, 0x66, 0x66, 0x66, 0x66, 0x66, 0x66, 0x66, 0x66, 0x66, 0x66,
        0x66, 0x66, 0x66, 0x66, 0x66, 0x66, 0x66, 0x66, 0x66, 0x66, 0x66, 0x66,
        0x66, 0x66, 0x66, 0x66, 0x66, 0x66, 0x66, 0x66, 0x66, 0x66, 0x66, 0x66,
        0x66, 0x66, 0x66, 0x66, 0x66, 0x66, 0x66, 0x66, 0x66, 0x66, 0x66, 0x66,
        0x66, 0x66, 0x66, 0x66, 0x66, 0x66, 0x66, 0x66, 0x66, 0x66, 0x66, 0x66,
        0x66, 0x66, 0x66, 0x66, 0x0f, 0xf0, 0xf0, 0x0f, 0xf0, 0x0f, 0x0f, 0xf0,
        0xf0, 0x0f, 0x0f, 0xf0, 0x0f, 0xf0, 0xf0, 0x0f, 0x0f, 0xf0, 0xf0, 0x0f,
        0xf0, 0x0f, 0x0f, 0xf0, 0xf0, 0x0f, 0x0f, 0xf0, 0x0f, 0xf0, 0xf0, 0x0f,
        0x0f, 0xf0, 0xf0, 0x0f, 0xf0, 0x0f, 0x0f, 0xf0, 0xf0, 0x0f, 0x0f, 0xf0,
        0x0f, 0xf0, 0xf0, 0x0f, 0x0f, 0xf0, 0xf0, 0x0f, 0xf0, 0x0f, 0x0f, 0xf0,
        0xf0, 0x0f, 0x0f, 0xf0, 0x0f, 0xf0, 0xf0, 0x0f, 0x0f, 0xf0, 0xf0, 0x0f,
        0xf0, 0x0f, 0x0f, 0xf0, 0xf0, 0x0f, 0x0f, 0xf0, 0x0f, 0xf0, 0xf0, 0x0f,
        0xcc, 0x33, 0x33, 0xcc, 0x33, 0xcc, 0xcc, 0x33, 0x33, 0xcc, 0xcc, 0x33,
        0xcc, 0x33, 0x33, 0xcc, 0xcc, 0x33, 0x33, 0xcc, 0x33, 0xcc, 0xcc, 0x33,
        0x33, 0xcc, 0xcc, 0x33, 0xcc, 0x33, 0x33, 0xcc, 0xcc, 0x33, 0x33, 0xcc,
        0x33, 0xcc, 0xcc, 0x33, 0x33, 0xcc, 0xcc, 0x33, 0xcc, 0x33, 0x33, 0xcc,
        0xcc, 0x33, 0x33, 0xcc, 0x33, 0xcc, 0xcc, 0x33, 0x33, 0xcc, 0xcc, 0x33,
        0xcc, 0x33, 0x33, 0xcc, 0xcc, 0x33, 0x33, 0xcc, 0x33, 0xcc, 0xcc, 0x33,
        0x33, 0xcc, 0xcc, 0x33, 0xcc, 0x33, 0x33, 0xcc, 0x96, 0x96, 0x96, 0x96,
        0x69, 0x69, 0x69, 0x69, 0x96, 0x96, 0x96, 0x96, 0x69, 0x69, 0x69, 0x69,
        0x96, 0x96, 0x96, 0x96, 0x69, 0x69, 0x69, 0x69, 0x96, 0x96, 0x96, 0x96,
        0x69, 0x69, 0x69, 0x69, 0x96, 0x96, 0x96, 0x96, 0x69, 0x69, 0x69, 0x69,
        0x96, 0x96, 0x96, 0x96, 0x69, 0x69, 0x69, 0x69, 0x96, 0x96, 0x96, 0x96,
        0x69, 0x69, 0x69, 0x69, 0x96, 0x96, 0x96, 0x96, 0x69, 0x69, 0x69, 0x69,
        0x96, 0x96, 0x96, 0x96, 0x69, 0x69, 0x69, 0x69, 0x96, 0x96, 0x96, 0x96,
        0x69, 0x69, 0x69, 0x69, 0x00, 0xff, 0xff, 0x00, 0x00, 0xff, 0xff, 0x00,
        0xff, 0x00, 0x00, 0xff, 0xff, 0x00, 0x00, 0xff, 0x00, 0xff, 0xff, 0x00,
        0x00, 0xff, 0xff, 0x00, 0xff, 0x00, 0x00, 0xff, 0xff, 0x00, 0x00, 0xff,
        0x00, 0xff, 0xff, 0x00, 0x00, 0xff, 0xff, 0x00, 0xff, 0x00, 0x00, 0xff,
        0xff, 0x00, 0x00, 0xff, 0x00, 0xff, 0xff, 0x00, 0x00, 0xff, 0xff, 0x00,
        0xff, 0x00, 0x00, 0xff, 0xff, 0x00, 0x00, 0xff, 0x00, 0xff, 0xff, 0x00,
        0x00, 0xff, 0xff, 0x00, 0xff, 0x00, 0x00, 0xff, 0xff, 0x00, 0x00, 0xff,
        0x55, 0x55, 0xaa, 0xaa, 0x55, 0x55, 0xaa, 0xaa, 0xaa, 0xaa, 0x55, 0x55,
        0xaa, 0xaa, 0x55, 0x55, 0x55, 0x55, 0xaa, 0xaa, 0x55, 0x55, 0xaa, 0xaa,
        0xaa, 0xaa, 0x55, 0x55, 0xaa, 0xaa, 0x55, 0x55, 0x55, 0x55, 0xaa, 0xaa,
        0x55, 0x55, 0xaa, 0xaa, 0xaa, 0xaa, 0x55, 0x55, 0xaa, 0xaa, 0x55, 0x55,
        0x55, 0x55, 0xaa, 0xaa, 0x55, 0x55, 0xaa, 0xaa, 0xaa, 0xaa, 0x55, 0x55,
        0xaa, 0xaa, 0x55, 0x55, 0x55, 0x55, 0xaa, 0xaa, 0x55, 0x55, 0xaa, 0xaa,
        0xaa, 0xaa, 0x55, 0x55, 0xaa, 0xaa, 0x55, 0x55, 0x33, 0x33, 0xcc, 0xcc,
        0x33, 0x33, 0xcc, 0xcc, 0xcc, 0xcc, 0x33, 0x33, 0xcc, 0xcc, 0x33, 0x33,
        0x33, 0x33, 0xcc, 0xcc, 0x33, 0x33, 0xcc, 0xcc, 0xcc, 0xcc, 0x33, 0x33,
        0xcc, 0xcc, 0x33, 0x33, 0x33, 0x33, 0xcc, 0xcc, 0x33, 0x33, 0xcc, 0xcc,
        0xcc, 0xcc, 0x33, 0x33, 0xcc, 0xcc, 0x33, 0x33, 0x33, 0x33, 0xcc, 0xcc,
        0x33, 0x33, 0xcc, 0xcc, 0xcc, 0xcc, 0x33, 0x33, 0xcc, 0xcc, 0x33, 0x33,
        0x33, 0x33, 0xcc, 0xcc, 0x33, 0x33, 0xcc, 0xcc, 0xcc, 0xcc, 0x33, 0x33,
        0xcc, 0xcc, 0x33, 0x33, 0xc3, 0x3c, 0x3c, 0xc3, 0xc3, 0x3c, 0x3c, 0xc3,
        0xc3, 0x3c, 0x3c, 0xc3, 0xc3, 0x3c, 0x3c, 0xc3, 0xc3, 0x3c, 0x3c, 0xc3,
        0xc3, 0x3c, 0x3c, 0xc3, 0xc3, 0x3c, 0x3c, 0xc3, 0xc3, 0x3c, 0x3c, 0xc3,
        0xc3, 0x3c, 0x3c, 0xc3, 0xc3, 0x3c, 0x3c, 0xc3, 0xc3, 0x3c, 0x3c, 0xc3,
        0xc3, 0x3c, 0x3c, 0xc3, 0xc3, 0x3c, 0x3c, 0xc3, 0xc3, 0x3c, 0x3c, 0xc3,
        0xc3, 0x3c, 0x3c, 0xc3, 0xc3, 0x3c, 0x3c, 0xc3, 0xc3, 0x3c, 0x3c, 0xc3,
        0xc3, 0x3c, 0x3c, 0xc3, 0xc3, 0x3c, 0x3c, 0xc3, 0xc3, 0x3c, 0x3c, 0xc3,
        0x0f, 0xf0, 0x0f, 0xf0, 0x0f, 0xf0, 0x0f, 0xf0, 0xf0, 0x0f, 0xf0, 0x0f,
        0xf0, 0x0f, 0xf0, 0x0f, 0x0f, 0xf0, 0x0f, 0xf0, 0x0f, 0xf0, 0x0f, 0xf0,
        0xf0, 0x0f, 0xf0, 0x0f, 0xf0, 0x0f, 0xf0, 0x0f, 0x0f, 0xf0, 0x0f, 0xf0,
        0x0f, 0xf0, 0x0f, 0xf0, 0xf0, 0x0f, 0xf0, 0x0f, 0xf0, 0x0f, 0xf0, 0x0f,
        0x0f, 0xf0, 0x0f, 0xf0, 0x0f, 0xf0, 0x0f, 0xf0, 0xf0, 0x0f, 0xf0, 0x0f,
        0xf0, 0x0f, 0xf0, 0x0f, 0x0f, 0xf0, 0x0f, 0xf0, 0x0f, 0xf0, 0x0f, 0xf0,
        0xf0, 0x0f, 0xf0, 0x0f, 0xf0, 0x0f, 0xf0, 0x0f, 0xcc, 0xcc, 0x33, 0x33,
        0x33, 0x33, 0xcc, 0xcc, 0xcc, 0xcc, 0x33, 0x33, 0x33, 0x33, 0xcc, 0xcc,
        0xcc, 0xcc, 0x33, 0x33, 0x33, 0x33, 0xcc, 0xcc, 0xcc, 0xcc, 0x33, 0x33,
        0x33, 0x33, 0xcc, 0xcc, 0xcc, 0xcc, 0x33, 0x33, 0x33, 0x33, 0xcc, 0xcc,
        0xcc, 0xcc, 0x33, 0x33, 0x33, 0x33, 0xcc, 0xcc, 0xcc, 0xcc, 0x33, 0x33,
        0x33, 0x33, 0xcc, 0xcc, 0xcc, 0xcc, 0x33, 0x33, 0x33, 0x33, 0xcc, 0xcc,
        0xcc, 0xcc, 0x33, 0x33, 0x33, 0x33, 0xcc, 0xcc, 0xcc, 0xcc, 0x33, 0x33,
        0x33, 0x33, 0xcc, 0xcc, 0x69, 0x69, 0x96, 0x96, 0x96, 0x96, 0x69, 0x69,
        0x96, 0x96, 0x69, 0x69, 0x69, 0x69, 0x96, 0x96, 0x69, 0x69, 0x96, 0x96,
        0x96, 0x96, 0x69, 0x69, 0x96, 0x96, 0x69, 0x69, 0x69, 0x69, 0x96, 0x96,
        0x69, 0x69, 0x96, 0x96, 0x96, 0x96, 0x69, 0x69, 0x96, 0x96, 0x69, 0x69,
        0x69, 0x69, 0x96, 0x96, 0x69, 0x69, 0x96, 0x96, 0x96, 0x96, 0x69, 0x69,
        0x96, 0x96, 0x69, 0x69, 0x69, 0x69, 0x96, 0x96, 0x69, 0x69, 0x96, 0x96,
        0x96, 0x96, 0x69, 0x69, 0x96, 0x96, 0x69, 0x69, 0x69, 0x69, 0x96, 0x96,
        0xc3, 0xc3, 0x3c, 0x3c, 0x3c, 0x3c, 0xc3, 0xc3, 0x3c, 0x3c, 0xc3, 0xc3,
        0xc3, 0xc3, 0x3c, 0x3c, 0xc3, 0xc3, 0x3c, 0x3c, 0x3c, 0x3c, 0xc3, 0xc3,
        0x3c, 0x3c, 0xc3, 0xc3, 0xc3, 0xc3, 0x3c, 0x3c, 0xc3, 0xc3, 0x3c, 0x3c,
        0x3c, 0x3c, 0xc3, 0xc3, 0x3c, 0x3c, 0xc3, 0xc3, 0xc3, 0xc3, 0x3c, 0x3c,
        0xc3, 0xc3, 0x3c, 0x3c, 0x3c, 0x3c, 0xc3, 0xc3, 0x3c, 0x3c, 0xc3, 0xc3,
        0xc3, 0xc3, 0x3c, 0x3c, 0xc3, 0xc3, 0x3c, 0x3c, 0x3c, 0x3c, 0xc3, 0xc3,
        0x3c, 0x3c, 0xc3, 0xc3, 0xc3, 0xc3, 0x3c, 0x3c, 0xcc, 0xcc, 0xcc, 0xcc,
        0x33, 0x33, 0x33, 0x33, 0x33, 0x33, 0x33, 0x33, 0xcc, 0xcc, 0xcc, 0xcc,
        0xcc, 0xcc, 0xcc, 0xcc, 0x33, 0x33, 0x33, 0x33, 0x33, 0x33, 0x33, 0x33,
        0xcc, 0xcc, 0xcc, 0xcc, 0xcc, 0xcc, 0xcc, 0xcc, 0x33, 0x33, 0x33, 0x33,
        0x33, 0x33, 0x33, 0x33, 0xcc, 0xcc, 0xcc, 0xcc, 0xcc, 0xcc, 0xcc, 0xcc,
        0x33, 0x33, 0x33, 0x33, 0x33, 0x33, 0x33, 0x33, 0xcc, 0xcc, 0xcc, 0xcc,
        0xcc, 0xcc, 0xcc, 0xcc, 0x33, 0x33, 0x33, 0x33, 0x33, 0x33, 0x33, 0x33,
        0xcc, 0xcc, 0xcc, 0xcc, 0x33, 0xcc, 0xcc, 0x33, 0x33, 0xcc, 0xcc, 0x33,
        0x33, 0xcc, 0xcc, 0x33, 0x33, 0xcc, 0xcc, 0x33, 0x33, 0xcc, 0xcc, 0x33,
        0x33, 0xcc, 0xcc, 0x33, 0x33, 0xcc, 0xcc, 0x33, 0x33, 0xcc, 0xcc, 0x33,
        0x33, 0xcc, 0xcc, 0x33, 0x33, 0xcc, 0xcc, 0x33, 0x33, 0xcc, 0xcc, 0x33,
        0x33, 0xcc, 0xcc, 0x33, 0x33, 0xcc, 0xcc, 0x33, 0x33, 0xcc, 0xcc, 0x33,
        0x33, 0xcc, 0xcc, 0x33, 0x33, 0xcc, 0xcc, 0x33, 0x33, 0xcc, 0xcc, 0x33,
        0x33, 0xcc, 0xcc, 0x33, 0x33, 0xcc, 0xcc, 0x33, 0x33, 0xcc, 0xcc, 0x33
    },
    {
        0x96, 0x96, 0x96, 0x96, 0x69, 0x69, 0x69, 0x69, 0x69, 0x69, 0x69, 0x69,
        0x96, 0x96, 0x96, 0x96, 0x96, 0x96, 0x96, 0x96, 0x69, 0x69, 0x69, 0x69,
        0x69, 0x69, 0x69, 0x69, 0x96, 0x96, 0x96, 0x96, 0x96, 0x96, 0x96, 0x96,
        0x69, 0x69, 0x69, 0x69, 0x69, 0x69, 0x69, 0x69, 0x96, 0x96, 0x96, 0x96,
        0x96, 0x96, 0x96, 0x96, 0x69, 0x69, 0x69, 0x69, 0x69, 0x69, 0x69, 0x69,
        0x96, 0x96, 0x96, 0x96, 0x96, 0x96, 0x96, 0x96, 0x69, 0x69, 0x69, 0x69,
        0x69, 0x69, 0x69, 0x69, 0x96, 0x96, 0x96, 0x96, 0x96, 0x69, 0x96, 0x69,
        0x96, 0x69, 0x96, 0x69, 0x96, 0x69, 0x96, 0x69, 0x96, 0x69, 0x96, 0x69,
        0x96, 0x69, 0x96, 0x69, 0x96, 0x69, 0x96, 0x69, 0x96, 0x69, 0x96, 0x69,
        0x96, 0x69, 0x96, 0x69, 0x96, 0x69, 0x96, 0x69, 0x96, 0x69, 0x96, 0x69,
        0x96, 0x69, 0x96, 0x69, 0x96, 0x69, 0x96, 0x69, 0x96, 0x69, 0x96, 0x69,
        0x96, 0x69, 0x96, 0x69, 0x96, 0x69, 0x96, 0x69, 0x96, 0x69, 0x96, 0x69,
        0x96, 0x69, 0x96, 0x69, 0x96, 0x69, 0x96, 0x69, 0x96, 0x69, 0x96, 0x69,
        0x96, 0x69, 0x96, 0x69, 0x69, 0x96, 0x96, 0x69, 0x69, 0x96, 0x96, 0x69,
        0x69, 0x96, 0x96, 0x69, 0x69, 0x96, 0x96, 0x69, 0x69, 0x96, 0x96, 0x69,
        0x69, 0x96, 0x96, 0x69, 0x69, 0x96, 0x96, 0x69, 0x69, 0x96, 0x96, 0x69,
        0x69, 0x96, 0x96, 0x69, 0x69, 0x96, 0x96, 0x69, 0x69, 0x96, 0x96, 0x69,
        0x69, 0x96, 0x96, 0x69, 0x69, 0x96, 0x96, 0x69, 0x69, 0x96, 0x96, 0x69,
        0x69, 0x96, 0x96, 0x69, 0x69, 0x96, 0x96, 0x69, 0x69, 0x96, 0x96, 0x69,
        0x69, 0x96, 0x96, 0x69, 0x69, 0x96, 0x96, 0x69, 0x69, 0x96, 0x96, 0x69,
        0x96, 0x96, 0x69, 0x69, 0x96, 0x96, 0x69, 0x69, 0x69, 0x69, 0x96, 0x96,
        0x69, 0x69, 0x96, 0x96, 0x96, 0x96, 0x69, 0x69, 0x96, 0x96, 0x69, 0x69,
        0x69, 0x69, 0x96, 0x96, 0x69, 0x69, 0x96, 0x96, 0x96, 0x96, 0x69, 0x69,
        0x96, 0x96, 0x69, 0x69, 0x69, 0x69, 0x96, 0x96, 0x69, 0x69, 0x96, 0x96,
        0x96, 0x96, 0x69, 0x69, 0x96, 0x96, 0x69, 0x69, 0x69, 0x69, 0x96, 0x96,
        0x69, 0x69, 0x96, 0x96, 0x96, 0x96, 0x69, 0x69, 0x96, 0x96, 0x69, 0x69,
        0x69, 0x69, 0x96, 0x96, 0x69, 0x69, 0x96, 0x96, 0x96, 0x69, 0x69, 0x96,
        0x96, 0x69, 0x69, 0x96, 0x69, 0x96, 0x96, 0x69, 0x69, 0x96, 0x96, 0x69,
        0x96, 0x69, 0x69, 0x96, 0x96, 0x69, 0x69, 0x96, 0x69, 0x96, 0x96, 0x69,
        0x69, 0x96, 0x96, 0x69, 0x96, 0x69, 0x69, 0x96, 0x96, 0x69, 0x69, 0x96,
        0x69, 0x96, 0x96, 0x69, 0x69, 0x96, 0x96, 0x69, 0x96, 0x69, 0x69, 0x96,
        0x96, 0x69, 0x69, 0x96, 0x69, 0x96, 0x96, 0x69, 0x69, 0x96, 0x96, 0x69,
        0x96, 0x69, 0x69, 0x96, 0x96, 0x69, 0x69, 0x96, 0x69, 0x96, 0x96, 0x69,
        0x69, 0x96, 0x96, 0x69, 0x00, 0x00, 0x00, 0x00, 0xff, 0xff, 0xff, 0xff,
        0xff, 0xff, 0xff, 0xff, 0x00, 0x00, 0x00, 0x00, 0x00, 0x00, 0x00, 0x00,
        0xff, 0xff, 0xff, 0xff, 0xff, 0xff, 0xff, 0xff, 0x00, 0x00, 0x00, 0x00,
        0x00, 0x00, 0x00, 0x00, 0xff, 0xff, 0xff, 0xff, 0xff, 0xff, 0xff, 0xff,
        0x00, 0x00, 0x00, 0x00, 0x00, 0x00, 0x00, 0x00, 0xff, 0xff, 0xff, 0xff,
        0xff, 0xff, 0xff, 0xff, 0x00, 0x00, 0x00, 0x00, 0x00, 0x00, 0x00, 0x00,
        0xff, 0xff, 0xff, 0xff, 0xff, 0xff, 0xff, 0xff, 0x00, 0x00, 0x00, 0x00,
        0xc3, 0xc3, 0x3c, 0x3c, 0x3c, 0x3c, 0xc3, 0xc3, 0xc3, 0xc3, 0x3c, 0x3c,
        0x3c, 0x3c, 0xc3, 0xc3, 0xc3, 0xc3, 0x3c, 0x3c, 0x3c, 0x3c, 0xc3, 0xc3,
        0xc3, 0xc3, 0x3c, 0x3c, 0x3c, 0x3c, 0xc3, 0xc3, 0xc3, 0xc3, 0x3c, 0x3c,
        0x3c, 0x3c, 0xc3, 0xc3, 0xc3, 0xc3, 0x3c, 0x3c, 0x3c, 0x3c, 0xc3, 0xc3,
        0xc3, 0xc3, 0x3c, 0x3c, 0x3c, 0x3c, 0xc3, 0xc3, 0xc3, 0xc3, 0x3c, 0x3c,
        0x3c, 0x3c, 0xc3, 0xc3, 0xc3, 0xc3, 0x3c, 0x3c, 0x3c, 0x3c, 0xc3, 0xc3,
        0xc3, 0xc3, 0x3c, 0x3c, 0x3c, 0x3c, 0xc3, 0xc3, 0xcc, 0xcc, 0xcc, 0xcc,
        0x33, 0x33, 0x33, 0x33, 0x33, 0x33, 0x33, 0x33, 0xcc, 0xcc, 0xcc, 0xcc,
        0xcc, 0xcc, 0xcc, 0xcc, 0x33, 0x33, 0x33, 0x33, 0x33, 0x33, 0x33, 0x33,
        0xcc, 0xcc, 0xcc, 0xcc, 0xcc, 0xcc, 0xcc, 0xcc, 0x33, 0x33, 0x33, 0x33,
        0x33, 0x33, 0x33, 0x33, 0xcc, 0xcc, 0xcc, 0xcc, 0xcc, 0xcc, 0xcc, 0xcc,
        0x33, 0x33, 0x33, 0x33, 0x33, 0x33, 0x33, 0x33, 0xcc, 0xcc, 0xcc, 0xcc,
        0xcc, 0xcc, 0xcc, 0xcc, 0x33, 0x33, 0x33, 0x33, 0x33, 0x33, 0x33, 0x33,
        0xcc, 0xcc, 0xcc, 0xcc, 0x33, 0x33, 0x33, 0x33, 0xcc, 0xcc, 0xcc, 0xcc,
        0xcc, 0xcc, 0xcc, 0xcc, 0x33, 0x33, 0x33, 0x33, 0x33, 0x33, 0x33, 0x33,
        0xcc, 0xcc, 0xcc, 0xcc, 0xcc, 0xcc, 0xcc, 0xcc, 0x33, 0x33, 0x33, 0x33,
        0x33, 0x33, 0x33, 0x33, 0xcc, 0xcc, 0xcc, 0xcc, 0xcc, 0xcc, 0xcc, 0xcc,
        0x33, 0x33, 0x33, 0x33, 0x33, 0x33, 0x33, 0x33, 0xcc, 0xcc, 0xcc, 0xcc,
        0xcc, 0xcc, 0xcc, 0xcc, 0x33, 0x33, 0x33, 0x33, 0x33, 0x33, 0x33, 0x33,
        0xcc, 0xcc, 0xcc, 0xcc, 0xcc, 0xcc, 0xcc, 0xcc, 0x33, 0x33, 0x33, 0x33,
        0xf0, 0xf0, 0x0f, 0x0f, 0xf0, 0xf0, 0x0f, 0x0f, 0xf0, 0xf0, 0x0f, 0x0f,
        0xf0, 0xf0, 0x0f, 0x0f, 0xf0, 0xf0, 0x0f, 0x0f, 0xf0, 0xf0, 0x0f, 0x0f,
        0xf0, 0xf0, 0x0f, 0x0f, 0xf0, 0xf0, 0x0f, 0x0f, 0xf0, 0xf0, 0x0f, 0x0f,
        0xf0, 0xf0, 0x0f, 0x0f, 0xf0, 0xf0, 0x0f, 0x0f, 0xf0, 0xf0, 0x0f, 0x0f,
        0xf0, 0xf0, 0x0f, 0x0f, 0xf0, 0xf0, 0x0f, 0x0f, 0xf0, 0xf0, 0x0f, 0x0f,
        0xf0, 0xf0, 0x0f, 0x0f, 0xf0, 0xf0, 0x0f, 0x0f, 0xf0, 0xf0, 0x0f, 0x0f,
        0xf0, 0xf0, 0x0f, 0x0f, 0xf0, 0xf0, 0x0f, 0x0f, 0xff, 0x00, 0xff, 0x00,
        0xff, 0x00, 0xff, 0x00, 0x00, 0xff, 0x00, 0xff, 0x00, 0xff, 0x00, 0xff,
        0xff, 0x00, 0xff, 0x00, 0xff, 0x00, 0xff, 0x00, 0x00, 0xff, 0x00, 0xff,
        0x00, 0xff, 0x00, 0xff, 0xff, 0x00, 0xff, 0x00, 0xff, 0x00, 0xff, 0x00,
        0x00, 0xff, 0x00, 0xff, 0x00, 0xff, 0x00, 0xff, 0xff, 0x00, 0xff, 0x00,
        0xff, 0x00, 0xff, 0x00, 0x00, 0xff, 0x00, 0xff, 0x00, 0xff, 0x00, 0xff,
        0xff, 0x00, 0xff, 0x00, 0xff, 0x00, 0xff, 0x00, 0x00, 0xff, 0x00, 0xff,
        0x00, 0xff, 0x00, 0xff, 0x66, 0x66, 0x66, 0x66, 0x99, 0x99, 0x99, 0x99,
        0x99, 0x99, 0x99, 0x99, 0x66, 0x66, 0x66, 0x66, 0x66, 0x66, 0x66, 0x66,
        0x99, 0x99, 0x99, 0x99, 0x99, 0x99, 0x99, 0x99, 0x66, 0x66, 0x66, 0x66,
        0x66, 0x66, 0x66, 0x66, 0x99, 0x99, 0x99, 0x99, 0x99, 0x99, 0x99, 0x99,
        0x66, 0x66, 0x66, 0x66, 0x66, 0x66, 0x66, 0x66, 0x99, 0x99, 0x99, 0x99,
        0x99, 0x99, 0x99, 0x99, 0x66, 0x66, 0x66, 0x66, 0x66, 0x66, 0x66, 0x66,
        0x99, 0x99, 0x99, 0x99, 0x99, 0x99, 0x99, 0x99, 0x66, 0x66, 0x66, 0x66,
        0x55, 0x55, 0xaa, 0xaa, 0xaa, 0xaa, 0x55, 0x55, 0x55, 0x55, 0xaa, 0xaa,
        0xaa, 0xaa, 0x55, 0x55, 0x55, 0x55, 0xaa, 0xaa, 0xaa, 0xaa, 0x55, 0x55,
        0x55, 0x55, 0xaa, 0xaa, 0xaa, 0xaa, 0x55, 0x55, 0x55, 0x55, 0xaa, 0xaa,
        0xaa, 0xaa, 0x55, 0x55, 0x55, 0x55, 0xaa, 0xaa, 0xaa, 0xaa, 0x55, 0x55,
        0x55, 0x55, 0xaa, 0xaa, 0xaa, 0xaa, 0x55, 0x55, 0x55, 0x55, 0xaa, 0xaa,
        0xaa, 0xaa, 0x55, 0x55, 0x55, 0x55, 0xaa, 0xaa, 0xaa, 0xaa, 0x55, 0x55,
        0x55, 0x55, 0xaa, 0xaa, 0xaa, 0xaa, 0x55, 0x55, 0x96, 0x96, 0x96, 0x96,
        0x96, 0x96, 0x96, 0x96, 0x69, 0x69, 0x69, 0x69, 0x69, 0x69, 0x69, 0x69,
        0x96, 0x96, 0x96, 0x96, 0x96, 0x96, 0x96, 0x96, 0x69, 0x69, 0x69, 0x69,
        0x69, 0x69, 0x69, 0x69, 0x96, 0x96, 0x96, 0x96, 0x96, 0x96, 0x96, 0x96,
        0x69, 0x69, 0x69, 0x69, 0x69, 0x69, 0x69, 0x69, 0x96, 0x96, 0x96, 0x96,
        0x96, 0x96, 0x96, 0x96, 0x69, 0x69, 0x69, 0x69, 0x69, 0x69, 0x69, 0x69,
        0x96, 0x96, 0x96, 0x96, 0x96, 0x96, 0x96, 0x96, 0x69, 0x69, 0x69, 0x69,
        0x69, 0x69, 0x69, 0x69, 0x55, 0x55, 0xaa, 0xaa, 0x55, 0x55, 0xaa, 0xaa,
        0x55, 0x55, 0xaa, 0xaa, 0x55, 0x55, 0xaa, 0xaa, 0x55, 0x55, 0xaa, 0xaa,
        0x55, 0x55, 0xaa, 0xaa, 0x55, 0x55, 0xaa, 0xaa, 0x55, 0x55, 0xaa, 0xaa,
        0x55, 0x55, 0xaa, 0xaa, 0x55, 0x55, 0xaa, 0xaa, 0x55, 0x55, 0xaa, 0xaa,
        0x55, 0x55, 0xaa, 0xaa, 0x55, 0x55, 0xaa, 0xaa, 0x55, 0x55, 0xaa, 0xaa,
        0x55, 0x55, 0xaa, 0xaa, 0x55, 0x55, 0xaa, 0xaa, 0x55, 0x55, 0xaa, 0xaa,
        0x55, 0x55, 0xaa, 0xaa, 0x55, 0x55, 0xaa, 0xaa, 0x55, 0x55, 0xaa, 0xaa,
        0xaa, 0xaa, 0x55, 0x55, 0x55, 0x55, 0xaa, 0xaa, 0x55, 0x55, 0xaa, 0xaa,
        0xaa, 0xaa, 0x55, 0x55, 0xaa, 0xaa, 0x55, 0x55, 0x55, 0x55, 0xaa, 0xaa,
        0x55, 0x55, 0xaa, 0xaa, 0xaa, 0xaa, 0x55, 0x55, 0xaa, 0xaa, 0x55, 0x55,
        0x55, 0x55, 0xaa, 0xaa, 0x55, 0x55, 0xaa, 0xaa, 0xaa, 0xaa, 0x55, 0x55,
        0xaa, 0xaa, 0x55, 0x55, 0x55, 0x55, 0xaa, 0xaa, 0x55, 0x55, 0xaa, 0xaa,
        0xaa, 0xaa, 0x55, 0x55, 0xaa, 0xaa, 0x55, 0x55, 0x55, 0x55, 0xaa, 0xaa,
        0x55, 0x55, 0xaa, 0xaa, 0xaa, 0xaa, 0x55, 0x55, 0xf0, 0x0f, 0x0f, 0xf0,
        0xf0, 0x0f, 0x0f, 0xf0, 0x0f, 0xf0, 0xf0, 0x0f, 0x0f, 0xf0, 0xf0, 0x0f,
        0xf0, 0x0f, 0x0f, 0xf0, 0xf0, 0x0f, 0x0f, 0xf0, 0x0f, 0xf0, 0xf0, 0x0f,
        0x0f, 0xf0, 0xf0, 0x0f, 0xf0, 0x0f, 0x0f, 0xf0, 0xf0, 0x0f, 0x0f, 0xf0,
        0x0f, 0xf0, 0xf0, 0x0f, 0x0f, 0xf0, 0xf0, 0x0f, 0xf0, 0x0f, 0x0f, 0xf0,
        0xf0, 0x0f, 0x0f, 0xf0, 0x0f, 0xf0, 0xf0, 0x0f, 0x0f, 0xf0, 0xf0, 0x0f,
        0xf0, 0x0f, 0x0f, 0xf0, 0xf0, 0x0f, 0x0f, 0xf0, 0x0f, 0xf0, 0xf0, 0x0f,
        0x0f, 0xf0, 0xf0, 0x0f, 0xf0, 0x0f, 0x0f, 0xf0, 0x0f, 0xf0, 0xf0, 0x0f,
        0x0f, 0xf0, 0xf0, 0x0f, 0xf0, 0x0f, 0x0f, 0xf0, 0xf0, 0x0f, 0x0f, 0xf0,
        0x0f, 0xf0, 0xf0, 0x0f, 0x0f, 0xf0, 0xf0, 0x0f, 0xf0, 0x0f, 0x0f, 0xf0,
        0xf0, 0x0f, 0x0f, 0xf0, 0x0f, 0xf0, 0xf0, 0x0f, 0x0f, 0xf0, 0xf0, 0x0f,
        0xf0, 0x0f, 0x0f, 0xf0, 0xf0, 0x0f, 0x0f, 0xf0, 0x0f, 0xf0, 0xf0, 0x0f,
        0x0f, 0xf0, 0xf0, 0x0f, 0xf0, 0x0f, 0x0f, 0xf0, 0xf0, 0x0f, 0x0f, 0xf0,
        0x0f, 0xf0, 0xf0, 0x0f, 0x0f, 0xf0, 0xf0, 0x0f, 0xf0, 0x0f, 0x0f, 0xf0,
        0x96, 0x69, 0x96, 0x69, 0x96, 0x69, 0x96, 0x69, 0x96, 0x69, 0x96, 0x69,
        0x96, 0x69, 0x96, 0x69, 0x96, 0x69, 0x96, 0x69, 0x96, 0x69, 0x96, 0x69,
        0x96, 0x69, 0x96, 0x69, 0x96, 0x69, 0x96, 0x69, 0x96, 0x69, 0x96, 0x69,
        0x96, 0x69, 0x96, 0x69, 0x96, 0x69, 0x96, 0x69, 0x96, 0x69, 0x96, 0x69,
        0x96, 0x69, 0x96, 0x69, 0x96, 0x69, 0x96, 0x69, 0x96, 0x69, 0x96, 0x69,
        0x96, 0x69, 0x96, 0x69, 0x96, 0x69, 0x96, 0x69, 0x96, 0x69, 0x96, 0x69,
        0x96, 0x69, 0x96, 0x69, 0x96, 0x69, 0x96, 0x69, 0x99, 0x66, 0x99, 0x66,
        0x99, 0x66, 0x99, 0x66, 0x99, 0x66, 0x99, 0x66, 0x99, 0x66, 0x99, 0x66,
        0x99, 0x66, 0x99, 0x66, 0x99, 0x66, 0x99, 0x66, 0x99, 0x66, 0x99, 0x66,
        0x99, 0x66, 0x99, 0x66, 0x99, 0x66, 0x99, 0x66, 0x99, 0x66, 0x99, 0x66,
        0x99, 0x66, 0x99, 0x66, 0x99, 0x66, 0x99, 0x66, 0x99, 0x66, 0x99, 0x66,
        0x99, 0x66, 0x99, 0x66, 0x99, 0x66, 0x99, 0x66, 0x99, 0x66, 0x99, 0x66,
        0x99, 0x66, 0x99, 0x66, 0x99, 0x66, 0x99, 0x66, 0x99, 0x66, 0x99, 0x66,
        0x99, 0x66, 0x99, 0x66, 0xf0, 0xf0, 0xf0, 0xf0, 0xf0, 0xf0, 0xf0, 0xf0,
        0xf0, 0xf0, 0xf0, 0xf0, 0xf0, 0xf0, 0xf0, 0xf0, 0xf0, 0xf0, 0xf0, 0xf0,
        0xf0, 0xf0, 0xf0, 0xf0, 0xf0, 0xf0, 0xf0, 0xf0, 0xf0, 0xf0, 0xf0, 0xf0,
        0xf0, 0xf0, 0xf0, 0xf0, 0xf0, 0xf0, 0xf0, 0xf0, 0xf0, 0xf0, 0xf0, 0xf0,
        0xf0, 0xf0, 0xf0, 0xf0, 0xf0, 0xf0, 0xf0, 0xf0, 0xf0, 0xf0, 0xf0, 0xf0,
        0xf0, 0xf0, 0xf0, 0xf0, 0xf0, 0xf0, 0xf0, 0xf0, 0xf0, 0xf0, 0xf0, 0xf0,
        0xf0, 0xf0, 0xf0, 0xf0, 0xf0, 0xf0, 0xf0, 0xf0, 0xf0, 0xf0, 0xf0, 0xf0,
        0x3c, 0x3c, 0x3c, 0x3c, 0xc3, 0xc3, 0xc3, 0xc3, 0xc3, 0xc3, 0xc3, 0xc3,
        0x3c, 0x3c, 0x3c, 0x3c, 0x3c, 0x3c, 0x3c, 0x3c, 0xc3, 0xc3, 0xc3, 0xc3,
        0xc3, 0xc3, 0xc3, 0xc3, 0x3c, 0x3c, 0x3c, 0x3c, 0x3c, 0x3c, 0x3c, 0x3c,
        0xc3, 0xc3, 0xc3, 0xc3, 0xc3, 0xc3, 0xc3, 0xc3, 0x3c, 0x3c, 0x3c, 0x3c,
        0x3c, 0x3c, 0x3c, 0x3c, 0xc3, 0xc3, 0xc3, 0xc3, 0xc3, 0xc3, 0xc3, 0xc3,
        0x3c, 0x3c, 0x3c, 0x3c, 0x3c, 0x3c, 0x3c, 0x3c, 0xc3, 0xc3, 0xc3, 0xc3,
        0xc3, 0xc3, 0xc3, 0xc3, 0x3c, 0x3c, 0x3c, 0x3c, 0x96, 0x69, 0x96, 0x69,
        0x96, 0x69, 0x96, 0x69, 0x96, 0x69, 0x96, 0x69, 0x96, 0x69, 0x96, 0x69,
        0x96, 0x69, 0x96, 0x69, 0x96, 0x69, 0x96, 0x69, 0x96, 0x69, 0x96, 0x69,
        0x96, 0x69, 0x96, 0x69, 0x96, 0x69, 0x96, 0x69, 0x96, 0x69, 0x96, 0x69,
        0x96, 0x69, 0x96, 0x69, 0x96, 0x69, 0x96, 0x69, 0x96, 0x69, 0x96, 0x69,
        0x96, 0x69, 0x96, 0x69, 0x96, 0x69, 0x96, 0x69, 0x96, 0x69, 0x96, 0x69,
        0x96, 0x69, 0x96, 0x69, 0x96, 0x69, 0x96, 0x69, 0x96, 0x69, 0x96, 0x69,
        0x96, 0x69, 0x96, 0x69, 0x66, 0x66, 0x99, 0x99, 0x66, 0x66, 0x99, 0x99,
        0x99, 0x99, 0x66, 0x66, 0x99, 0x99, 0x66, 0x66, 0x66, 0x66, 0x99, 0x99,
        0x66, 0x66, 0x99, 0x99, 0x99, 0x99, 0x66, 0x66, 0x99, 0x99, 0x66, 0x66,
        0x66, 0x66, 0x99, 0x99, 0x66, 0x66, 0x99, 0x99, 0x99, 0x99, 0x66, 0x66,
        0x99, 0x99, 0x66, 0x66, 0x66, 0x66, 0x99, 0x99, 0x66, 0x66, 0x99, 0x99,
        0x99, 0x99, 0x66, 0x66, 0x99, 0x99, 0x66, 0x66, 0x66, 0x66, 0x99, 0x99,
        0x66, 0x66, 0x99, 0x99, 0x99, 0x99, 0x66, 0x66, 0x99, 0x99, 0x66, 0x66,
        0x99, 0x66, 0x66, 0x99, 0x99, 0x66, 0x66, 0x99, 0x66, 0x99, 0x99, 0x66,
        0x66, 0x99, 0x99, 0x66, 0x99, 0x66, 0x66, 0x99, 0x99, 0x66, 0x66, 0x99,
        0x66, 0x99, 0x99, 0x66, 0x66, 0x99, 0x99, 0x66, 0x99, 0x66, 0x66, 0x99,
        0x99, 0x66, 0x66, 0x99, 0x66, 0x99, 0x99, 0x66, 0x66, 0x99, 0x99, 0x66,
        0x99, 0x66, 0x66, 0x99, 0x99, 0x66, 0x66, 0x99, 0x66, 0x99, 0x99, 0x66,
        0x66, 0x99, 0x99, 0x66, 0x99, 0x66, 0x66, 0x99, 0x99, 0x66, 0x66, 0x99,
        0x66, 0x99, 0x99, 0x66, 0x66, 0x99, 0x99, 0x66, 0x96, 0x96, 0x96, 0x96,
        0x69, 0x69, 0x69, 0x69, 0x69, 0x69, 0x69, 0x69, 0x96, 0x96, 0x96, 0x96,
        0x96, 0x96, 0x96, 0x96, 0x69, 0x69, 0x69, 0x69, 0x69, 0x69, 0x69, 0x69,
        0x96, 0x96, 0x96, 0x96, 0x96, 0x96, 0x96, 0x96, 0x69, 0x69, 0x69, 0x69,
        0x69, 0x69, 0x69, 0x69, 0x96, 0x96, 0x96, 0x96, 0x96, 0x96, 0x96, 0x96,
        0x69, 0x69, 0x69, 0x69, 0x69, 0x69, 0x69, 0x69, 0x96, 0x96, 0x96, 0x96,
        0x96, 0x96, 0x96, 0x96, 0x69, 0x69, 0x69, 0x69, 0x69, 0x69, 0x69, 0x69,
        0x96, 0x96, 0x96, 0x96, 0xf0, 0x0f, 0xf0, 0x0f, 0xf0, 0x0f, 0xf0, 0x0f,
        0xf0, 0x0f, 0xf0, 0x0f, 0xf0, 0x0f, 0xf0, 0x0f, 0xf0, 0x0f, 0xf0, 0x0f,
        0xf0, 0x0f, 0xf0, 0x0f, 0xf0, 0x0f, 0xf0, 0x0f, 0xf0, 0x0f, 0xf0, 0x0f,
        0xf0, 0x0f, 0xf0, 0x0f, 0xf0, 0x0f, 0xf0, 0x0f, 0xf0, 0x0f, 0xf0, 0x0f,
        0xf0, 0x0f, 0xf0, 0x0f, 0xf0, 0x0f, 0xf0, 0x0f, 0xf0, 0x0f, 0xf0, 0x0f,
        0xf0, 0x0f, 0xf0, 0x0f, 0xf0, 0x0f, 0xf0, 0x0f, 0xf0, 0x0f, 0xf0, 0x0f,
        0xf0, 0x0f, 0xf0, 0x0f, 0xf0, 0x0f, 0xf0, 0x0f, 0xf0, 0x0f, 0xf0, 0x0f,
        0xc3, 0x3c, 0x3c, 0xc3, 0xc3, 0x3c, 0x3c, 0xc3, 0xc3, 0x3c, 0x3c, 0xc3,
        0xc3, 0x3c, 0x3c, 0xc3, 0xc3, 0x3c, 0x3c, 0xc3, 0xc3, 0x3c, 0x3c, 0xc3,
        0xc3, 0x3c, 0x3c, 0xc3, 0xc3, 0x3c, 0x3c, 0xc3, 0xc3, 0x3c, 0x3c, 0xc3,
        0xc3, 0x3c, 0x3c, 0xc3, 0xc3, 0x3c, 0x3c, 0xc3, 0xc3, 0x3c, 0x3c, 0xc3,
        0xc3, 0x3c, 0x3c, 0xc3, 0xc3, 0x3c, 0x3c, 0xc3, 0xc3, 0x3c, 0x3c, 0xc3,
        0xc3, 0x3c, 0x3c, 0xc3, 0xc3, 0x3c, 0x3c, 0xc3, 0xc3, 0x3c, 0x3c, 0xc3,
        0xc3, 0x3c, 0x3c, 0xc3, 0xc3, 0x3c, 0x3c, 0xc3, 0xa5, 0x5a, 0xa5, 0x5a,
        0xa5, 0x5a, 0xa5, 0x5a, 0x5a, 0xa5, 0x5a, 0xa5, 0x5a, 0xa5, 0x5a, 0xa5,
        0xa5, 0x5a, 0xa5, 0x5a, 0xa5, 0x5a, 0xa5, 0x5a, 0x5a, 0xa5, 0x5a, 0xa5,
        0x5a, 0xa5, 0x5a, 0xa5, 0xa5, 0x5a, 0xa5, 0x5a, 0xa5, 0x5a, 0xa5, 0x5a,
        0x5a, 0xa5, 0x5a, 0xa5, 0x5a, 0xa5, 0x5a, 0xa5, 0xa5, 0x5a, 0xa5, 0x5a,
        0xa5, 0x5a, 0xa5, 0x5a, 0x5a, 0xa5, 0x5a, 0xa5, 0x5a, 0xa5, 0x5a, 0xa5,
        0xa5, 0x5a, 0xa5, 0x5a, 0xa5, 0x5a, 0xa5, 0x5a, 0x5a, 0xa5, 0x5a, 0xa5,
        0x5a, 0xa5, 0x5a, 0xa5, 0x3c, 0xc3, 0xc3, 0x3c, 0xc3, 0x3c, 0x3c, 0xc3,
        0xc3, 0x3c, 0x3c, 0xc3, 0x3c, 0xc3, 0xc3, 0x3c, 0x3c, 0xc3, 0xc3, 0x3c,
        0xc3, 0x3c, 0x3c, 0xc3, 0xc3, 0x3c, 0x3c, 0xc3, 0x3c, 0xc3, 0xc3, 0x3c,
        0x3c, 0xc3, 0xc3, 0x3c, 0xc3, 0x3c, 0x3c, 0xc3, 0xc3, 0x3c, 0x3c, 0xc3,
        0x3c, 0xc3, 0xc3, 0x3c, 0x3c, 0xc3, 0xc3, 0x3c, 0xc3, 0x3c, 0x3c, 0xc3,
        0xc3, 0x3c, 0x3c, 0xc3, 0x3c, 0xc3, 0xc3, 0x3c, 0x3c, 0xc3, 0xc3, 0x3c,
        0xc3, 0x3c, 0x3c, 0xc3, 0xc3, 0x3c, 0x3c, 0xc3, 0x3c, 0xc3, 0xc3, 0x3c,
        0x69, 0x96, 0x69, 0x96, 0x96, 0x69, 0x96, 0x69, 0x69, 0x96, 0x69, 0x96,
        0x96, 0x69, 0x96, 0x69, 0x69, 0x96, 0x69, 0x96, 0x96, 0x69, 0x96, 0x69,
        0x69, 0x96, 0x69, 0x96, 0x96, 0x69, 0x96, 0x69, 0x69, 0x96, 0x69, 0x96,
        0x96, 0x69, 0x96, 0x69, 0x69, 0x96, 0x69, 0x96, 0x96, 0x69, 0x96, 0x69,
        0x69, 0x96, 0x69, 0x96, 0x96, 0x69, 0x96, 0x69, 0x69, 0x96, 0x69, 0x96,
        0x96, 0x69, 0x96, 0x69, 0x69, 0x96, 0x69, 0x96, 0x96, 0x69, 0x96, 0x69,
        0x69, 0x96, 0x69, 0x96, 0x96, 0x69, 0x96, 0x69, 0x33, 0x33, 0x33, 0x33,
        0xcc, 0xcc, 0xcc, 0xcc, 0x33, 0x33, 0x33, 0x33, 0xcc, 0xcc, 0xcc, 0xcc,
        0x33, 0x33, 0x33, 0x33, 0xcc, 0xcc, 0xcc, 0xcc, 0x33, 0x33, 0x33, 0x33,
        0xcc, 0xcc, 0xcc, 0xcc, 0x33, 0x33, 0x33, 0x33, 0xcc, 0xcc, 0xcc, 0xcc,
        0x33, 0x33, 0x33, 0x33, 0xcc, 0xcc, 0xcc, 0xcc, 0x33, 0x33, 0x33, 0x33,
        0xcc, 0xcc, 0xcc, 0xcc, 0x33, 0x33, 0x33, 0x33, 0xcc, 0xcc, 0xcc, 0xcc,
        0x33, 0x33, 0x33, 0x33, 0xcc, 0xcc, 0xcc, 0xcc, 0x33, 0x33, 0x33, 0x33,
        0xcc, 0xcc, 0xcc, 0xcc, 0xcc, 0xcc, 0xcc, 0xcc, 0x33, 0x33, 0x33, 0x33,
        0x33, 0x33, 0x33, 0x33, 0xcc, 0xcc, 0xcc, 0xcc, 0xcc, 0xcc, 0xcc, 0xcc,
        0x33, 0x33, 0x33, 0x33, 0x33, 0x33, 0x33, 0x33, 0xcc, 0xcc, 0xcc, 0xcc,
        0xcc, 0xcc, 0xcc, 0xcc, 0x33, 0x33, 0x33, 0x33, 0x33, 0x33, 0x33, 0x33,
        0xcc, 0xcc, 0xcc, 0xcc, 0xcc, 0xcc, 0xcc, 0xcc, 0x33, 0x33, 0x33, 0x33,
        0x33, 0x33, 0x33, 0x33, 0xcc, 0xcc, 0xcc, 0xcc, 0xcc, 0xcc, 0xcc, 0xcc,
        0x33, 0x33, 0x33, 0x33, 0x33, 0x33, 0x33, 0x33, 0xcc, 0xcc, 0xcc, 0xcc,
        0x96, 0x69, 0x96, 0x69, 0x96, 0x69, 0x96, 0x69, 0x96, 0x69, 0x96, 0x69,
        0x96, 0x69, 0x96, 0x69, 0x96, 0x69, 0x96, 0x69, 0x96, 0x69, 0x96, 0x69,
        0x96, 0x69, 0x96, 0x69, 0x96, 0x69, 0x96, 0x69, 0x96, 0x69, 0x96, 0x69,
        0x96, 0x69, 0x96, 0x69, 0x96, 0x69, 0x96, 0x69, 0x96, 0x69, 0x96, 0x69,
        0x96, 0x69, 0x96, 0x69, 0x96, 0x69, 0x96, 0x69, 0x96, 0x69, 0x96, 0x69,
        0x96, 0x69, 0x96, 0x69, 0x96, 0x69, 0x96, 0x69, 0x96, 0x69, 0x96, 0x69,
        0x96, 0x69, 0x96, 0x69, 0x96, 0x69, 0x96, 0x69, 0x96, 0x69, 0x69, 0x96,
        0x69, 0x96, 0x96, 0x69, 0x69, 0x96, 0x96, 0x69, 0x96, 0x69, 0x69, 0x96,
        0x96, 0x69, 0x69, 0x96, 0x69, 0x96, 0x96, 0x69, 0x69, 0x96, 0x96, 0x69,
        0x96, 0x69, 0x69, 0x96, 0x96, 0x69, 0x69, 0x96, 0x69, 0x96, 0x96, 0x69,
        0x69, 0x96, 0x96, 0x69, 0x96, 0x69, 0x69, 0x96, 0x96, 0x69, 0x69, 0x96,
        0x69, 0x96, 0x96, 0x69, 0x69, 0x96, 0x96, 0x69, 0x96, 0x69, 0x69, 0x96,
        0x96, 0x69, 0x69, 0x96, 0x69, 0x96, 0x96, 0x69, 0x69, 0x96, 0x96, 0x69,
        0x96, 0x69, 0x69, 0x96, 0x3c, 0x3c, 0x3c, 0x3c, 0x3c, 0x3c, 0x3c, 0x3c,
        0xc3, 0xc3, 0xc3, 0xc3, 0xc3, 0xc3, 0xc3, 0xc3, 0x3c, 0x3c, 0x3c, 0x3c,
        0x3c, 0x3c, 0x3c, 0x3c, 0xc3, 0xc3, 0xc3, 0xc3, 0xc3, 0xc3, 0xc3, 0xc3,
        0x3c, 0x3c, 0x3c, 0x3c, 0x3c, 0x3c, 0x3c, 0x3c, 0xc3, 0xc3, 0xc3, 0xc3,
        0xc3, 0xc3, 0xc3, 0xc3, 0x3c, 0x3c, 0x3c, 0x3c, 0x3c, 0x3c, 0x3c, 0x3c,
        0xc3, 0xc3, 0xc3, 0xc3, 0xc3, 0xc3, 0xc3, 0xc3, 0x3c, 0x3c, 0x3c, 0x3c,
        0x3c, 0x3c, 0x3c, 0x3c, 0xc3, 0xc3, 0xc3, 0xc3, 0xc3, 0xc3, 0xc3, 0xc3,
        0x55, 0xaa, 0x55, 0xaa, 0xaa, 0x55, 0xaa, 0x55, 0xaa, 0x55, 0xaa, 0x55,
        0x55, 0xaa, 0x55, 0xaa, 0x55, 0xaa, 0x55, 0xaa, 0xaa, 0x55, 0xaa, 0x55,
        0xaa, 0x55, 0xaa, 0x55, 0x55, 0xaa, 0x55, 0xaa, 0x55, 0xaa, 0x55, 0xaa,
        0xaa, 0x55, 0xaa, 0x55, 0xaa, 0x55, 0xaa, 0x55, 0x55, 0xaa, 0x55, 0xaa,
        0x55, 0xaa, 0x55, 0xaa, 0xaa, 0x55, 0xaa, 0x55, 0xaa, 0x55, 0xaa, 0x55,
        0x55, 0xaa, 0x55, 0xaa, 0x55, 0xaa, 0x55, 0xaa, 0xaa, 0x55, 0xaa, 0x55,
        0xaa, 0x55, 0xaa, 0x55, 0x55, 0xaa, 0x55, 0xaa, 0x33, 0x33, 0x33, 0x33,
        0xcc, 0xcc, 0xcc, 0xcc, 0x33, 0x33, 0x33, 0x33, 0xcc, 0xcc, 0xcc, 0xcc,
        0x33, 0x33, 0x33, 0x33, 0xcc, 0xcc, 0xcc, 0xcc, 0x33, 0x33, 0x33, 0x33,
        0xcc, 0xcc, 0xcc, 0xcc, 0x33, 0x33, 0x33, 0x33, 0xcc, 0xcc, 0xcc, 0xcc,
        0x33, 0x33, 0x33, 0x33, 0xcc, 0xcc, 0xcc, 0xcc, 0x33, 0x33, 0x33, 0x33,
        0xcc, 0xcc, 0xcc, 0xcc, 0x33, 0x33, 0x33, 0x33, 0xcc, 0xcc, 0xcc, 0xcc,
        0x33, 0x33, 0x33, 0x33, 0xcc, 0xcc, 0xcc, 0xcc, 0x33, 0x33, 0x33, 0x33,
        0xcc, 0xcc, 0xcc, 0xcc, 0x33, 0xcc, 0x33, 0xcc, 0xcc, 0x33, 0xcc, 0x33,
        0xcc, 0x33, 0xcc, 0x33, 0x33, 0xcc, 0x33, 0xcc, 0x33, 0xcc, 0x33, 0xcc,
        0xcc, 0x33, 0xcc, 0x33, 0xcc, 0x33, 0xcc, 0x33, 0x33, 0xcc, 0x33, 0xcc,
        0x33, 0xcc, 0x33, 0xcc, 0xcc, 0x33, 0xcc, 0x33, 0xcc, 0x33, 0xcc, 0x33,
        0x33, 0xcc, 0x33, 0xcc, 0x33, 0xcc, 0x33, 0xcc, 0xcc, 0x33, 0xcc, 0x33,
        0xcc, 0x33, 0xcc, 0x33, 0x33, 0xcc, 0x33, 0xcc, 0x33, 0xcc, 0x33, 0xcc,
        0xcc, 0x33, 0xcc, 0x33, 0xcc, 0x33, 0xcc, 0x33, 0x33, 0xcc, 0x33, 0xcc,
        0x99, 0x66, 0x99, 0x66, 0x99, 0x66, 0x99, 0x66, 0x99, 0x66, 0x99, 0x66,
        0x99, 0x66, 0x99, 0x66, 0x99, 0x66, 0x99, 0x66, 0x99, 0x66, 0x99, 0x66,
        0x99, 0x66, 0x99, 0x66, 0x99, 0x66, 0x99, 0x66, 0x99, 0x66, 0x99, 0x66,
        0x99, 0x66, 0x99, 0x66, 0x99, 0x66, 0x99, 0x66, 0x99, 0x66, 0x99, 0x66,
        0x99, 0x66, 0x99, 0x66, 0x99, 0x66, 0x99, 0x66, 0x99, 0x66, 0x99, 0x66,
        0x99, 0x66, 0x99, 0x66, 0x99, 0x66, 0x99, 0x66, 0x99, 0x66, 0x99, 0x66,
        0x99, 0x66, 0x99, 0x66, 0x99, 0x66, 0x99, 0x66, 0x00, 0x00, 0xff, 0xff,
        0x00, 0x00, 0xff, 0xff, 0x00, 0x00, 0xff, 0xff, 0x00, 0x00, 0xff, 0xff,
        0x00, 0x00, 0xff, 0xff, 0x00, 0x00, 0xff, 0xff, 0x00, 0x00, 0xff, 0xff,
        0x00, 0x00, 0xff, 0xff, 0x00, 0x00, 0xff, 0xff, 0x00, 0x00, 0xff, 0xff,
        0x00, 0x00, 0xff, 0xff, 0x00, 0x00, 0xff, 0xff, 0x00, 0x00, 0xff, 0xff,
        0x00, 0x00, 0xff, 0xff, 0x00, 0x00, 0xff, 0xff, 0x00, 0x00, 0xff, 0xff,
        0x00, 0x00, 0xff, 0xff, 0x00, 0x00, 0xff, 0xff, 0x00, 0x00, 0xff, 0xff,
        0x00, 0x00, 0xff, 0xff, 0xc3, 0xc3, 0x3c, 0x3c, 0x3c, 0x3c, 0xc3, 0xc3,
        0x3c, 0x3c, 0xc3, 0xc3, 0xc3, 0xc3, 0x3c, 0x3c, 0xc3, 0xc3, 0x3c, 0x3c,
        0x3c, 0x3c, 0xc3, 0xc3, 0x3c, 0x3c, 0xc3, 0xc3, 0xc3, 0xc3, 0x3c, 0x3c,
        0xc3, 0xc3, 0x3c, 0x3c, 0x3c, 0x3c, 0xc3, 0xc3, 0x3c, 0x3c, 0xc3, 0xc3,
        0xc3, 0xc3, 0x3c, 0x3c, 0xc3, 0xc3, 0x3c, 0x3c, 0x3c, 0x3c, 0xc3, 0xc3,
        0x3c, 0x3c, 0xc3, 0xc3, 0xc3, 0xc3, 0x3c, 0x3c, 0xc3, 0xc3, 0x3c, 0x3c,
        0x3c, 0x3c, 0xc3, 0xc3, 0x3c, 0x3c, 0xc3, 0xc3, 0xc3, 0xc3, 0x3c, 0x3c,
        0x96, 0x96, 0x69, 0x69, 0x96, 0x96, 0x69, 0x69, 0x96, 0x96, 0x69, 0x69,
        0x96, 0x96, 0x69, 0x69, 0x96, 0x96, 0x69, 0x69, 0x96, 0x96, 0x69, 0x69,
        0x96, 0x96, 0x69, 0x69, 0x96, 0x96, 0x69, 0x69, 0x96, 0x96, 0x69, 0x69,
        0x96, 0x96, 0x69, 0x69, 0x96, 0x96, 0x69, 0x69, 0x96, 0x96, 0x69, 0x69,
        0x96, 0x96, 0x69, 0x69, 0x96, 0x96, 0x69, 0x69, 0x96, 0x96, 0x69, 0x69,
        0x96, 0x96, 0x69, 0x69, 0x96, 0x96, 0x69, 0x69, 0x96, 0x96, 0x69, 0x69,
        0x96, 0x96, 0x69, 0x69, 0x96, 0x96, 0x69, 0x69, 0xa5, 0x5a, 0xa5, 0x5a,
        0xa5, 0x5a, 0xa5, 0x5a, 0x5a, 0xa5, 0x5a, 0xa5, 0x5a, 0xa5, 0x5a, 0xa5,
        0xa5, 0x5a, 0xa5, 0x5a, 0xa5, 0x5a, 0xa5, 0x5a, 0x5a, 0xa5, 0x5a, 0xa5,
        0x5a, 0xa5, 0x5a, 0xa5, 0xa5, 0x5a, 0xa5, 0x5a, 0xa5, 0x5a, 0xa5, 0x5a,
        0x5a, 0xa5, 0x5a, 0xa5, 0x5a, 0xa5, 0x5a, 0xa5, 0xa5, 0x5a, 0xa5, 0x5a,
        0xa5, 0x5a, 0xa5, 0x5a, 0x5a, 0xa5, 0x5a, 0xa5, 0x5a, 0xa5, 0x5a, 0xa5,
        0xa5, 0x5a, 0xa5, 0x5a, 0xa5, 0x5a, 0xa5, 0x5a, 0x5a, 0xa5, 0x5a, 0xa5,
        0x5a, 0xa5, 0x5a, 0xa5, 0x96, 0x69, 0x69, 0x96, 0x69, 0x96, 0x96, 0x69,
        0x69, 0x96, 0x96, 0x69, 0x96, 0x69, 0x69, 0x96, 0x96, 0x69, 0x69, 0x96,
        0x69, 0x96, 0x96, 0x69, 0x69, 0x96, 0x96, 0x69, 0x96, 0x69, 0x69, 0x96,
        0x96, 0x69, 0x69, 0x96, 0x69, 0x96, 0x96, 0x69, 0x69, 0x96, 0x96, 0x69,
        0x96, 0x69, 0x69, 0x96, 0x96, 0x69, 0x69, 0x96, 0x69, 0x96, 0x96, 0x69,
        0x69, 0x96, 0x96, 0x69, 0x96, 0x69, 0x69, 0x96, 0x96, 0x69, 0x69, 0x96,
        0x69, 0x96, 0x96, 0x69, 0x69, 0x96, 0x96, 0x69, 0x96, 0x69, 0x69, 0x96,
        0x5a, 0x5a, 0xa5, 0xa5, 0x5a, 0x5a, 0xa5, 0xa5, 0xa5, 0xa5, 0x5a, 0x5a,
        0xa5, 0xa5, 0x5a, 0x5a, 0x5a, 0x5a, 0xa5, 0xa5, 0x5a, 0x5a, 0xa5, 0xa5,
        0xa5, 0xa5, 0x5a, 0x5a, 0xa5, 0xa5, 0x5a, 0x5a, 0x5a, 0x5a, 0xa5, 0xa5,
        0x5a, 0x5a, 0xa5, 0xa5, 0xa5, 0xa5, 0x5a, 0x5a, 0xa5, 0xa5, 0x5a, 0x5a,
        0x5a, 0x5a, 0xa5, 0xa5, 0x5a, 0x5a, 0xa5, 0xa5, 0xa5, 0xa5, 0x5a, 0x5a,
        0xa5, 0xa5, 0x5a, 0x5a, 0x5a, 0x5a, 0xa5, 0xa5, 0x5a, 0x5a, 0xa5, 0xa5,
        0xa5, 0xa5, 0x5a, 0x5a, 0xa5, 0xa5, 0x5a, 0x5a, 0x3c, 0xc3, 0xc3, 0x3c,
        0x3c, 0xc3, 0xc3, 0x3c, 0x3c, 0xc3, 0xc3, 0x3c, 0x3c, 0xc3, 0xc3, 0x3c,
        0x3c, 0xc3, 0xc3, 0x3c, 0x3c, 0xc3, 0xc3, 0x3c, 0x3c, 0xc3, 0xc3, 0x3c,
        0x3c, 0xc3, 0xc3, 0x3c, 0x3c, 0xc3, 0xc3, 0x3c, 0x3c, 0xc3, 0xc3, 0x3c,
        0x3c, 0xc3, 0xc3, 0x3c, 0x3c, 0xc3, 0xc3, 0x3c, 0x3c, 0xc3, 0xc3, 0x3c,
        0x3c, 0xc3, 0xc3, 0x3c, 0x3c, 0xc3, 0xc3, 0x3c, 0x3c, 0xc3, 0xc3, 0x3c,
        0x3c, 0xc3, 0xc3, 0x3c, 0x3c, 0xc3, 0xc3, 0x3c, 0x3c, 0xc3, 0xc3, 0x3c,
        0x3c, 0xc3, 0xc3, 0x3c, 0x55, 0x55, 0x55, 0x55, 0xaa, 0xaa, 0xaa, 0xaa,
        0xaa, 0xaa, 0xaa, 0xaa, 0x55, 0x55, 0x55, 0x55, 0x55, 0x55, 0x55, 0x55,
        0xaa, 0xaa, 0xaa, 0xaa, 0xaa, 0xaa, 0xaa, 0xaa, 0x55, 0x55, 0x55, 0x55,
        0x55, 0x55, 0x55, 0x55, 0xaa, 0xaa, 0xaa, 0xaa, 0xaa, 0xaa, 0xaa, 0xaa,
        0x55, 0x55, 0x55, 0x55, 0x55, 0x55, 0x55, 0x55, 0xaa, 0xaa, 0xaa, 0xaa,
        0xaa, 0xaa, 0xaa, 0xaa, 0x55, 0x55, 0x55, 0x55, 0x55, 0x55, 0x55, 0x55,
        0xaa, 0xaa, 0xaa, 0xaa, 0xaa, 0xaa, 0xaa, 0xaa, 0x55, 0x55, 0x55, 0x55,
        0x3c, 0x3c, 0x3c, 0x3c, 0x3c, 0x3c, 0x3c, 0x3c, 0x3c, 0x3c, 0x3c, 0x3c,
        0x3c, 0x3c, 0x3c, 0x3c, 0x3c, 0x3c, 0x3c, 0x3c, 0x3c, 0x3c, 0x3c, 0x3c,
        0x3c, 0x3c, 0x3c, 0x3c, 0x3c, 0x3c, 0x3c, 0x3c, 0x3c, 0x3c, 0x3c, 0x3c,
        0x3c, 0x3c, 0x3c, 0x3c, 0x3c, 0x3c, 0x3c, 0x3c, 0x3c, 0x3c, 0x3c, 0x3c,
        0x3c, 0x3c, 0x3c, 0x3c, 0x3c, 0x3c, 0x3c, 0x3c, 0x3c, 0x3c, 0x3c, 0x3c,
        0x3c, 0x3c, 0x3c, 0x3c, 0x3c, 0x3c, 0x3c, 0x3c, 0x3c, 0x3c, 0x3c, 0x3c,
        0x3c, 0x3c, 0x3c, 0x3c, 0x3c, 0x3c, 0x3c, 0x3c, 0xcc, 0x33, 0xcc, 0x33,
        0x33, 0xcc, 0x33, 0xcc, 0xcc, 0x33, 0xcc, 0x33, 0x33, 0xcc, 0x33, 0xcc,
        0xcc, 0x33, 0xcc, 0x33, 0x33, 0xcc, 0x33, 0xcc, 0xcc, 0x33, 0xcc, 0x33,
        0x33, 0xcc, 0x33, 0xcc, 0xcc, 0x33, 0xcc, 0x33, 0x33, 0xcc, 0x33, 0xcc,
        0xcc, 0x33, 0xcc, 0x33, 0x33, 0xcc, 0x33, 0xcc, 0xcc, 0x33, 0xcc, 0x33,
        0x33, 0xcc, 0x33, 0xcc, 0xcc, 0x33, 0xcc, 0x33, 0x33, 0xcc, 0x33, 0xcc,
        0xcc, 0x33, 0xcc, 0x33, 0x33, 0xcc, 0x33, 0xcc, 0xcc, 0x33, 0xcc, 0x33,
        0x33, 0xcc, 0x33, 0xcc, 0xa5, 0x5a, 0x5a, 0xa5, 0x5a, 0xa5, 0xa5, 0x5a,
        0xa5, 0x5a, 0x5a, 0xa5, 0x5a, 0xa5, 0xa5, 0x5a, 0xa5, 0x5a, 0x5a, 0xa5,
        0x5a, 0xa5, 0xa5, 0x5a, 0xa5, 0x5a, 0x5a, 0xa5, 0x5a, 0xa5, 0xa5, 0x5a,
        0xa5, 0x5a, 0x5a, 0xa5, 0x5a, 0xa5, 0xa5, 0x5a, 0xa5, 0x5a, 0x5a, 0xa5,
        0x5a, 0xa5, 0xa5, 0x5a, 0xa5, 0x5a, 0x5a, 0xa5, 0x5a, 0xa5, 0xa5, 0x5a,
        0xa5, 0x5a, 0x5a, 0xa5, 0x5a, 0xa5, 0xa5, 0x5a, 0xa5, 0x5a, 0x5a, 0xa5,
        0x5a, 0xa5, 0xa5, 0x5a, 0xa5, 0x5a, 0x5a, 0xa5, 0x5a, 0xa5, 0xa5, 0x5a,
        0x66, 0x99, 0x99, 0x66, 0x99, 0x66, 0x66, 0x99, 0x66, 0x99, 0x99, 0x66,
        0x99, 0x66, 0x66, 0x99, 0x66, 0x99, 0x99, 0x66, 0x99, 0x66, 0x66, 0x99,
        0x66, 0x99, 0x99, 0x66, 0x99, 0x66, 0x66, 0x99, 0x66, 0x99, 0x99, 0x66,
        0x99, 0x66, 0x66, 0x99, 0x66, 0x99, 0x99, 0x66, 0x99, 0x66, 0x66, 0x99,
        0x66, 0x99, 0x99, 0x66, 0x99, 0x66, 0x66, 0x99, 0x66, 0x99, 0x99, 0x66,
        0x99, 0x66, 0x66, 0x99, 0x66, 0x99, 0x99, 0x66, 0x99, 0x66, 0x66, 0x99,
        0x66, 0x99, 0x99, 0x66, 0x99, 0x66, 0x66, 0x99, 0x66, 0x99, 0x66, 0x99,
        0x99, 0x66, 0x99, 0x66, 0x66, 0x99, 0x66, 0x99, 0x99, 0x66, 0x99, 0x66,
        0x66, 0x99, 0x66, 0x99, 0x99, 0x66, 0x99, 0x66, 0x66, 0x99, 0x66, 0x99,
        0x99, 0x66, 0x99, 0x66, 0x66, 0x99, 0x66, 0x99, 0x99, 0x66, 0x99, 0x66,
        0x66, 0x99, 0x66, 0x99, 0x99, 0x66, 0x99, 0x66, 0x66, 0x99, 0x66, 0x99,
        0x99, 0x66, 0x99, 0x66, 0x66, 0x99, 0x66, 0x99, 0x99, 0x66, 0x99, 0x66,
        0x66, 0x99, 0x66, 0x99, 0x99, 0x66, 0x99, 0x66, 0x66, 0x99, 0x66, 0x99,
        0x99, 0x66, 0x99, 0x66, 0x3c, 0xc3, 0xc3, 0x3c, 0x3c, 0xc3, 0xc3, 0x3c,
        0xc3, 0x3c, 0x3c, 0xc3, 0xc3, 0x3c, 0x3c, 0xc3, 0x3c, 0xc3, 0xc3, 0x3c,
        0x3c, 0xc3, 0xc3, 0x3c, 0xc3, 0x3c, 0x3c, 0xc3, 0xc3, 0x3c, 0x3c, 0xc3,
        0x3c, 0xc3, 0xc3, 0x3c, 0x3c, 0xc3, 0xc3, 0x3c, 0xc3, 0x3c, 0x3c, 0xc3,
        0xc3, 0x3c, 0x3c, 0xc3, 0x3c, 0xc3, 0xc3, 0x3c, 0x3c, 0xc3, 0xc3, 0x3c,
        0xc3, 0x3c, 0x3c, 0xc3, 0xc3, 0x3c, 0x3c, 0xc3, 0x3c, 0xc3, 0xc3, 0x3c,
        0x3c, 0xc3, 0xc3, 0x3c, 0xc3, 0x3c, 0x3c, 0xc3, 0xc3, 0x3c, 0x3c, 0xc3,
        0x5a, 0x5a, 0x5a, 0x5a, 0x5a, 0x5a, 0x5a, 0x5a, 0xa5, 0xa5, 0xa5, 0xa5,
        0xa5, 0xa5, 0xa5, 0xa5, 0x5a, 0x5a, 0x5a, 0x5a, 0x5a, 0x5a, 0x5a, 0x5a,
        0xa5, 0xa5, 0xa5, 0xa5, 0xa5, 0xa5, 0xa5, 0xa5, 0x5a, 0x5a, 0x5a, 0x5a,
        0x5a, 0x5a, 0x5a, 0x5a, 0xa5, 0xa5, 0xa5, 0xa5, 0xa5, 0xa5, 0xa5, 0xa5,
        0x5a, 0x5a, 0x5a, 0x5a, 0x5a, 0x5a, 0x5a, 0x5a, 0xa5, 0xa5, 0xa5, 0xa5,
        0xa5, 0xa5, 0xa5, 0xa5, 0x5a, 0x5a, 0x5a, 0x5a, 0x5a, 0x5a, 0x5a, 0x5a,
        0xa5, 0xa5, 0xa5, 0xa5, 0xa5, 0xa5, 0xa5, 0xa5, 0x33, 0xcc, 0x33, 0xcc,
        0xcc, 0x33, 0xcc, 0x33, 0xcc, 0x33, 0xcc, 0x33, 0x33, 0xcc, 0x33, 0xcc,
        0x33, 0xcc, 0x33, 0xcc, 0xcc, 0x33, 0xcc, 0x33, 0xcc, 0x33, 0xcc, 0x33,
        0x33, 0xcc, 0x33, 0xcc, 0x33, 0xcc, 0x33, 0xcc, 0xcc, 0x33, 0xcc, 0x33,
        0xcc, 0x33, 0xcc, 0x33, 0x33, 0xcc, 0x33, 0xcc, 0x33, 0xcc, 0x33, 0xcc,
        0xcc, 0x33, 0xcc, 0x33, 0xcc, 0x33, 0xcc, 0x33, 0x33, 0xcc, 0x33, 0xcc,
        0x33, 0xcc, 0x33, 0xcc, 0xcc, 0x33, 0xcc, 0x33, 0xcc, 0x33, 0xcc, 0x33,
        0x33, 0xcc, 0x33, 0xcc, 0xaa, 0xaa, 0xaa, 0xaa, 0xaa, 0xaa, 0xaa, 0xaa,
        0x55, 0x55, 0x55, 0x55, 0x55, 0x55, 0x55, 0x55, 0xaa, 0xaa, 0xaa, 0xaa,
        0xaa, 0xaa, 0xaa, 0xaa, 0x55, 0x55, 0x55, 0x55, 0x55, 0x55, 0x55, 0x55,
        0xaa, 0xaa, 0xaa, 0xaa, 0xaa, 0xaa, 0xaa, 0xaa, 0x55, 0x55, 0x55, 0x55,
        0x55, 0x55, 0x55, 0x55, 0xaa, 0xaa, 0xaa, 0xaa, 0xaa, 0xaa, 0xaa, 0xaa,
        0x55, 0x55, 0x55, 0x55, 0x55, 0x55, 0x55, 0x55, 0xaa, 0xaa, 0xaa, 0xaa,
        0xaa, 0xaa, 0xaa, 0xaa, 0x55, 0x55, 0x55, 0x55, 0x55, 0x55, 0x55, 0x55,
        0xaa, 0x55, 0xaa, 0x55, 0x55, 0xaa, 0x55, 0xaa, 0x55, 0xaa, 0x55, 0xaa,
        0xaa, 0x55, 0xaa, 0x55, 0xaa, 0x55, 0xaa, 0x55, 0x55, 0xaa, 0x55, 0xaa,
        0x55, 0xaa, 0x55, 0xaa, 0xaa, 0x55, 0xaa, 0x55, 0xaa, 0x55, 0xaa, 0x55,
        0x55, 0xaa, 0x55, 0xaa, 0x55, 0xaa, 0x55, 0xaa, 0xaa, 0x55, 0xaa, 0x55,
        0xaa, 0x55, 0xaa, 0x55, 0x55, 0xaa, 0x55, 0xaa, 0x55, 0xaa, 0x55, 0xaa,
        0xaa, 0x55, 0xaa, 0x55, 0xaa, 0x55, 0xaa, 0x55, 0x55, 0xaa, 0x55, 0xaa,
        0x55, 0xaa, 0x55, 0xaa, 0xaa, 0x55, 0xaa, 0x55, 0x3c, 0xc3, 0x3c, 0xc3,
        0x3c, 0xc3, 0x3c, 0xc3, 0xc3, 0x3c, 0xc3, 0x3c, 0xc3, 0x3c, 0xc3, 0x3c,
        0x3c, 0xc3, 0x3c, 0xc3, 0x3c, 0xc3, 0x3c, 0xc3, 0xc3, 0x3c, 0xc3, 0x3c,
        0xc3, 0x3c, 0xc3, 0x3c, 0x3c, 0xc3, 0x3c, 0xc3, 0x3c, 0xc3, 0x3c, 0xc3,
        0xc3, 0x3c, 0xc3, 0x3c, 0xc3, 0x3c, 0xc3, 0x3c, 0x3c, 0xc3, 0x3c, 0xc3,
        0x3c, 0xc3, 0x3c, 0xc3, 0xc3, 0x3c, 0xc3, 0x3c, 0xc3, 0x3c, 0xc3, 0x3c,
        0x3c, 0xc3, 0x3c, 0xc3, 0x3c, 0xc3, 0x3c, 0xc3, 0xc3, 0x3c, 0xc3, 0x3c,
        0xc3, 0x3c, 0xc3, 0x3c, 0x5a, 0x5a, 0x5a, 0x5a, 0x5a, 0x5a, 0x5a, 0x5a,
        0x5a, 0x5a, 0x5a, 0x5a, 0x5a, 0x5a, 0x5a, 0x5a, 0x5a, 0x5a, 0x5a, 0x5a,
        0x5a, 0x5a, 0x5a, 0x5a, 0x5a, 0x5a, 0x5a, 0x5a, 0x5a, 0x5a, 0x5a, 0x5a,
        0x5a, 0x5a, 0x5a, 0x5a, 0x5a, 0x5a, 0x5a, 0x5a, 0x5a, 0x5a, 0x5a, 0x5a,
        0x5a, 0x5a, 0x5a, 0x5a, 0x5a, 0x5a, 0x5a, 0x5a, 0x5a, 0x5a, 0x5a, 0x5a,
        0x5a, 0x5a, 0x5a, 0x5a, 0x5a, 0x5a, 0x5a, 0x5a, 0x5a, 0x5a, 0x5a, 0x5a,
        0x5a, 0x5a, 0x5a, 0x5a, 0x5a, 0x5a, 0x5a, 0x5a, 0x5a, 0x5a, 0x5a, 0x5a,
        0x0f, 0x0f, 0x0f, 0x0f, 0xf0, 0xf0, 0xf0, 0xf0, 0xf0, 0xf0, 0xf0, 0xf0,
        0x0f, 0x0f, 0x0f, 0x0f, 0x0f, 0x0f, 0x0f, 0x0f, 0xf0, 0xf0, 0xf0, 0xf0,
        0xf0, 0xf0, 0xf0, 0xf0, 0x0f, 0x0f, 0x0f, 0x0f, 0x0f, 0x0f, 0x0f, 0x0f,
        0xf0, 0xf0, 0xf0, 0xf0, 0xf0, 0xf0, 0xf0, 0xf0, 0x0f, 0x0f, 0x0f, 0x0f,
        0x0f, 0x0f, 0x0f, 0x0f, 0xf0, 0xf0, 0xf0, 0xf0, 0xf0, 0xf0, 0xf0, 0xf0,
        0x0f, 0x0f, 0x0f, 0x0f, 0x0f, 0x0f, 0x0f, 0x0f, 0xf0, 0xf0, 0xf0, 0xf0,
        0xf0, 0xf0, 0xf0, 0xf0, 0x0f, 0x0f, 0x0f, 0x0f, 0x55, 0xaa, 0xaa, 0x55,
        0xaa, 0x55, 0x55, 0xaa, 0xaa, 0x55, 0x55, 0xaa, 0x55, 0xaa, 0xaa, 0x55,
        0x55, 0xaa, 0xaa, 0x55, 0xaa, 0x55, 0x55, 0xaa, 0xaa, 0x55, 0x55, 0xaa,
        0x55, 0xaa, 0xaa, 0x55, 0x55, 0xaa, 0xaa, 0x55, 0xaa, 0x55, 0x55, 0xaa,
        0xaa, 0x55, 0x55, 0xaa, 0x55, 0xaa, 0xaa, 0x55, 0x55, 0xaa, 0xaa, 0x55,
        0xaa, 0x55, 0x55, 0xaa, 0xaa, 0x55, 0x55, 0xaa, 0x55, 0xaa, 0xaa, 0x55,
        0x55, 0xaa, 0xaa, 0x55, 0xaa, 0x55, 0x55, 0xaa, 0xaa, 0x55, 0x55, 0xaa,
        0x55, 0xaa, 0xaa, 0x55, 0x2e, 0x39, 0xf7, 0xe4, 0x6a, 0x45, 0xab, 0x58,
        0x49, 0x7e, 0x90, 0xe3, 0x0d, 0x32, 0xdc, 0x2f, 0x3e, 0x09, 0xe7, 0x94,
        0x7a, 0x55, 0x5b, 0x48, 0x79, 0x6e, 0xe0, 0xf3, 0x3d, 0x22, 0x2c, 0x3f,
        0x0e, 0x19, 0x97, 0x84, 0x4a, 0xa5, 0x4b, 0x78, 0x69, 0x1e, 0xf0, 0xc3,
        0x2d, 0xd2, 0x3c, 0x0f, 0x1e, 0x69, 0x87, 0xb4, 0x5a, 0xb5, 0x7b, 0x68,
        0x19, 0x0e, 0xc0, 0xd3, 0xdd, 0xc2, 0x0c, 0x1f, 0x6e, 0x79, 0xb7, 0xa4,
        0xaa, 0x85, 0x6b, 0x18, 0x09, 0x3e, 0xd0, 0x23, 0xcd, 0xf2, 0x1c, 0x6f,
        0x66, 0x99, 0x66, 0x99, 0x99, 0x66, 0x99, 0x66, 0x99, 0x66, 0x99, 0x66,
        0x66, 0x99, 0x66, 0x99, 0x66, 0x99, 0x66, 0x99, 0x99, 0x66, 0x99, 0x66,
        0x99, 0x66, 0x99, 0x66, 0x66, 0x99, 0x66, 0x99, 0x66, 0x99, 0x66, 0x99,
        0x99, 0x66, 0x99, 0x66, 0x99, 0x66, 0x99, 0x66, 0x66, 0x99, 0x66, 0x99,
        0x66, 0x99, 0x66, 0x99, 0x99, 0x66, 0x99, 0x66, 0x99, 0x66, 0x99, 0x66,
        0x66, 0x99, 0x66, 0x99, 0x66, 0x99, 0x66, 0x99, 0x99, 0x66, 0x99, 0x66,
        0x99, 0x66, 0x99, 0x66, 0x66, 0x99, 0x66, 0x99, 0x0f, 0x0f, 0xf0, 0xf0,
        0xf0, 0xf0, 0x0f, 0x0f, 0x0f, 0x0f, 0xf0, 0xf0, 0xf0, 0xf0, 0x0f, 0x0f,
        0x0f, 0x0f, 0xf0, 0xf0, 0xf0, 0xf0, 0x0f, 0x0f, 0x0f, 0x0f, 0xf0, 0xf0,
        0xf0, 0xf0, 0x0f, 0x0f, 0x0f, 0x0f, 0xf0, 0xf0, 0xf0, 0xf0, 0x0f, 0x0f,
        0x0f, 0x0f, 0xf0, 0xf0, 0xf0, 0xf0, 0x0f, 0x0f, 0x0f, 0x0f, 0xf0, 0xf0,
        0xf0, 0xf0, 0x0f, 0x0f, 0x0f, 0x0f, 0xf0, 0xf0, 0xf0, 0xf0, 0x0f, 0x0f,
        0x0f, 0x0f, 0xf0, 0xf0, 0xf0, 0xf0, 0x0f, 0x0f, 0x0f, 0x0f, 0xf0, 0xf0,
        0xf0, 0xf0, 0x0f, 0x0f, 0x5a, 0xa5, 0xa5, 0x5a, 0x5a, 0xa5, 0xa5, 0x5a,
        0xa5, 0x5a, 0x5a, 0xa5, 0xa5, 0x5a, 0x5a, 0xa5, 0x5a, 0xa5, 0xa5, 0x5a,
        0x5a, 0xa5, 0xa5, 0x5a, 0xa5, 0x5a, 0x5a, 0xa5, 0xa5, 0x5a, 0x5a, 0xa5,
        0x5a, 0xa5, 0xa5, 0x5a, 0x5a, 0xa5, 0xa5, 0x5a, 0xa5, 0x5a, 0x5a, 0xa5,
        0xa5, 0x5a, 0x5a, 0xa5, 0x5a, 0xa5, 0xa5, 0x5a, 0x5a, 0xa5, 0xa5, 0x5a,
        0xa5, 0x5a, 0x5a, 0xa5, 0xa5, 0x5a, 0x5a, 0xa5, 0x5a, 0xa5, 0xa5, 0x5a,
        0x5a, 0xa5, 0xa5, 0x5a, 0xa5, 0x5a, 0x5a, 0xa5, 0xa5, 0x5a, 0x5a, 0xa5,
        0x96, 0x96, 0x96, 0x96, 0x96, 0x96, 0x96, 0x96, 0x69, 0x69, 0x69, 0x69,
        0x69, 0x69, 0x69, 0x69, 0x96, 0x96, 0x96, 0x96, 0x96, 0x96, 0x96, 0x96,
        0x69, 0x69, 0x69, 0x69, 0x69, 0x69, 0x69, 0x69, 0x96, 0x96, 0x96, 0x96,
        0x96, 0x96, 0x96, 0x96, 0x69, 0x69, 0x69, 0x69, 0x69, 0x69, 0x69, 0x69,
        0x96, 0x96, 0x96, 0x96, 0x96, 0x96, 0x96, 0x96, 0x69, 0x69, 0x69, 0x69,
        0x69, 0x69, 0x69, 0x69, 0x96, 0x96, 0x96, 0x96, 0x96, 0x96, 0x96, 0x96,
        0x69, 0x69, 0x69, 0x69, 0x69, 0x69, 0x69, 0x69, 0xf0, 0x0f, 0x0f, 0xf0,
        0x0f, 0xf0, 0xf0, 0x0f, 0xf0, 0x0f, 0x0f, 0xf0, 0x0f, 0xf0, 0xf0, 0x0f,
        0xf0, 0x0f, 0x0f, 0xf0, 0x0f, 0xf0, 0xf0, 0x0f, 0xf0, 0x0f, 0x0f, 0xf0,
        0x0f, 0xf0, 0xf0, 0x0f, 0xf0, 0x0f, 0x0f, 0xf0, 0x0f, 0xf0, 0xf0, 0x0f,
        0xf0, 0x0f, 0x0f, 0xf0, 0x0f, 0xf0, 0xf0, 0x0f, 0xf0, 0x0f, 0x0f, 0xf0,
        0x0f, 0xf0, 0xf0, 0x0f, 0xf0, 0x0f, 0x0f, 0xf0, 0x0f, 0xf0, 0xf0, 0x0f,
        0xf0, 0x0f, 0x0f, 0xf0, 0x0f, 0xf0, 0xf0, 0x0f, 0xf0, 0x0f, 0x0f, 0xf0,
        0x0f, 0xf0, 0xf0, 0x0f, 0x96, 0x69, 0x96, 0x69, 0x96, 0x69, 0x96, 0x69,
        0x69, 0x96, 0x69, 0x96, 0x69, 0x96, 0x69, 0x96, 0x96, 0x69, 0x96, 0x69,
        0x96, 0x69, 0x96, 0x69, 0x69, 0x96, 0x69, 0x96, 0x69, 0x96, 0x69, 0x96,
        0x96, 0x69, 0x96, 0x69, 0x96, 0x69, 0x96, 0x69, 0x69, 0x96, 0x69, 0x96,
        0x69, 0x96, 0x69, 0x96, 0x96, 0x69, 0x96, 0x69, 0x96, 0x69, 0x96, 0x69,
        0x69, 0x96, 0x69, 0x96, 0x69, 0x96, 0x69, 0x96, 0x96, 0x69, 0x96, 0x69,
        0x96, 0x69, 0x96, 0x69, 0x69, 0x96, 0x69, 0x96, 0x69, 0x96, 0x69, 0x96,
        0xcc, 0xcc, 0x33, 0x33, 0x33, 0x33, 0xcc, 0xcc, 0xcc, 0xcc, 0x33, 0x33,
        0x33, 0x33, 0xcc, 0xcc, 0xcc, 0xcc, 0x33, 0x33, 0x33, 0x33, 0xcc, 0xcc,
        0xcc, 0xcc, 0x33, 0x33, 0x33, 0x33, 0xcc, 0xcc, 0xcc, 0xcc, 0x33, 0x33,
        0x33, 0x33, 0xcc, 0xcc, 0xcc, 0xcc, 0x33, 0x33, 0x33, 0x33, 0xcc, 0xcc,
        0xcc, 0xcc, 0x33, 0x33, 0x33, 0x33, 0xcc, 0xcc, 0xcc, 0xcc, 0x33, 0x33,
        0x33, 0x33, 0xcc, 0xcc, 0xcc, 0xcc, 0x33, 0x33, 0x33, 0x33, 0xcc, 0xcc,
        0xcc, 0xcc, 0x33, 0x33, 0x33, 0x33, 0xcc, 0xcc, 0xf0, 0x0f, 0x0f, 0xf0,
        0xf0, 0x0f, 0x0f, 0xf0, 0xf0, 0x0f, 0x0f, 0xf0, 0xf0, 0x0f, 0x0f, 0xf0,
        0xf0, 0x0f, 0x0f, 0xf0, 0xf0, 0x0f, 0x0f, 0xf0, 0xf0, 0x0f, 0x0f, 0xf0,
        0xf0, 0x0f, 0x0f, 0xf0, 0xf0, 0x0f, 0x0f, 0xf0, 0xf0, 0x0f, 0x0f, 0xf0,
        0xf0, 0x0f, 0x0f, 0xf0, 0xf0, 0x0f, 0x0f, 0xf0, 0xf0, 0x0f, 0x0f, 0xf0,
        0xf0, 0x0f, 0x0f, 0xf0, 0xf0, 0x0f, 0x0f, 0xf0, 0xf0, 0x0f, 0x0f, 0xf0,
        0xf0, 0x0f, 0x0f, 0xf0, 0xf0, 0x0f, 0x0f, 0xf0, 0xf0, 0x0f, 0x0f, 0xf0,
        0xf0, 0x0f, 0x0f, 0xf0, 0x33, 0xcc, 0x33, 0xcc, 0x33, 0xcc, 0x33, 0xcc,
        0xcc, 0x33, 0xcc, 0x33, 0xcc, 0x33, 0xcc, 0x33, 0x33, 0xcc, 0x33, 0xcc,
        0x33, 0xcc, 0x33, 0xcc, 0xcc, 0x33, 0xcc, 0x33, 0xcc, 0x33, 0xcc, 0x33,
        0x33, 0xcc, 0x33, 0xcc, 0x33, 0xcc, 0x33, 0xcc, 0xcc, 0x33, 0xcc, 0x33,
        0xcc, 0x33, 0xcc, 0x33, 0x33, 0xcc, 0x33, 0xcc, 0x33, 0xcc, 0x33, 0xcc,
        0xcc, 0x33, 0xcc, 0x33, 0xcc, 0x33, 0xcc, 0x33, 0x33, 0xcc, 0x33, 0xcc,
        0x33, 0xcc, 0x33, 0xcc, 0xcc, 0x33, 0xcc, 0x33, 0xcc, 0x33, 0xcc, 0x33,
        0x96, 0x69, 0x96, 0x69, 0x69, 0x96, 0x69, 0x96, 0x96, 0x69, 0x96, 0x69,
        0x69, 0x96, 0x69, 0x96, 0x96, 0x69, 0x96, 0x69, 0x69, 0x96, 0x69, 0x96,
        0x96, 0x69, 0x96, 0x69, 0x69, 0x96, 0x69, 0x96, 0x96, 0x69, 0x96, 0x69,
        0x69, 0x96, 0x69, 0x96, 0x96, 0x69, 0x96, 0x69, 0x69, 0x96, 0x69, 0x96,
        0x96, 0x69, 0x96, 0x69, 0x69, 0x96, 0x69, 0x96, 0x96, 0x69, 0x96, 0x69,
        0x69, 0x96, 0x69, 0x96, 0x96, 0x69, 0x96, 0x69, 0x69, 0x96, 0x69, 0x96,
        0x96, 0x69, 0x96, 0x69, 0x69, 0x96, 0x69, 0x96, 0xff, 0x00, 0xff, 0x00,
        0x00, 0xff, 0x00, 0xff, 0xff, 0x00, 0xff, 0x00, 0x00, 0xff, 0x00, 0xff,
        0xff, 0x00, 0xff, 0x00, 0x00, 0xff, 0x00, 0xff, 0xff, 0x00, 0xff, 0x00,
        0x00, 0xff, 0x00, 0xff, 0xff, 0x00, 0xff, 0x00, 0x00, 0xff, 0x00, 0xff,
        0xff, 0x00, 0xff, 0x00, 0x00, 0xff, 0x00, 0xff, 0xff, 0x00, 0xff, 0x00,
        0x00, 0xff, 0x00, 0xff, 0xff, 0x00, 0xff, 0x00, 0x00, 0xff, 0x00, 0xff,
        0xff, 0x00, 0xff, 0x00, 0x00, 0xff, 0x00, 0xff, 0xff, 0x00, 0xff, 0x00,
        0x00, 0xff, 0x00, 0xff, 0x00, 0xff, 0xff, 0x00, 0x00, 0xff, 0xff, 0x00,
        0x00, 0xff, 0xff, 0x00, 0x00, 0xff, 0xff, 0x00, 0x00, 0xff, 0xff, 0x00,
        0x00, 0xff, 0xff, 0x00, 0x00, 0xff, 0xff, 0x00, 0x00, 0xff, 0xff, 0x00,
        0x00, 0xff, 0xff, 0x00, 0x00, 0xff, 0xff, 0x00, 0x00, 0xff, 0xff, 0x00,
        0x00, 0xff, 0xff, 0x00, 0x00, 0xff, 0xff, 0x00, 0x00, 0xff, 0xff, 0x00,
        0x00, 0xff, 0xff, 0x00, 0x00, 0xff, 0xff, 0x00, 0x00, 0xff, 0xff, 0x00,
        0x00, 0xff, 0xff, 0x00, 0x00, 0xff, 0xff, 0x00, 0x00, 0xff, 0xff, 0x00,
        0x00, 0x00, 0x00, 0x00, 0x00, 0x00, 0x00, 0x00, 0x00, 0x00, 0x00, 0x00,
        0x00, 0x00, 0x00, 0x00, 0x00, 0x00, 0x00, 0x00, 0x00, 0x00, 0x00, 0x00,
        0x00, 0x00, 0x00, 0x00, 0x00, 0x00, 0x00, 0x00, 0x00, 0x00, 0x00, 0x00,
        0x00, 0x00, 0x00, 0x00, 0x00, 0x00, 0x00, 0x00, 0x00, 0x00, 0x00, 0x00,
        0x00, 0x00, 0x00, 0x00, 0x00, 0x00, 0x00, 0x00, 0x00, 0x00, 0x00, 0x00,
        0x00, 0x00, 0x00, 0x00, 0x00, 0x00, 0x00, 0x00, 0x00, 0x00, 0x00, 0x00,
        0x00, 0x00, 0x00, 0x00, 0x00, 0x00, 0x00, 0x00, 0xa5, 0xa5, 0xa5, 0xa5,
        0x5a, 0x5a, 0x5a, 0x5a, 0xa5, 0xa5, 0xa5, 0xa5, 0x5a, 0x5a, 0x5a, 0x5a,
        0xa5, 0xa5, 0xa5, 0xa5, 0x5a, 0x5a, 0x5a, 0x5a, 0xa5, 0xa5, 0xa5, 0xa5,
        0x5a, 0x5a, 0x5a, 0x5a, 0xa5, 0xa5, 0xa5, 0xa5, 0x5a, 0x5a, 0x5a, 0x5a,
        0xa5, 0xa5, 0xa5, 0xa5, 0x5a, 0x5a, 0x5a, 0x5a, 0xa5, 0xa5, 0xa5, 0xa5,
        0x5a, 0x5a, 0x5a, 0x5a, 0xa5, 0xa5, 0xa5, 0xa5, 0x5a, 0x5a, 0x5a, 0x5a,
        0xa5, 0xa5, 0xa5, 0xa5, 0x5a, 0x5a, 0x5a, 0x5a, 0xa5, 0xa5, 0xa5, 0xa5,
        0x5a, 0x5a, 0x5a, 0x5a, 0xc3, 0xc3, 0xc3, 0xc3, 0xc3, 0xc3, 0xc3, 0xc3,
        0xc3, 0xc3, 0xc3, 0xc3, 0xc3, 0xc3, 0xc3, 0xc3, 0xc3, 0xc3, 0xc3, 0xc3,
        0xc3, 0xc3, 0xc3, 0xc3, 0xc3, 0xc3, 0xc3, 0xc3, 0xc3, 0xc3, 0xc3, 0xc3,
        0xc3, 0xc3, 0xc3, 0xc3, 0xc3, 0xc3, 0xc3, 0xc3, 0xc3, 0xc3, 0xc3, 0xc3,
        0xc3, 0xc3, 0xc3, 0xc3, 0xc3, 0xc3, 0xc3, 0xc3, 0xc3, 0xc3, 0xc3, 0xc3,
        0xc3, 0xc3, 0xc3, 0xc3, 0xc3, 0xc3, 0xc3, 0xc3, 0xc3, 0xc3, 0xc3, 0xc3,
        0xc3, 0xc3, 0xc3, 0xc3, 0xc3, 0xc3, 0xc3, 0xc3, 0xc3, 0xc3, 0xc3, 0xc3,
        0x55, 0x55, 0xaa, 0xaa, 0x55, 0x55, 0xaa, 0xaa, 0xaa, 0xaa, 0x55, 0x55,
        0xaa, 0xaa, 0x55, 0x55, 0x55, 0x55, 0xaa, 0xaa, 0x55, 0x55, 0xaa, 0xaa,
        0xaa, 0xaa, 0x55, 0x55, 0xaa, 0xaa, 0x55, 0x55, 0x55, 0x55, 0xaa, 0xaa,
        0x55, 0x55, 0xaa, 0xaa, 0xaa, 0xaa, 0x55, 0x55, 0xaa, 0xaa, 0x55, 0x55,
        0x55, 0x55, 0xaa, 0xaa, 0x55, 0x55, 0xaa, 0xaa, 0xaa, 0xaa, 0x55, 0x55,
        0xaa, 0xaa, 0x55, 0x55, 0x55, 0x55, 0xaa, 0xaa, 0x55, 0x55, 0xaa, 0xaa,
        0xaa, 0xaa, 0x55, 0x55, 0xaa, 0xaa, 0x55, 0x55, 0x96, 0x96, 0x96, 0x96,
        0x96, 0x96, 0x96, 0x96, 0x69, 0x69, 0x69, 0x69, 0x69, 0x69, 0x69, 0x69,
        0x96, 0x96, 0x96, 0x96, 0x96, 0x96, 0x96, 0x96, 0x69, 0x69, 0x69, 0x69,
        0x69, 0x69, 0x69, 0x69, 0x96, 0x96, 0x96, 0x96, 0x96, 0x96, 0x96, 0x96,
        0x69, 0x69, 0x69, 0x69, 0x69, 0x69, 0x69, 0x69, 0x96, 0x96, 0x96, 0x96,
        0x96, 0x96, 0x96, 0x96, 0x69, 0x69, 0x69, 0x69, 0x69, 0x69, 0x69, 0x69,
        0x96, 0x96, 0x96, 0x96, 0x96, 0x96, 0x96, 0x96, 0x69, 0x69, 0x69, 0x69,
        0x69, 0x69, 0x69, 0x69, 0x55, 0xaa, 0xaa, 0x55, 0x55, 0xaa, 0xaa, 0x55,
        0x55, 0xaa, 0xaa, 0x55, 0x55, 0xaa, 0xaa, 0x55, 0x55, 0xaa, 0xaa, 0x55,
        0x55, 0xaa, 0xaa, 0x55, 0x55, 0xaa, 0xaa, 0x55, 0x55, 0xaa, 0xaa, 0x55,
        0x55, 0xaa, 0xaa, 0x55, 0x55, 0xaa, 0xaa, 0x55, 0x55, 0xaa, 0xaa, 0x55,
        0x55, 0xaa, 0xaa, 0x55, 0x55, 0xaa, 0xaa, 0x55, 0x55, 0xaa, 0xaa, 0x55,
        0x55, 0xaa, 0xaa, 0x55, 0x55, 0xaa, 0xaa, 0x55, 0x55, 0xaa, 0xaa, 0x55,
        0x55, 0xaa, 0xaa, 0x55, 0x55, 0xaa, 0xaa, 0x55, 0x55, 0xaa, 0xaa, 0x55,
        0x69, 0x96, 0x69, 0x96, 0x69, 0x96, 0x69, 0x96, 0x69, 0x96, 0x69, 0x96,
        0x69, 0x96, 0x69, 0x96, 0x69, 0x96, 0x69, 0x96, 0x69, 0x96, 0x69, 0x96,
        0x69, 0x96, 0x69, 0x96, 0x69, 0x96, 0x69, 0x96, 0x69, 0x96, 0x69, 0x96,
        0x69, 0x96, 0x69, 0x96, 0x69, 0x96, 0x69, 0x96, 0x69, 0x96, 0x69, 0x96,
        0x69, 0x96, 0x69, 0x96, 0x69, 0x96, 0x69, 0x96, 0x69, 0x96, 0x69, 0x96,
        0x69, 0x96, 0x69, 0x96, 0x69, 0x96, 0x69, 0x96, 0x69, 0x96, 0x69, 0x96,
        0x69, 0x96, 0x69, 0x96, 0x69, 0x96, 0x69, 0x96, 0x3c, 0x3c, 0x3c, 0x3c,
        0xc3, 0xc3, 0xc3, 0xc3, 0x3c, 0x3c, 0x3c, 0x3c, 0xc3, 0xc3, 0xc3, 0xc3,
        0x3c, 0x3c, 0x3c, 0x3c, 0xc3, 0xc3, 0xc3, 0xc3, 0x3c, 0x3c, 0x3c, 0x3c,
        0xc3, 0xc3, 0xc3, 0xc3, 0x3c, 0x3c, 0x3c, 0x3c, 0xc3, 0xc3, 0xc3, 0xc3,
        0x3c, 0x3c, 0x3c, 0x3c, 0xc3, 0xc3, 0xc3, 0xc3, 0x3c, 0x3c, 0x3c, 0x3c,
        0xc3, 0xc3, 0xc3, 0xc3, 0x3c, 0x3c, 0x3c, 0x3c, 0xc3, 0xc3, 0xc3, 0xc3,
        0x3c, 0x3c, 0x3c, 0x3c, 0xc3, 0xc3, 0xc3, 0xc3, 0x3c, 0x3c, 0x3c, 0x3c,
        0xc3, 0xc3, 0xc3, 0xc3, 0x0f, 0x0f, 0x0f, 0x0f, 0x0f, 0x0f, 0x0f, 0x0f,
        0x0f, 0x0f, 0x0f, 0x0f, 0x0f, 0x0f, 0x0f, 0x0f, 0x0f, 0x0f, 0x0f, 0x0f,
        0x0f, 0x0f, 0x0f, 0x0f, 0x0f, 0x0f, 0x0f, 0x0f, 0x0f, 0x0f, 0x0f, 0x0f,
        0x0f, 0x0f, 0x0f, 0x0f, 0x0f, 0x0f, 0x0f, 0x0f, 0x0f, 0x0f, 0x0f, 0x0f,
        0x0f, 0x0f, 0x0f, 0x0f, 0x0f, 0x0f, 0x0f, 0x0f, 0x0f, 0x0f, 0x0f, 0x0f,
        0x0f, 0x0f, 0x0f, 0x0f, 0x0f, 0x0f, 0x0f, 0x0f, 0x0f, 0x0f, 0x0f, 0x0f,
        0x0f, 0x0f, 0x0f, 0x0f, 0x0f, 0x0f, 0x0f, 0x0f, 0x0f, 0x0f, 0x0f, 0x0f,
        0x00, 0xff, 0xff, 0x00, 0x00, 0xff, 0xff, 0x00, 0xff, 0x00, 0x00, 0xff,
        0xff, 0x00, 0x00, 0xff, 0x00, 0xff, 0xff, 0x00, 0x00, 0xff, 0xff, 0x00,
        0xff, 0x00, 0x00, 0xff, 0xff, 0x00, 0x00, 0xff, 0x00, 0xff, 0xff, 0x00,
        0x00, 0xff, 0xff, 0x00, 0xff, 0x00, 0x00, 0xff, 0xff, 0x00, 0x00, 0xff,
        0x00, 0xff, 0xff, 0x00, 0x00, 0xff, 0xff, 0x00, 0xff, 0x00, 0x00, 0xff,
        0xff, 0x00, 0x00, 0xff, 0x00, 0xff, 0xff, 0x00, 0x00, 0xff, 0xff, 0x00,
        0xff, 0x00, 0x00, 0xff, 0xff, 0x00, 0x00, 0xff, 0x2b, 0xe3, 0xf2, 0xfe,
        0xef, 0x3f, 0x4e, 0xa2, 0x93, 0x7b, 0x8a, 0x66, 0x57, 0xb7, 0xc6, 0x2a,
        0x1b, 0xf3, 0x02, 0xee, 0xdf, 0x4f, 0x5e, 0x92, 0x83, 0x8b, 0x9a, 0x56,
        0x47, 0xc7, 0xd6, 0x1a, 0x0b, 0x03, 0x12, 0xde, 0xcf, 0x5f, 0x6e, 0x82,
        0x73, 0x9b, 0xaa, 0x46, 0x37, 0xd7, 0xe6, 0x0a, 0xfb, 0x13, 0x22, 0xce,
        0xbf, 0x6f, 0x7e, 0x72, 0x63, 0xab, 0xba, 0x36, 0x27, 0xe7, 0xf6, 0xfa,
        0xeb, 0x23, 0x32, 0xbe, 0xaf, 0x7f, 0x8e, 0x62, 0x53, 0xbb, 0xca, 0x26,
        0x17, 0xf7, 0x06, 0xea, 0xa5, 0xa5, 0xa5, 0xa5, 0xa5, 0xa5, 0xa5, 0xa5,
        0x5a, 0x5a, 0x5a, 0x5a, 0x5a, 0x5a, 0x5a, 0x5a, 0xa5, 0xa5, 0xa5, 0xa5,
        0xa5, 0xa5, 0xa5, 0xa5, 0x5a, 0x5a, 0x5a, 0x5a, 0x5a, 0x5a, 0x5a, 0x5a,
        0xa5, 0xa5, 0xa5, 0xa5, 0xa5, 0xa5, 0xa5, 0xa5, 0x5a, 0x5a, 0x5a, 0x5a,
        0x5a, 0x5a, 0x5a, 0x5a, 0xa5, 0xa5, 0xa5, 0xa5, 0xa5, 0xa5, 0xa5, 0xa5,
        0x5a, 0x5a, 0x5a, 0x5a, 0x5a, 0x5a, 0x5a, 0x5a, 0xa5, 0xa5, 0xa5, 0xa5,
        0xa5, 0xa5, 0xa5, 0xa5, 0x5a, 0x5a, 0x5a, 0x5a, 0x5a, 0x5a, 0x5a, 0x5a,
        0x99, 0x99, 0x99, 0x99, 0x99, 0x99, 0x99, 0x99, 0x66, 0x66, 0x66, 0x66,
        0x66, 0x66, 0x66, 0x66, 0x99, 0x99, 0x99, 0x99, 0x99, 0x99, 0x99, 0x99,
        0x66, 0x66, 0x66, 0x66, 0x66, 0x66, 0x66, 0x66, 0x99, 0x99, 0x99, 0x99,
        0x99, 0x99, 0x99, 0x99, 0x66, 0x66, 0x66, 0x66, 0x66, 0x66, 0x66, 0x66,
        0x99, 0x99, 0x99, 0x99, 0x99, 0x99, 0x99, 0x99, 0x66, 0x66, 0x66, 0x66,
        0x66, 0x66, 0x66, 0x66, 0x99, 0x99, 0x99, 0x99, 0x99, 0x99, 0x99, 0x99,
        0x66, 0x66, 0x66, 0x66, 0x66, 0x66, 0x66, 0x66, 0xf0, 0x0f, 0x0f, 0xf0,
        0xf0, 0x0f, 0x0f, 0xf0, 0x0f, 0xf0, 0xf0, 0x0f, 0x0f, 0xf0, 0xf0, 0x0f,
        0xf0, 0x0f, 0x0f, 0xf0, 0xf0, 0x0f, 0x0f, 0xf0, 0x0f, 0xf0, 0xf0, 0x0f,
        0x0f, 0xf0, 0xf0, 0x0f, 0xf0, 0x0f, 0x0f, 0xf0, 0xf0, 0x0f, 0x0f, 0xf0,
        0x0f, 0xf0, 0xf0, 0x0f, 0x0f, 0xf0, 0xf0, 0x0f, 0xf0, 0x0f, 0x0f, 0xf0,
        0xf0, 0x0f, 0x0f, 0xf0, 0x0f, 0xf0, 0xf0, 0x0f, 0x0f, 0xf0, 0xf0, 0x0f,
        0xf0, 0x0f, 0x0f, 0xf0, 0xf0, 0x0f, 0x0f, 0xf0, 0x0f, 0xf0, 0xf0, 0x0f,
        0x0f, 0xf0, 0xf0, 0x0f, 0x69, 0x96, 0x69, 0x96, 0x96, 0x69, 0x96, 0x69,
        0x96, 0x69, 0x96, 0x69, 0x69, 0x96, 0x69, 0x96, 0x69, 0x96, 0x69, 0x96,
        0x96, 0x69, 0x96, 0x69, 0x96, 0x69, 0x96, 0x69, 0x69, 0x96, 0x69, 0x96,
        0x69, 0x96, 0x69, 0x96, 0x96, 0x69, 0x96, 0x69, 0x96, 0x69, 0x96, 0x69,
        0x69, 0x96, 0x69, 0x96, 0x69, 0x96, 0x69, 0x96, 0x96, 0x69, 0x96, 0x69,
        0x96, 0x69, 0x96, 0x69, 0x69, 0x96, 0x69, 0x96, 0x69, 0x96, 0x69, 0x96,
        0x96, 0x69, 0x96, 0x69, 0x96, 0x69, 0x96, 0x69, 0x69, 0x96, 0x69, 0x96
    },
    {
        0xaa, 0xaa, 0x55, 0x55, 0x55, 0x55, 0xaa, 0xaa, 0x55, 0x55, 0xaa, 0xaa,
        0xaa, 0xaa, 0x55, 0x55, 0xaa, 0xaa, 0x55, 0x55, 0x55, 0x55, 0xaa, 0xaa,
        0x55, 0x55, 0xaa, 0xaa, 0xaa, 0xaa, 0x55, 0x55, 0xaa, 0xaa, 0x55, 0x55,
        0x55, 0x55, 0xaa, 0xaa, 0x55, 0x55, 0xaa, 0xaa, 0xaa, 0xaa, 0x55, 0x55,
        0xaa, 0xaa, 0x55, 0x55, 0x55, 0x55, 0xaa, 0xaa, 0x55, 0x55, 0xaa, 0xaa,
        0xaa, 0xaa, 0x55, 0x55, 0xaa, 0xaa, 0x55, 0x55, 0x55, 0x55, 0xaa, 0xaa,
        0x55, 0x55, 0xaa, 0xaa, 0xaa, 0xaa, 0x55, 0x55, 0x69, 0x96, 0x69, 0x96,
        0x96, 0x69, 0x96, 0x69, 0x69, 0x96, 0x69, 0x96, 0x96, 0x69, 0x96, 0x69,
        0x69, 0x96, 0x69, 0x96, 0x96, 0x69, 0x96, 0x69, 0x69, 0x96, 0x69, 0x96,
        0x96, 0x69, 0x96, 0x69, 0x69, 0x96, 0x69, 0x96, 0x96, 0x69, 0x96, 0x69,
        0x69, 0x96, 0x69, 0x96, 0x96, 0x69, 0x96, 0x69, 0x69, 0x96, 0x69, 0x96,
        0x96, 0x69, 0x96, 0x69, 0x69, 0x96, 0x69, 0x96, 0x96, 0x69, 0x96, 0x69,
        0x69, 0x96, 0x69, 0x96, 0x96, 0x69, 0x96, 0x69, 0x69, 0x96, 0x69, 0x96,
        0x96, 0x69, 0x96, 0x69, 0xc3, 0xc3, 0xc3, 0xc3, 0x3c, 0x3c, 0x3c, 0x3c,
        0x3c, 0x3c, 0x3c, 0x3c, 0xc3, 0xc3, 0xc3, 0xc3, 0xc3, 0xc3, 0xc3, 0xc3,
        0x3c, 0x3c, 0x3c, 0x3c, 0x3c, 0x3c, 0x3c, 0x3c, 0xc3, 0xc3, 0xc3, 0xc3,
        0xc3, 0xc3, 0xc3, 0xc3, 0x3c, 0x3c, 0x3c, 0x3c, 0x3c, 0x3c, 0x3c, 0x3c,
        0xc3, 0xc3, 0xc3, 0xc3, 0xc3, 0xc3, 0xc3, 0xc3, 0x3c, 0x3c, 0x3c, 0x3c,
        0x3c, 0x3c, 0x3c, 0x3c, 0xc3, 0xc3, 0xc3, 0xc3, 0xc3, 0xc3, 0xc3, 0xc3,
        0x3c, 0x3c, 0x3c, 0x3c, 0x3c, 0x3c, 0x3c, 0x3c, 0xc3, 0xc3, 0xc3, 0xc3,
        0x0f, 0x0f, 0x0f, 0x0f, 0x0f, 0x0f, 0x0f, 0x0f, 0xf0, 0xf0, 0xf0, 0xf0,
        0xf0, 0xf0, 0xf0, 0xf0, 0x0f, 0x0f, 0x0f, 0x0f, 0x0f, 0x0f, 0x0f, 0x0f,
        0xf0, 0xf0, 0xf0, 0xf0, 0xf0, 0xf0, 0xf0, 0xf0, 0x0f, 0x0f, 0x0f, 0x0f,
        0x0f, 0x0f, 0x0f, 0x0f, 0xf0, 0xf0, 0xf0, 0xf0, 0xf0, 0xf0, 0xf0, 0xf0,
        0x0f, 0x0f, 0x0f, 0x0f, 0x0f, 0x0f, 0x0f, 0x0f, 0xf0, 0xf0, 0xf0, 0xf0,
        0xf0, 0xf0, 0xf0, 0xf0, 0x0f, 0x0f, 0x0f, 0x0f, 0x0f, 0x0f, 0x0f, 0x0f,
        0xf0, 0xf0, 0xf0, 0xf0, 0xf0, 0xf0, 0xf0, 0xf0, 0xcc, 0xcc, 0x33, 0x33,
        0x33, 0x33, 0xcc, 0xcc, 0xcc, 0xcc, 0x33, 0x33, 0x33, 0x33, 0xcc, 0xcc,
        0xcc, 0xcc, 0x33, 0x33, 0x33, 0x33, 0xcc, 0xcc, 0xcc, 0xcc, 0x33, 0x33,
        0x33, 0x33, 0xcc, 0xcc, 0xcc, 0xcc, 0x33, 0x33, 0x33, 0x33, 0xcc, 0xcc,
        0xcc, 0xcc, 0x33, 0x33, 0x33, 0x33, 0xcc, 0xcc, 0xcc, 0xcc, 0x33, 0x33,
        0x33, 0x33, 0xcc, 0xcc, 0xcc, 0xcc, 0x33, 0x33, 0x33, 0x33, 0xcc, 0xcc,
        0xcc, 0xcc, 0x33, 0x33, 0x33, 0x33, 0xcc, 0xcc, 0xcc, 0xcc, 0x33, 0x33,
        0x33, 0x33, 0xcc, 0xcc, 0x66, 0x66, 0x99, 0x99, 0x99, 0x99, 0x66, 0x66,
        0x99, 0x99, 0x66, 0x66, 0x66, 0x66, 0x99, 0x99, 0x66, 0x66, 0x99, 0x99,
        0x99, 0x99, 0x66, 0x66, 0x99, 0x99, 0x66, 0x66, 0x66, 0x66, 0x99, 0x99,
        0x66, 0x66, 0x99, 0x99, 0x99, 0x99, 0x66, 0x66, 0x99, 0x99, 0x66, 0x66,
        0x66, 0x66, 0x99, 0x99, 0x66, 0x66, 0x99, 0x99, 0x99, 0x99, 0x66, 0x66,
        0x99, 0x99, 0x66, 0x66, 0x66, 0x66, 0x99, 0x99, 0x66, 0x66, 0x99, 0x99,
        0x99, 0x99, 0x66, 0x66, 0x99, 0x99, 0x66, 0x66, 0x66, 0x66, 0x99, 0x99,
        0xcc, 0xcc, 0xcc, 0xcc, 0xcc, 0xcc, 0xcc, 0xcc, 0xcc, 0xcc, 0xcc, 0xcc,
        0xcc, 0xcc, 0xcc, 0xcc, 0xcc, 0xcc, 0xcc, 0xcc, 0xcc, 0xcc, 0xcc, 0xcc,
        0xcc, 0xcc, 0xcc, 0xcc, 0xcc, 0xcc, 0xcc, 0xcc, 0xcc, 0xcc, 0xcc, 0xcc,
        0xcc, 0xcc, 0xcc, 0xcc, 0xcc, 0xcc, 0xcc, 0xcc, 0xcc, 0xcc, 0xcc, 0xcc,
        0xcc, 0xcc, 0xcc, 0xcc, 0xcc, 0xcc, 0xcc, 0xcc, 0xcc, 0xcc, 0xcc, 0xcc,
        0xcc, 0xcc, 0xcc, 0xcc, 0xcc, 0xcc, 0xcc, 0xcc, 0xcc, 0xcc, 0xcc, 0xcc,
        0xcc, 0xcc, 0xcc, 0xcc, 0xcc, 0xcc, 0xcc, 0xcc, 0xa5, 0x5a, 0xa5, 0x5a,
        0x5a, 0xa5, 0x5a, 0xa5, 0x5a, 0xa5, 0x5a, 0xa5, 0xa5, 0x5a, 0xa5, 0x5a,
        0xa5, 0x5a, 0xa5, 0x5a, 0x5a, 0xa5, 0x5a, 0xa5, 0x5a, 0xa5, 0x5a, 0xa5,
        0xa5, 0x5a, 0xa5, 0x5a, 0xa5, 0x5a, 0xa5, 0x5a, 0x5a, 0xa5, 0x5a, 0xa5,
        0x5a, 0xa5, 0x5a, 0xa5, 0xa5, 0x5a, 0xa5, 0x5a, 0xa5, 0x5a, 0xa5, 0x5a,
        0x5a, 0xa5, 0x5a, 0xa5, 0x5a, 0xa5, 0x5a, 0xa5, 0xa5, 0x5a, 0xa5, 0x5a,
        0xa5, 0x5a, 0xa5, 0x5a, 0x5a, 0xa5, 0x5a, 0xa5, 0x5a, 0xa5, 0x5a, 0xa5,
        0xa5, 0x5a, 0xa5, 0x5a, 0x00, 0xff, 0xff, 0x00, 0xff, 0x00, 0x00, 0xff,
        0x00, 0xff, 0xff, 0x00, 0xff, 0x00, 0x00, 0xff, 0x00, 0xff, 0xff, 0x00,
        0xff, 0x00, 0x00, 0xff, 0x00, 0xff, 0xff, 0x00, 0xff, 0x00, 0x00, 0xff,
        0x00, 0xff, 0xff, 0x00, 0xff, 0x00, 0x00, 0xff, 0x00, 0xff, 0xff, 0x00,
        0xff, 0x00, 0x00, 0xff, 0x00, 0xff, 0xff, 0x00, 0xff, 0x00, 0x00, 0xff,
        0x00, 0xff, 0xff, 0x00, 0xff, 0x00, 0x00, 0xff, 0x00, 0xff, 0xff, 0x00,
        0xff, 0x00, 0x00, 0xff, 0x00, 0xff, 0xff, 0x00, 0xff, 0x00, 0x00, 0xff,
        0x5a, 0x5a, 0x5a, 0x5a, 0xa5, 0xa5, 0xa5, 0xa5, 0x5a, 0x5a, 0x5a, 0x5a,
        0xa5, 0xa5, 0xa5, 0xa5, 0x5a, 0x5a, 0x5a, 0x5a, 0xa5, 0xa5, 0xa5, 0xa5,
        0x5a, 0x5a, 0x5a, 0x5a, 0xa5, 0xa5, 0xa5, 0xa5, 0x5a, 0x5a, 0x5a, 0x5a,
        0xa5, 0xa5, 0xa5, 0xa5, 0x5a, 0x5a, 0x5a, 0x5a, 0xa5, 0xa5, 0xa5, 0xa5,
        0x5a, 0x5a, 0x5a, 0x5a, 0xa5, 0xa5, 0xa5, 0xa5, 0x5a, 0x5a, 0x5a, 0x5a,
        0xa5, 0xa5, 0xa5, 0xa5, 0x5a, 0x5a, 0x5a, 0x5a, 0xa5, 0xa5, 0xa5, 0xa5,
        0x5a, 0x5a, 0x5a, 0x5a, 0xa5, 0xa5, 0xa5, 0xa5, 0x99, 0x99, 0x99, 0x99,
        0x66, 0x66, 0x66, 0x66, 0x99, 0x99, 0x99, 0x99, 0x66, 0x66, 0x66, 0x66,
        0x99, 0x99, 0x99, 0x99, 0x66, 0x66, 0x66, 0x66, 0x99, 0x99, 0x99, 0x99,
        0x66, 0x66, 0x66, 0x66, 0x99, 0x99, 0x99, 0x99, 0x66, 0x66, 0x66, 0x66,
        0x99, 0x99, 0x99, 0x99, 0x66, 0x66, 0x66, 0x66, 0x99, 0x99, 0x99, 0x99,
        0x66, 0x66, 0x66, 0x66, 0x99, 0x99, 0x99, 0x99, 0x66, 0x66, 0x66, 0x66,
        0x99, 0x99, 0x99, 0x99, 0x66, 0x66, 0x66, 0x66, 0x99, 0x99, 0x99, 0x99,
        0x66, 0x66, 0x66, 0x66, 0x27, 0x34, 0xfa, 0x95, 0x84, 0xb7, 0x59, 0xae,
        0x40, 0x73, 0x9d, 0xe2, 0xf3, 0xc0, 0x2e, 0xd9, 0x37, 0x04, 0xea, 0x85,
        0xb4, 0xa7, 0xa9, 0xbe, 0x70, 0x63, 0xed, 0xf2, 0xc3, 0xd0, 0xde, 0xc9,
        0x07, 0x14, 0x9a, 0xb5, 0xa4, 0x57, 0xb9, 0x8e, 0x60, 0x13, 0xfd, 0xc2,
        0xd3, 0x20, 0xce, 0xf9, 0x17, 0x64, 0x8a, 0xa5, 0x54, 0x47, 0x89, 0x9e,
        0x10, 0x03, 0xcd, 0xd2, 0x23, 0x30, 0xfe, 0xe9, 0x67, 0x74, 0xba, 0x55,
        0x44, 0x77, 0x99, 0xee, 0x00, 0x33, 0xdd, 0x22, 0x33, 0x00, 0xee, 0x99,
        0x69, 0x96, 0x69, 0x96, 0x69, 0x96, 0x69, 0x96, 0x69, 0x96, 0x69, 0x96,
        0x69, 0x96, 0x69, 0x96, 0x69, 0x96, 0x69, 0x96, 0x69, 0x96, 0x69, 0x96,
        0x69, 0x96, 0x69, 0x96, 0x69, 0x96, 0x69, 0x96, 0x69, 0x96, 0x69, 0x96,
        0x69, 0x96, 0x69, 0x96, 0x69, 0x96, 0x69, 0x96, 0x69, 0x96, 0x69, 0x96,
        0x69, 0x96, 0x69, 0x96, 0x69, 0x96, 0x69, 0x96, 0x69, 0x96, 0x69, 0x96,
        0x69, 0x96, 0x69, 0x96, 0x69, 0x96, 0x69, 0x96, 0x69, 0x96, 0x69, 0x96,
        0x69, 0x96, 0x69, 0x96, 0x69, 0x96, 0x69, 0x96, 0xa5, 0xa5, 0xa5, 0xa5,
        0xa5, 0xa5, 0xa5, 0xa5, 0xa5, 0xa5, 0xa5, 0xa5, 0xa5, 0xa5, 0xa5, 0xa5,
        0xa5, 0xa5, 0xa5, 0xa5, 0xa5, 0xa5, 0xa5, 0xa5, 0xa5, 0xa5, 0xa5, 0xa5,
        0xa5, 0xa5, 0xa5, 0xa5, 0xa5, 0xa5, 0xa5, 0xa5, 0xa5, 0xa5, 0xa5, 0xa5,
        0xa5, 0xa5, 0xa5, 0xa5, 0xa5, 0xa5, 0xa5, 0xa5, 0xa5, 0xa5, 0xa5, 0xa5,
        0xa5, 0xa5, 0xa5, 0xa5, 0xa5, 0xa5, 0xa5, 0xa5, 0xa5, 0xa5, 0xa5, 0xa5,
        0xa5, 0xa5, 0xa5, 0xa5, 0xa5, 0xa5, 0xa5, 0xa5, 0xa5, 0xa5, 0xa5, 0xa5,
        0xa5, 0xa5, 0xa5, 0xa5, 0x3c, 0xc3, 0x3c, 0xc3, 0x3c, 0xc3, 0x3c, 0xc3,
        0xc3, 0x3c, 0xc3, 0x3c, 0xc3, 0x3c, 0xc3, 0x3c, 0x3c, 0xc3, 0x3c, 0xc3,
        0x3c, 0xc3, 0x3c, 0xc3, 0xc3, 0x3c, 0xc3, 0x3c, 0xc3, 0x3c, 0xc3, 0x3c,
        0x3c, 0xc3, 0x3c, 0xc3, 0x3c, 0xc3, 0x3c, 0xc3, 0xc3, 0x3c, 0xc3, 0x3c,
        0xc3, 0x3c, 0xc3, 0x3c, 0x3c, 0xc3, 0x3c, 0xc3, 0x3c, 0xc3, 0x3c, 0xc3,
        0xc3, 0x3c, 0xc3, 0x3c, 0xc3, 0x3c, 0xc3, 0x3c, 0x3c, 0xc3, 0x3c, 0xc3,
        0x3c, 0xc3, 0x3c, 0xc3, 0xc3, 0x3c, 0xc3, 0x3c, 0xc3, 0x3c, 0xc3, 0x3c,
        0xff, 0xff, 0x00, 0x00, 0xff, 0xff, 0x00, 0x00, 0xff, 0xff, 0x00, 0x00,
        0xff, 0xff, 0x00, 0x00, 0xff, 0xff, 0x00, 0x00, 0xff, 0xff, 0x00, 0x00,
        0xff, 0xff, 0x00, 0x00, 0xff, 0xff, 0x00, 0x00, 0xff, 0xff, 0x00, 0x00,
        0xff, 0xff, 0x00, 0x00, 0xff, 0xff, 0x00, 0x00, 0xff, 0xff, 0x00, 0x00,
        0xff, 0xff, 0x00, 0x00, 0xff, 0xff, 0x00, 0x00, 0xff, 0xff, 0x00, 0x00,
        0xff, 0xff, 0x00, 0x00, 0xff, 0xff, 0x00, 0x00, 0xff, 0xff, 0x00, 0x00,
        0xff, 0xff, 0x00, 0x00, 0xff, 0xff, 0x00, 0x00, 0x55, 0xaa, 0xaa, 0x55,
        0x55, 0xaa, 0xaa, 0x55, 0xaa, 0x55, 0x55, 0xaa, 0xaa, 0x55, 0x55, 0xaa,
        0x55, 0xaa, 0xaa, 0x55, 0x55, 0xaa, 0xaa, 0x55, 0xaa, 0x55, 0x55, 0xaa,
        0xaa, 0x55, 0x55, 0xaa, 0x55, 0xaa, 0xaa, 0x55, 0x55, 0xaa, 0xaa, 0x55,
        0xaa, 0x55, 0x55, 0xaa, 0xaa, 0x55, 0x55, 0xaa, 0x55, 0xaa, 0xaa, 0x55,
        0x55, 0xaa, 0xaa, 0x55, 0xaa, 0x55, 0x55, 0xaa, 0xaa, 0x55, 0x55, 0xaa,
        0x55, 0xaa, 0xaa, 0x55, 0x55, 0xaa, 0xaa, 0x55, 0xaa, 0x55, 0x55, 0xaa,
        0xaa, 0x55, 0x55, 0xaa, 0x66, 0x66, 0x99, 0x99, 0x66, 0x66, 0x99, 0x99,
        0x66, 0x66, 0x99, 0x99, 0x66, 0x66, 0x99, 0x99, 0x66, 0x66, 0x99, 0x99,
        0x66, 0x66, 0x99, 0x99, 0x66, 0x66, 0x99, 0x99, 0x66, 0x66, 0x99, 0x99,
        0x66, 0x66, 0x99, 0x99, 0x66, 0x66, 0x99, 0x99, 0x66, 0x66, 0x99, 0x99,
        0x66, 0x66, 0x99, 0x99, 0x66, 0x66, 0x99, 0x99, 0x66, 0x66, 0x99, 0x99,
        0x66, 0x66, 0x99, 0x99, 0x66, 0x66, 0x99, 0x99, 0x66, 0x66, 0x99, 0x99,
        0x66, 0x66, 0x99, 0x99, 0x66, 0x66, 0x99, 0x99, 0x66, 0x66, 0x99, 0x99,
        0x99, 0x66, 0x99, 0x66, 0x66, 0x99, 0x66, 0x99, 0x66, 0x99, 0x66, 0x99,
        0x99, 0x66, 0x99, 0x66, 0x99, 0x66, 0x99, 0x66, 0x66, 0x99, 0x66, 0x99,
        0x66, 0x99, 0x66, 0x99, 0x99, 0x66, 0x99, 0x66, 0x99, 0x66, 0x99, 0x66,
        0x66, 0x99, 0x66, 0x99, 0x66, 0x99, 0x66, 0x99, 0x99, 0x66, 0x99, 0x66,
        0x99, 0x66, 0x99, 0x66, 0x66, 0x99, 0x66, 0x99, 0x66, 0x99, 0x66, 0x99,
        0x99, 0x66, 0x99, 0x66, 0x99, 0x66, 0x99, 0x66, 0x66, 0x99, 0x66, 0x99,
        0x66, 0x99, 0x66, 0x99, 0x99, 0x66, 0x99, 0x66, 0xf0, 0x0f, 0x0f, 0xf0,
        0x0f, 0xf0, 0xf0, 0x0f, 0xf0, 0x0f, 0x0f, 0xf0, 0x0f, 0xf0, 0xf0, 0x0f,
        0xf0, 0x0f, 0x0f, 0xf0, 0x0f, 0xf0, 0xf0, 0x0f, 0xf0, 0x0f, 0x0f, 0xf0,
        0x0f, 0xf0, 0xf0, 0x0f, 0xf0, 0x0f, 0x0f, 0xf0, 0x0f, 0xf0, 0xf0, 0x0f,
        0xf0, 0x0f, 0x0f, 0xf0, 0x0f, 0xf0, 0xf0, 0x0f, 0xf0, 0x0f, 0x0f, 0xf0,
        0x0f, 0xf0, 0xf0, 0x0f, 0xf0, 0x0f, 0x0f, 0xf0, 0x0f, 0xf0, 0xf0, 0x0f,
        0xf0, 0x0f, 0x0f, 0xf0, 0x0f, 0xf0, 0xf0, 0x0f, 0xf0, 0x0f, 0x0f, 0xf0,
        0x0f, 0xf0, 0xf0, 0x0f, 0x69, 0x69, 0x96, 0x96, 0x96, 0x96, 0x69, 0x69,
        0x69, 0x69, 0x96, 0x96, 0x96, 0x96, 0x69, 0x69, 0x69, 0x69, 0x96, 0x96,
        0x96, 0x96, 0x69, 0x69, 0x69, 0x69, 0x96, 0x96, 0x96, 0x96, 0x69, 0x69,
        0x69, 0x69, 0x96, 0x96, 0x96, 0x96, 0x69, 0x69, 0x69, 0x69, 0x96, 0x96,
        0x96, 0x96, 0x69, 0x69, 0x69, 0x69, 0x96, 0x96, 0x96, 0x96, 0x69, 0x69,
        0x69, 0x69, 0x96, 0x96, 0x96, 0x96, 0x69, 0x69, 0x69, 0x69, 0x96, 0x96,
        0x96, 0x96, 0x69, 0x69, 0x69, 0x69, 0x96, 0x96, 0x96, 0x96, 0x69, 0x69,
        0x00, 0xff, 0xff, 0x00, 0x00, 0xff, 0xff, 0x00, 0xff, 0x00, 0x00, 0xff,
        0xff, 0x00, 0x00, 0xff, 0x00, 0xff, 0xff, 0x00, 0x00, 0xff, 0xff, 0x00,
        0xff, 0x00, 0x00, 0xff, 0xff, 0x00, 0x00, 0xff, 0x00, 0xff, 0xff, 0x00,
        0x00, 0xff, 0xff, 0x00, 0xff, 0x00, 0x00, 0xff, 0xff, 0x00, 0x00, 0xff,
        0x00, 0xff, 0xff, 0x00, 0x00, 0xff, 0xff, 0x00, 0xff, 0x00, 0x00, 0xff,
        0xff, 0x00, 0x00, 0xff, 0x00, 0xff, 0xff, 0x00, 0x00, 0xff, 0xff, 0x00,
        0xff, 0x00, 0x00, 0xff, 0xff, 0x00, 0x00, 0xff, 0x00, 0x00, 0x00, 0x00,
        0x00, 0x00, 0x00, 0x00, 0x00, 0x00, 0x00, 0x00, 0x00, 0x00, 0x00, 0x00,
        0x00, 0x00, 0x00, 0x00, 0x00, 0x00, 0x00, 0x00, 0x00, 0x00, 0x00, 0x00,
        0x00, 0x00, 0x00, 0x00, 0x00, 0x00, 0x00, 0x00, 0x00, 0x00, 0x00, 0x00,
        0x00, 0x00, 0x00, 0x00, 0x00, 0x00, 0x00, 0x00, 0x00, 0x00, 0x00, 0x00,
        0x00, 0x00, 0x00, 0x00, 0x00, 0x00, 0x00, 0x00, 0x00, 0x00, 0x00, 0x00,
        0x00, 0x00, 0x00, 0x00, 0x00, 0x00, 0x00, 0x00, 0x00, 0x00, 0x00, 0x00,
        0x00, 0x00, 0x00, 0x00, 0x66, 0x99, 0x66, 0x99, 0x99, 0x66, 0x99, 0x66,
        0x99, 0x66, 0x99, 0x66, 0x66, 0x99, 0x66, 0x99, 0x66, 0x99, 0x66, 0x99,
        0x99, 0x66, 0x99, 0x66, 0x99, 0x66, 0x99, 0x66, 0x66, 0x99, 0x66, 0x99,
        0x66, 0x99, 0x66, 0x99, 0x99, 0x66, 0x99, 0x66, 0x99, 0x66, 0x99, 0x66,
        0x66, 0x99, 0x66, 0x99, 0x66, 0x99, 0x66, 0x99, 0x99, 0x66, 0x99, 0x66,
        0x99, 0x66, 0x99, 0x66, 0x66, 0x99, 0x66, 0x99, 0x66, 0x99, 0x66, 0x99,
        0x99, 0x66, 0x99, 0x66, 0x99, 0x66, 0x99, 0x66, 0x66, 0x99, 0x66, 0x99,
        0x3c, 0x3c, 0xc3, 0xc3, 0xc3, 0xc3, 0x3c, 0x3c, 0x3c, 0x3c, 0xc3, 0xc3,
        0xc3, 0xc3, 0x3c, 0x3c, 0x3c, 0x3c, 0xc3, 0xc3, 0xc3, 0xc3, 0x3c, 0x3c,
        0x3c, 0x3c, 0xc3, 0xc3, 0xc3, 0xc3, 0x3c, 0x3c, 0x3c, 0x3c, 0xc3, 0xc3,
        0xc3, 0xc3, 0x3c, 0x3c, 0x3c, 0x3c, 0xc3, 0xc3, 0xc3, 0xc3, 0x3c, 0x3c,
        0x3c, 0x3c, 0xc3, 0xc3, 0xc3, 0xc3, 0x3c, 0x3c, 0x3c, 0x3c, 0xc3, 0xc3,
        0xc3, 0xc3, 0x3c, 0x3c, 0x3c, 0x3c, 0xc3, 0xc3, 0xc3, 0xc3, 0x3c, 0x3c,
        0x3c, 0x3c, 0xc3, 0xc3, 0xc3, 0xc3, 0x3c, 0x3c, 0x66, 0x99, 0x99, 0x66,
        0x66, 0x99, 0x99, 0x66, 0x99, 0x66, 0x66, 0x99, 0x99, 0x66, 0x66, 0x99,
        0x66, 0x99, 0x99, 0x66, 0x66, 0x99, 0x99, 0x66, 0x99, 0x66, 0x66, 0x99,
        0x99, 0x66, 0x66, 0x99, 0x66, 0x99, 0x99, 0x66, 0x66, 0x99, 0x99, 0x66,
        0x99, 0x66, 0x66, 0x99, 0x99, 0x66, 0x66, 0x99, 0x66, 0x99, 0x99, 0x66,
        0x66, 0x99, 0x99, 0x66, 0x99, 0x66, 0x66, 0x99, 0x99, 0x66, 0x66, 0x99,
        0x66, 0x99, 0x99, 0x66, 0x66, 0x99, 0x99, 0x66, 0x99, 0x66, 0x66, 0x99,
        0x99, 0x66, 0x66, 0x99, 0xaa, 0x55, 0x55, 0xaa, 0xaa, 0x55, 0x55, 0xaa,
        0x55, 0xaa, 0xaa, 0x55, 0x55, 0xaa, 0xaa, 0x55, 0xaa, 0x55, 0x55, 0xaa,
        0xaa, 0x55, 0x55, 0xaa, 0x55, 0xaa, 0xaa, 0x55, 0x55, 0xaa, 0xaa, 0x55,
        0xaa, 0x55, 0x55, 0xaa, 0xaa, 0x55, 0x55, 0xaa, 0x55, 0xaa, 0xaa, 0x55,
        0x55, 0xaa, 0xaa, 0x55, 0xaa, 0x55, 0x55, 0xaa, 0xaa, 0x55, 0x55, 0xaa,
        0x55, 0xaa, 0xaa, 0x55, 0x55, 0xaa, 0xaa, 0x55, 0xaa, 0x55, 0x55, 0xaa,
        0xaa, 0x55, 0x55, 0xaa, 0x55, 0xaa, 0xaa, 0x55, 0x55, 0xaa, 0xaa, 0x55,
        0x55, 0x55, 0x55, 0x55, 0xaa, 0xaa, 0xaa, 0xaa, 0xaa, 0xaa, 0xaa, 0xaa,
        0x55, 0x55, 0x55, 0x55, 0x55, 0x55, 0x55, 0x55, 0xaa, 0xaa, 0xaa, 0xaa,
        0xaa, 0xaa, 0xaa, 0xaa, 0x55, 0x55, 0x55, 0x55, 0x55, 0x55, 0x55, 0x55,
        0xaa, 0xaa, 0xaa, 0xaa, 0xaa, 0xaa, 0xaa, 0xaa, 0x55, 0x55, 0x55, 0x55,
        0x55, 0x55, 0x55, 0x55, 0xaa, 0xaa, 0xaa, 0xaa, 0xaa, 0xaa, 0xaa, 0xaa,
        0x55, 0x55, 0x55, 0x55, 0x55, 0x55, 0x55, 0x55, 0xaa, 0xaa, 0xaa, 0xaa,
        0xaa, 0xaa, 0xaa, 0xaa, 0x55, 0x55, 0x55, 0x55, 0x00, 0x00, 0xff, 0xff,
        0x00, 0x00, 0xff, 0xff, 0xff, 0xff, 0x00, 0x00, 0xff, 0xff, 0x00, 0x00,
        0x00, 0x00, 0xff, 0xff, 0x00, 0x00, 0xff, 0xff, 0xff, 0xff, 0x00, 0x00,
        0xff, 0xff, 0x00, 0x00, 0x00, 0x00, 0xff, 0xff, 0x00, 0x00, 0xff, 0xff,
        0xff, 0xff, 0x00, 0x00, 0xff, 0xff, 0x00, 0x00, 0x00, 0x00, 0xff, 0xff,
        0x00, 0x00, 0xff, 0xff, 0xff, 0xff, 0x00, 0x00, 0xff, 0xff, 0x00, 0x00,
        0x00, 0x00, 0xff, 0xff, 0x00, 0x00, 0xff, 0xff, 0xff, 0xff, 0x00, 0x00,
        0xff, 0xff, 0x00, 0x00, 0xaa, 0xaa, 0x55, 0x55, 0x55, 0x55, 0xaa, 0xaa,
        0x55, 0x55, 0xaa, 0xaa, 0xaa, 0xaa, 0x55, 0x55, 0xaa, 0xaa, 0x55, 0x55,
        0x55, 0x55, 0xaa, 0xaa, 0x55, 0x55, 0xaa, 0xaa, 0xaa, 0xaa, 0x55, 0x55,
        0xaa, 0xaa, 0x55, 0x55, 0x55, 0x55, 0xaa, 0xaa, 0x55, 0x55, 0xaa, 0xaa,
        0xaa, 0xaa, 0x55, 0x55, 0xaa, 0xaa, 0x55, 0x55, 0x55, 0x55, 0xaa, 0xaa,
        0x55, 0x55, 0xaa, 0xaa, 0xaa, 0xaa, 0x55, 0x55, 0xaa, 0xaa, 0x55, 0x55,
        0x55, 0x55, 0xaa, 0xaa, 0x55, 0x55, 0xaa, 0xaa, 0xaa, 0xaa, 0x55, 0x55,
        0x0f, 0xf0, 0x0f, 0xf0, 0x0f, 0xf0, 0x0f, 0xf0, 0x0f, 0xf0, 0x0f, 0xf0,
        0x0f, 0xf0, 0x0f, 0xf0, 0x0f, 0xf0, 0x0f, 0xf0, 0x0f, 0xf0, 0x0f, 0xf0,
        0x0f, 0xf0, 0x0f, 0xf0, 0x0f, 0xf0, 0x0f, 0xf0, 0x0f, 0xf0, 0x0f, 0xf0,
        0x0f, 0xf0, 0x0f, 0xf0, 0x0f, 0xf0, 0x0f, 0xf0, 0x0f, 0xf0, 0x0f, 0xf0,
        0x0f, 0xf0, 0x0f, 0xf0, 0x0f, 0xf0, 0x0f, 0xf0, 0x0f, 0xf0, 0x0f, 0xf0,
        0x0f, 0xf0, 0x0f, 0xf0, 0x0f, 0xf0, 0x0f, 0xf0, 0x0f, 0xf0, 0x0f, 0xf0,
        0x0f, 0xf0, 0x0f, 0xf0, 0x0f, 0xf0, 0x0f, 0xf0, 0xa5, 0xa5, 0xa5, 0xa5,
        0x5a, 0x5a, 0x5a, 0x5a, 0x5a, 0x5a, 0x5a, 0x5a, 0xa5, 0xa5, 0xa5, 0xa5,
        0xa5, 0xa5, 0xa5, 0xa5, 0x5a, 0x5a, 0x5a, 0x5a, 0x5a, 0x5a, 0x5a, 0x5a,
        0xa5, 0xa5, 0xa5, 0xa5, 0xa5, 0xa5, 0xa5, 0xa5, 0x5a, 0x5a, 0x5a, 0x5a,
        0x5a, 0x5a, 0x5a, 0x5a, 0xa5, 0xa5, 0xa5, 0xa5, 0xa5, 0xa5, 0xa5, 0xa5,
        0x5a, 0x5a, 0x5a, 0x5a, 0x5a, 0x5a, 0x5a, 0x5a, 0xa5, 0xa5, 0xa5, 0xa5,
        0xa5, 0xa5, 0xa5, 0xa5, 0x5a, 0x5a, 0x5a, 0x5a, 0x5a, 0x5a, 0x5a, 0x5a,
        0xa5, 0xa5, 0xa5, 0xa5, 0xa5, 0x5a, 0xa5, 0x5a, 0x5a, 0xa5, 0x5a, 0xa5,
        0xa5, 0x5a, 0xa5, 0x5a, 0x5a, 0xa5, 0x5a, 0xa5, 0xa5, 0x5a, 0xa5, 0x5a,
        0x5a, 0xa5, 0x5a, 0xa5, 0xa5, 0x5a, 0xa5, 0x5a, 0x5a, 0xa5, 0x5a, 0xa5,
        0xa5, 0x5a, 0xa5, 0x5a, 0x5a, 0xa5, 0x5a, 0xa5, 0xa5, 0x5a, 0xa5, 0x5a,
        0x5a, 0xa5, 0x5a, 0xa5, 0xa5, 0x5a, 0xa5, 0x5a, 0x5a, 0xa5, 0x5a, 0xa5,
        0xa5, 0x5a, 0xa5, 0x5a, 0x5a, 0xa5, 0x5a, 0xa5, 0xa5, 0x5a, 0xa5, 0x5a,
        0x5a, 0xa5, 0x5a, 0xa5, 0xa5, 0x5a, 0xa5, 0x5a, 0x5a, 0xa5, 0x5a, 0xa5,
        0x55, 0xaa, 0x55, 0xaa, 0xaa, 0x55, 0xaa, 0x55, 0x55, 0xaa, 0x55, 0xaa,
        0xaa, 0x55, 0xaa, 0x55, 0x55, 0xaa, 0x55, 0xaa, 0xaa, 0x55, 0xaa, 0x55,
        0x55, 0xaa, 0x55, 0xaa, 0xaa, 0x55, 0xaa, 0x55, 0x55, 0xaa, 0x55, 0xaa,
        0xaa, 0x55, 0xaa, 0x55, 0x55, 0xaa, 0x55, 0xaa, 0xaa, 0x55, 0xaa, 0x55,
        0x55, 0xaa, 0x55, 0xaa, 0xaa, 0x55, 0xaa, 0x55, 0x55, 0xaa, 0x55, 0xaa,
        0xaa, 0x55, 0xaa, 0x55, 0x55, 0xaa, 0x55, 0xaa, 0xaa, 0x55, 0xaa, 0x55,
        0x55, 0xaa, 0x55, 0xaa, 0xaa, 0x55, 0xaa, 0x55, 0xaa, 0x55, 0x55, 0xaa,
        0xaa, 0x55, 0x55, 0xaa, 0x55, 0xaa, 0xaa, 0x55, 0x55, 0xaa, 0xaa, 0x55,
        0xaa, 0x55, 0x55, 0xaa, 0xaa, 0x55, 0x55, 0xaa, 0x55, 0xaa, 0xaa, 0x55,
        0x55, 0xaa, 0xaa, 0x55, 0xaa, 0x55, 0x55, 0xaa, 0xaa, 0x55, 0x55, 0xaa,
        0x55, 0xaa, 0xaa, 0x55, 0x55, 0xaa, 0xaa, 0x55, 0xaa, 0x55, 0x55, 0xaa,
        0xaa, 0x55, 0x55, 0xaa, 0x55, 0xaa, 0xaa, 0x55, 0x55, 0xaa, 0xaa, 0x55,
        0xaa, 0x55, 0x55, 0xaa, 0xaa, 0x55, 0x55, 0xaa, 0x55, 0xaa, 0xaa, 0x55,
        0x55, 0xaa, 0xaa, 0x55, 0xf0, 0xf0, 0x0f, 0x0f, 0xf0, 0xf0, 0x0f, 0x0f,
        0x0f, 0x0f, 0xf0, 0xf0, 0x0f, 0x0f, 0xf0, 0xf0, 0xf0, 0xf0, 0x0f, 0x0f,
        0xf0, 0xf0, 0x0f, 0x0f, 0x0f, 0x0f, 0xf0, 0xf0, 0x0f, 0x0f, 0xf0, 0xf0,
        0xf0, 0xf0, 0x0f, 0x0f, 0xf0, 0xf0, 0x0f, 0x0f, 0x0f, 0x0f, 0xf0, 0xf0,
        0x0f, 0x0f, 0xf0, 0xf0, 0xf0, 0xf0, 0x0f, 0x0f, 0xf0, 0xf0, 0x0f, 0x0f,
        0x0f, 0x0f, 0xf0, 0xf0, 0x0f, 0x0f, 0xf0, 0xf0, 0xf0, 0xf0, 0x0f, 0x0f,
        0xf0, 0xf0, 0x0f, 0x0f, 0x0f, 0x0f, 0xf0, 0xf0, 0x0f, 0x0f, 0xf0, 0xf0,
        0x96, 0x96, 0x96, 0x96, 0x69, 0x69, 0x69, 0x69, 0x96, 0x96, 0x96, 0x96,
        0x69, 0x69, 0x69, 0x69, 0x96, 0x96, 0x96, 0x96, 0x69, 0x69, 0x69, 0x69,
        0x96, 0x96, 0x96, 0x96, 0x69, 0x69, 0x69, 0x69, 0x96, 0x96, 0x96, 0x96,
        0x69, 0x69, 0x69, 0x69, 0x96, 0x96, 0x96, 0x96, 0x69, 0x69, 0x69, 0x69,
        0x96, 0x96, 0x96, 0x96, 0x69, 0x69, 0x69, 0x69, 0x96, 0x96, 0x96, 0x96,
        0x69, 0x69, 0x69, 0x69, 0x96, 0x96, 0x96, 0x96, 0x69, 0x69, 0x69, 0x69,
        0x96, 0x96, 0x96, 0x96, 0x69, 0x69, 0x69, 0x69, 0x3c, 0xc3, 0x3c, 0xc3,
        0xc3, 0x3c, 0xc3, 0x3c, 0x3c, 0xc3, 0x3c, 0xc3, 0xc3, 0x3c, 0xc3, 0x3c,
        0x3c, 0xc3, 0x3c, 0xc3, 0xc3, 0x3c, 0xc3, 0x3c, 0x3c, 0xc3, 0x3c, 0xc3,
        0xc3, 0x3c, 0xc3, 0x3c, 0x3c, 0xc3, 0x3c, 0xc3, 0xc3, 0x3c, 0xc3, 0x3c,
        0x3c, 0xc3, 0x3c, 0xc3, 0xc3, 0x3c, 0xc3, 0x3c, 0x3c, 0xc3, 0x3c, 0xc3,
        0xc3, 0x3c, 0xc3, 0x3c, 0x3c, 0xc3, 0x3c, 0xc3, 0xc3, 0x3c, 0xc3, 0x3c,
        0x3c, 0xc3, 0x3c, 0xc3, 0xc3, 0x3c, 0xc3, 0x3c, 0x3c, 0xc3, 0x3c, 0xc3,
        0xc3, 0x3c, 0xc3, 0x3c, 0x3c, 0xc3, 0xc3, 0x3c, 0x3c, 0xc3, 0xc3, 0x3c,
        0x3c, 0xc3, 0xc3, 0x3c, 0x3c, 0xc3, 0xc3, 0x3c, 0x3c, 0xc3, 0xc3, 0x3c,
        0x3c, 0xc3, 0xc3, 0x3c, 0x3c, 0xc3, 0xc3, 0x3c, 0x3c, 0xc3, 0xc3, 0x3c,
        0x3c, 0xc3, 0xc3, 0x3c, 0x3c, 0xc3, 0xc3, 0x3c, 0x3c, 0xc3, 0xc3, 0x3c,
        0x3c, 0xc3, 0xc3, 0x3c, 0x3c, 0xc3, 0xc3, 0x3c, 0x3c, 0xc3, 0xc3, 0x3c,
        0x3c, 0xc3, 0xc3, 0x3c, 0x3c, 0xc3, 0xc3, 0x3c, 0x3c, 0xc3, 0xc3, 0x3c,
        0x3c, 0xc3, 0xc3, 0x3c, 0x3c, 0xc3, 0xc3, 0x3c, 0x3c, 0xc3, 0xc3, 0x3c,
        0x5a, 0xa5, 0xa5, 0x5a, 0x5a, 0xa5, 0xa5, 0x5a, 0x5a, 0xa5, 0xa5, 0x5a,
        0x5a, 0xa5, 0xa5, 0x5a, 0x5a, 0xa5, 0xa5, 0x5a, 0x5a, 0xa5, 0xa5, 0x5a,
        0x5a, 0xa5, 0xa5, 0x5a, 0x5a, 0xa5, 0xa5, 0x5a, 0x5a, 0xa5, 0xa5, 0x5a,
        0x5a, 0xa5, 0xa5, 0x5a, 0x5a, 0xa5, 0xa5, 0x5a, 0x5a, 0xa5, 0xa5, 0x5a,
        0x5a, 0xa5, 0xa5, 0x5a, 0x5a, 0xa5, 0xa5, 0x5a, 0x5a, 0xa5, 0xa5, 0x5a,
        0x5a, 0xa5, 0xa5, 0x5a, 0x5a, 0xa5, 0xa5, 0x5a, 0x5a, 0xa5, 0xa5, 0x5a,
        0x5a, 0xa5, 0xa5, 0x5a, 0x5a, 0xa5, 0xa5, 0x5a, 0x00, 0x00, 0x00, 0x00,
        0x00, 0x00, 0x00, 0x00, 0xff, 0xff, 0xff, 0xff, 0xff, 0xff, 0xff, 0xff,
        0x00, 0x00, 0x00, 0x00, 0x00, 0x00, 0x00, 0x00, 0xff, 0xff, 0xff, 0xff,
        0xff, 0xff, 0xff, 0xff, 0x00, 0x00, 0x00, 0x00, 0x00, 0x00, 0x00, 0x00,
        0xff, 0xff, 0xff, 0xff, 0xff, 0xff, 0xff, 0xff, 0x00, 0x00, 0x00, 0x00,
        0x00, 0x00, 0x00, 0x00, 0xff, 0xff, 0xff, 0xff, 0xff, 0xff, 0xff, 0xff,
        0x00, 0x00, 0x00, 0x00, 0x00, 0x00, 0x00, 0x00, 0xff, 0xff, 0xff, 0xff,
        0xff, 0xff, 0xff, 0xff, 0x55, 0x55, 0xaa, 0xaa, 0x55, 0x55, 0xaa, 0xaa,
        0x55, 0x55, 0xaa, 0xaa, 0x55, 0x55, 0xaa, 0xaa, 0x55, 0x55, 0xaa, 0xaa,
        0x55, 0x55, 0xaa, 0xaa, 0x55, 0x55, 0xaa, 0xaa, 0x55, 0x55, 0xaa, 0xaa,
        0x55, 0x55, 0xaa, 0xaa, 0x55, 0x55, 0xaa, 0xaa, 0x55, 0x55, 0xaa, 0xaa,
        0x55, 0x55, 0xaa, 0xaa, 0x55, 0x55, 0xaa, 0xaa, 0x55, 0x55, 0xaa, 0xaa,
        0x55, 0x55, 0xaa, 0xaa, 0x55, 0x55, 0xaa, 0xaa, 0x55, 0x55, 0xaa, 0xaa,
        0x55, 0x55, 0xaa, 0xaa, 0x55, 0x55, 0xaa, 0xaa, 0x55, 0x55, 0xaa, 0xaa,
        0x33, 0x33, 0x33, 0x33, 0xcc, 0xcc, 0xcc, 0xcc, 0x33, 0x33, 0x33, 0x33,
        0xcc, 0xcc, 0xcc, 0xcc, 0x33, 0x33, 0x33, 0x33, 0xcc, 0xcc, 0xcc, 0xcc,
        0x33, 0x33, 0x33, 0x33, 0xcc, 0xcc, 0xcc, 0xcc, 0x33, 0x33, 0x33, 0x33,
        0xcc, 0xcc, 0xcc, 0xcc, 0x33, 0x33, 0x33, 0x33, 0xcc, 0xcc, 0xcc, 0xcc,
        0x33, 0x33, 0x33, 0x33, 0xcc, 0xcc, 0xcc, 0xcc, 0x33, 0x33, 0x33, 0x33,
        0xcc, 0xcc, 0xcc, 0xcc, 0x33, 0x33, 0x33, 0x33, 0xcc, 0xcc, 0xcc, 0xcc,
        0x33, 0x33, 0x33, 0x33, 0xcc, 0xcc, 0xcc, 0xcc, 0xc3, 0x3c, 0xc3, 0x3c,
        0xc3, 0x3c, 0xc3, 0x3c, 0x3c, 0xc3, 0x3c, 0xc3, 0x3c, 0xc3, 0x3c, 0xc3,
        0xc3, 0x3c, 0xc3, 0x3c, 0xc3, 0x3c, 0xc3, 0x3c, 0x3c, 0xc3, 0x3c, 0xc3,
        0x3c, 0xc3, 0x3c, 0xc3, 0xc3, 0x3c, 0xc3, 0x3c, 0xc3, 0x3c, 0xc3, 0x3c,
        0x3c, 0xc3, 0x3c, 0xc3, 0x3c, 0xc3, 0x3c, 0xc3, 0xc3, 0x3c, 0xc3, 0x3c,
        0xc3, 0x3c, 0xc3, 0x3c, 0x3c, 0xc3, 0x3c, 0xc3, 0x3c, 0xc3, 0x3c, 0xc3,
        0xc3, 0x3c, 0xc3, 0x3c, 0xc3, 0x3c, 0xc3, 0x3c, 0x3c, 0xc3, 0x3c, 0xc3,
        0x3c, 0xc3, 0x3c, 0xc3, 0x55, 0xaa, 0xaa, 0x55, 0xaa, 0x55, 0x55, 0xaa,
        0xaa, 0x55, 0x55, 0xaa, 0x55, 0xaa, 0xaa, 0x55, 0x55, 0xaa, 0xaa, 0x55,
        0xaa, 0x55, 0x55, 0xaa, 0xaa, 0x55, 0x55, 0xaa, 0x55, 0xaa, 0xaa, 0x55,
        0x55, 0xaa, 0xaa, 0x55, 0xaa, 0x55, 0x55, 0xaa, 0xaa, 0x55, 0x55, 0xaa,
        0x55, 0xaa, 0xaa, 0x55, 0x55, 0xaa, 0xaa, 0x55, 0xaa, 0x55, 0x55, 0xaa,
        0xaa, 0x55, 0x55, 0xaa, 0x55, 0xaa, 0xaa, 0x55, 0x55, 0xaa, 0xaa, 0x55,
        0xaa, 0x55, 0x55, 0xaa, 0xaa, 0x55, 0x55, 0xaa, 0x55, 0xaa, 0xaa, 0x55,
        0xff, 0x00, 0xff, 0x00, 0xff, 0x00, 0xff, 0x00, 0x00, 0xff, 0x00, 0xff,
        0x00, 0xff, 0x00, 0xff, 0xff, 0x00, 0xff, 0x00, 0xff, 0x00, 0xff, 0x00,
        0x00, 0xff, 0x00, 0xff, 0x00, 0xff, 0x00, 0xff, 0xff, 0x00, 0xff, 0x00,
        0xff, 0x00, 0xff, 0x00, 0x00, 0xff, 0x00, 0xff, 0x00, 0xff, 0x00, 0xff,
        0xff, 0x00, 0xff, 0x00, 0xff, 0x00, 0xff, 0x00, 0x00, 0xff, 0x00, 0xff,
        0x00, 0xff, 0x00, 0xff, 0xff, 0x00, 0xff, 0x00, 0xff, 0x00, 0xff, 0x00,
        0x00, 0xff, 0x00, 0xff, 0x00, 0xff, 0x00, 0xff, 0xaa, 0xaa, 0xaa, 0xaa,
        0x55, 0x55, 0x55, 0x55, 0x55, 0x55, 0x55, 0x55, 0xaa, 0xaa, 0xaa, 0xaa,
        0xaa, 0xaa, 0xaa, 0xaa, 0x55, 0x55, 0x55, 0x55, 0x55, 0x55, 0x55, 0x55,
        0xaa, 0xaa, 0xaa, 0xaa, 0xaa, 0xaa, 0xaa, 0xaa, 0x55, 0x55, 0x55, 0x55,
        0x55, 0x55, 0x55, 0x55, 0xaa, 0xaa, 0xaa, 0xaa, 0xaa, 0xaa, 0xaa, 0xaa,
        0x55, 0x55, 0x55, 0x55, 0x55, 0x55, 0x55, 0x55, 0xaa, 0xaa, 0xaa, 0xaa,
        0xaa, 0xaa, 0xaa, 0xaa, 0x55, 0x55, 0x55, 0x55, 0x55, 0x55, 0x55, 0x55,
        0xaa, 0xaa, 0xaa, 0xaa, 0xaa, 0x55, 0xaa, 0x55, 0xaa, 0x55, 0xaa, 0x55,
        0x55, 0xaa, 0x55, 0xaa, 0x55, 0xaa, 0x55, 0xaa, 0xaa, 0x55, 0xaa, 0x55,
        0xaa, 0x55, 0xaa, 0x55, 0x55, 0xaa, 0x55, 0xaa, 0x55, 0xaa, 0x55, 0xaa,
        0xaa, 0x55, 0xaa, 0x55, 0xaa, 0x55, 0xaa, 0x55, 0x55, 0xaa, 0x55, 0xaa,
        0x55, 0xaa, 0x55, 0xaa, 0xaa, 0x55, 0xaa, 0x55, 0xaa, 0x55, 0xaa, 0x55,
        0x55, 0xaa, 0x55, 0xaa, 0x55, 0xaa, 0x55, 0xaa, 0xaa, 0x55, 0xaa, 0x55,
        0xaa, 0x55, 0xaa, 0x55, 0x55, 0xaa, 0x55, 0xaa, 0x55, 0xaa, 0x55, 0xaa,
        0x66, 0x99, 0x66, 0x99, 0x99, 0x66, 0x99, 0x66, 0x99, 0x66, 0x99, 0x66,
        0x66, 0x99, 0x66, 0x99, 0x66, 0x99, 0x66, 0x99, 0x99, 0x66, 0x99, 0x66,
        0x99, 0x66, 0x99, 0x66, 0x66, 0x99, 0x66, 0x99, 0x66, 0x99, 0x66, 0x99,
        0x99, 0x66, 0x99, 0x66, 0x99, 0x66, 0x99, 0x66, 0x66, 0x99, 0x66, 0x99,
        0x66, 0x99, 0x66, 0x99, 0x99, 0x66, 0x99, 0x66, 0x99, 0x66, 0x99, 0x66,
        0x66, 0x99, 0x66, 0x99, 0x66, 0x99, 0x66, 0x99, 0x99, 0x66, 0x99, 0x66,
        0x99, 0x66, 0x99, 0x66, 0x66, 0x99, 0x66, 0x99, 0xff, 0xff, 0x00, 0x00,
        0x00, 0x00, 0xff, 0xff, 0xff, 0xff, 0x00, 0x00, 0x00, 0x00, 0xff, 0xff,
        0xff, 0xff, 0x00, 0x00, 0x00, 0x00, 0xff, 0xff, 0xff, 0xff, 0x00, 0x00,
        0x00, 0x00, 0xff, 0xff, 0xff, 0xff, 0x00, 0x00, 0x00, 0x00, 0xff, 0xff,
        0xff, 0xff, 0x00, 0x00, 0x00, 0x00, 0xff, 0xff, 0xff, 0xff, 0x00, 0x00,
        0x00, 0x00, 0xff, 0xff, 0xff, 0xff, 0x00, 0x00, 0x00, 0x00, 0xff, 0xff,
        0xff, 0xff, 0x00, 0x00, 0x00, 0x00, 0xff, 0xff, 0xff, 0xff, 0x00, 0x00,
        0x00, 0x00, 0xff, 0xff, 0x00, 0x00, 0xff, 0xff, 0xff, 0xff, 0x00, 0x00,
        0xff, 0xff, 0x00, 0x00, 0x00, 0x00, 0xff, 0xff, 0x00, 0x00, 0xff, 0xff,
        0xff, 0xff, 0x00, 0x00, 0xff, 0xff, 0x00, 0x00, 0x00, 0x00, 0xff, 0xff,
        0x00, 0x00, 0xff, 0xff, 0xff, 0xff, 0x00, 0x00, 0xff, 0xff, 0x00, 0x00,
        0x00, 0x00, 0xff, 0xff, 0x00, 0x00, 0xff, 0xff, 0xff, 0xff, 0x00, 0x00,
        0xff, 0xff, 0x00, 0x00, 0x00, 0x00, 0xff, 0xff, 0x00, 0x00, 0xff, 0xff,
        0xff, 0xff, 0x00, 0x00, 0xff, 0xff, 0x00, 0x00, 0x00, 0x00, 0xff, 0xff,
        0xf0, 0x0f, 0x0f, 0xf0, 0x0f, 0xf0, 0xf0, 0x0f, 0x0f, 0xf0, 0xf0, 0x0f,
        0xf0, 0x0f, 0x0f, 0xf0, 0xf0, 0x0f, 0x0f, 0xf0, 0x0f, 0xf0, 0xf0, 0x0f,
        0x0f, 0xf0, 0xf0, 0x0f, 0xf0, 0x0f, 0x0f, 0xf0, 0xf0, 0x0f, 0x0f, 0xf0,
        0x0f, 0xf0, 0xf0, 0x0f, 0x0f, 0xf0, 0xf0, 0x0f, 0xf0, 0x0f, 0x0f, 0xf0,
        0xf0, 0x0f, 0x0f, 0xf0, 0x0f, 0xf0, 0xf0, 0x0f, 0x0f, 0xf0, 0xf0, 0x0f,
        0xf0, 0x0f, 0x0f, 0xf0, 0xf0, 0x0f, 0x0f, 0xf0, 0x0f, 0xf0, 0xf0, 0x0f,
        0x0f, 0xf0, 0xf0, 0x0f, 0xf0, 0x0f, 0x0f, 0xf0, 0x5a, 0x5a, 0xa5, 0xa5,
        0x5a, 0x5a, 0xa5, 0xa5, 0xa5, 0xa5, 0x5a, 0x5a, 0xa5, 0xa5, 0x5a, 0x5a,
        0x5a, 0x5a, 0xa5, 0xa5, 0x5a, 0x5a, 0xa5, 0xa5, 0xa5, 0xa5, 0x5a, 0x5a,
        0xa5, 0xa5, 0x5a, 0x5a, 0x5a, 0x5a, 0xa5, 0xa5, 0x5a, 0x5a, 0xa5, 0xa5,
        0xa5, 0xa5, 0x5a, 0x5a, 0xa5, 0xa5, 0x5a, 0x5a, 0x5a, 0x5a, 0xa5, 0xa5,
        0x5a, 0x5a, 0xa5, 0xa5, 0xa5, 0xa5, 0x5a, 0x5a, 0xa5, 0xa5, 0x5a, 0x5a,
        0x5a, 0x5a, 0xa5, 0xa5, 0x5a, 0x5a, 0xa5, 0xa5, 0xa5, 0xa5, 0x5a, 0x5a,
        0xa5, 0xa5, 0x5a, 0x5a, 0x3c, 0x3c, 0xc3, 0xc3, 0xc3, 0xc3, 0x3c, 0x3c,
        0x3c, 0x3c, 0xc3, 0xc3, 0xc3, 0xc3, 0x3c, 0x3c, 0x3c, 0x3c, 0xc3, 0xc3,
        0xc3, 0xc3, 0x3c, 0x3c, 0x3c, 0x3c, 0xc3, 0xc3, 0xc3, 0xc3, 0x3c, 0x3c,
        0x3c, 0x3c, 0xc3, 0xc3, 0xc3, 0xc3, 0x3c, 0x3c, 0x3c, 0x3c, 0xc3, 0xc3,
        0xc3, 0xc3, 0x3c, 0x3c, 0x3c, 0x3c, 0xc3, 0xc3, 0xc3, 0xc3, 0x3c, 0x3c,
        0x3c, 0x3c, 0xc3, 0xc3, 0xc3, 0xc3, 0x3c, 0x3c, 0x3c, 0x3c, 0xc3, 0xc3,
        0xc3, 0xc3, 0x3c, 0x3c, 0x3c, 0x3c, 0xc3, 0xc3, 0xc3, 0xc3, 0x3c, 0x3c,
        0x99, 0x66, 0x99, 0x66, 0x66, 0x99, 0x66, 0x99, 0x99, 0x66, 0x99, 0x66,
        0x66, 0x99, 0x66, 0x99, 0x99, 0x66, 0x99, 0x66, 0x66, 0x99, 0x66, 0x99,
        0x99, 0x66, 0x99, 0x66, 0x66, 0x99, 0x66, 0x99, 0x99, 0x66, 0x99, 0x66,
        0x66, 0x99, 0x66, 0x99, 0x99, 0x66, 0x99, 0x66, 0x66, 0x99, 0x66, 0x99,
        0x99, 0x66, 0x99, 0x66, 0x66, 0x99, 0x66, 0x99, 0x99, 0x66, 0x99, 0x66,
        0x66, 0x99, 0x66, 0x99, 0x99, 0x66, 0x99, 0x66, 0x66, 0x99, 0x66, 0x99,
        0x99, 0x66, 0x99, 0x66, 0x66, 0x99, 0x66, 0x99, 0xc3, 0xc3, 0x3c, 0x3c,
        0xc3, 0xc3, 0x3c, 0x3c, 0x3c, 0x3c, 0xc3, 0xc3, 0x3c, 0x3c, 0xc3, 0xc3,
        0xc3, 0xc3, 0x3c, 0x3c, 0xc3, 0xc3, 0x3c, 0x3c, 0x3c, 0x3c, 0xc3, 0xc3,
        0x3c, 0x3c, 0xc3, 0xc3, 0xc3, 0xc3, 0x3c, 0x3c, 0xc3, 0xc3, 0x3c, 0x3c,
        0x3c, 0x3c, 0xc3, 0xc3, 0x3c, 0x3c, 0xc3, 0xc3, 0xc3, 0xc3, 0x3c, 0x3c,
        0xc3, 0xc3, 0x3c, 0x3c, 0x3c, 0x3c, 0xc3, 0xc3, 0x3c, 0x3c, 0xc3, 0xc3,
        0xc3, 0xc3, 0x3c, 0x3c, 0xc3, 0xc3, 0x3c, 0x3c, 0x3c, 0x3c, 0xc3, 0xc3,
        0x3c, 0x3c, 0xc3, 0xc3, 0xaa, 0xaa, 0x55, 0x55, 0x55, 0x55, 0xaa, 0xaa,
        0x55, 0x55, 0xaa, 0xaa, 0xaa, 0xaa, 0x55, 0x55, 0xaa, 0xaa, 0x55, 0x55,
        0x55, 0x55, 0xaa, 0xaa, 0x55, 0x55, 0xaa, 0xaa, 0xaa, 0xaa, 0x55, 0x55,
        0xaa, 0xaa, 0x55, 0x55, 0x55, 0x55, 0xaa, 0xaa, 0x55, 0x55, 0xaa, 0xaa,
        0xaa, 0xaa, 0x55, 0x55, 0xaa, 0xaa, 0x55, 0x55, 0x55, 0x55, 0xaa, 0xaa,
        0x55, 0x55, 0xaa, 0xaa, 0xaa, 0xaa, 0x55, 0x55, 0xaa, 0xaa, 0x55, 0x55,
        0x55, 0x55, 0xaa, 0xaa, 0x55, 0x55, 0xaa, 0xaa, 0xaa, 0xaa, 0x55, 0x55,
        0x0f, 0xf0, 0xf0, 0x0f, 0x0f, 0xf0, 0xf0, 0x0f, 0x0f, 0xf0, 0xf0, 0x0f,
        0x0f, 0xf0, 0xf0, 0x0f, 0x0f, 0xf0, 0xf0, 0x0f, 0x0f, 0xf0, 0xf0, 0x0f,
        0x0f, 0xf0, 0xf0, 0x0f, 0x0f, 0xf0, 0xf0, 0x0f, 0x0f, 0xf0, 0xf0, 0x0f,
        0x0f, 0xf0, 0xf0, 0x0f, 0x0f, 0xf0, 0xf0, 0x0f, 0x0f, 0xf0, 0xf0, 0x0f,
        0x0f, 0xf0, 0xf0, 0x0f, 0x0f, 0xf0, 0xf0, 0x0f, 0x0f, 0xf0, 0xf0, 0x0f,
        0x0f, 0xf0, 0xf0, 0x0f, 0x0f, 0xf0, 0xf0, 0x0f, 0x0f, 0xf0, 0xf0, 0x0f,
        0x0f, 0xf0, 0xf0, 0x0f, 0x0f, 0xf0, 0xf0, 0x0f, 0xff, 0xff, 0xff, 0xff,
        0xff, 0xff, 0xff, 0xff, 0xff, 0xff, 0xff, 0xff, 0xff, 0xff, 0xff, 0xff,
        0xff, 0xff, 0xff, 0xff, 0xff, 0xff, 0xff, 0xff, 0xff, 0xff, 0xff, 0xff,
        0xff, 0xff, 0xff, 0xff, 0xff, 0xff, 0xff, 0xff, 0xff, 0xff, 0xff, 0xff,
        0xff, 0xff, 0xff, 0xff, 0xff, 0xff, 0xff, 0xff, 0xff, 0xff, 0xff, 0xff,
        0xff, 0xff, 0xff, 0xff, 0xff, 0xff, 0xff, 0xff, 0xff, 0xff, 0xff, 0xff,
        0xff, 0xff, 0xff, 0xff, 0xff, 0xff, 0xff, 0xff, 0xff, 0xff, 0xff, 0xff,
        0xff, 0xff, 0xff, 0xff, 0xa5, 0x5a, 0xa5, 0x5a, 0xa5, 0x5a, 0xa5, 0x5a,
        0x5a, 0xa5, 0x5a, 0xa5, 0x5a, 0xa5, 0x5a, 0xa5, 0xa5, 0x5a, 0xa5, 0x5a,
        0xa5, 0x5a, 0xa5, 0x5a, 0x5a, 0xa5, 0x5a, 0xa5, 0x5a, 0xa5, 0x5a, 0xa5,
        0xa5, 0x5a, 0xa5, 0x5a, 0xa5, 0x5a, 0xa5, 0x5a, 0x5a, 0xa5, 0x5a, 0xa5,
        0x5a, 0xa5, 0x5a, 0xa5, 0xa5, 0x5a, 0xa5, 0x5a, 0xa5, 0x5a, 0xa5, 0x5a,
        0x5a, 0xa5, 0x5a, 0xa5, 0x5a, 0xa5, 0x5a, 0xa5, 0xa5, 0x5a, 0xa5, 0x5a,
        0xa5, 0x5a, 0xa5, 0x5a, 0x5a, 0xa5, 0x5a, 0xa5, 0x5a, 0xa5, 0x5a, 0xa5,
        0x69, 0x96, 0x96, 0x69, 0x96, 0x69, 0x69, 0x96, 0x96, 0x69, 0x69, 0x96,
        0x69, 0x96, 0x96, 0x69, 0x69, 0x96, 0x96, 0x69, 0x96, 0x69, 0x69, 0x96,
        0x96, 0x69, 0x69, 0x96, 0x69, 0x96, 0x96, 0x69, 0x69, 0x96, 0x96, 0x69,
        0x96, 0x69, 0x69, 0x96, 0x96, 0x69, 0x69, 0x96, 0x69, 0x96, 0x96, 0x69,
        0x69, 0x96, 0x96, 0x69, 0x96, 0x69, 0x69, 0x96, 0x96, 0x69, 0x69, 0x96,
        0x69, 0x96, 0x96, 0x69, 0x69, 0x96, 0x96, 0x69, 0x96, 0x69, 0x69, 0x96,
        0x96, 0x69, 0x69, 0x96, 0x69, 0x96, 0x96, 0x69, 0xcc, 0xcc, 0x33, 0x33,
        0x33, 0x33, 0xcc, 0xcc, 0x33, 0x33, 0xcc, 0xcc, 0xcc, 0xcc, 0x33, 0x33,
        0xcc, 0xcc, 0x33, 0x33, 0x33, 0x33, 0xcc, 0xcc, 0x33, 0x33, 0xcc, 0xcc,
        0xcc, 0xcc, 0x33, 0x33, 0xcc, 0xcc, 0x33, 0x33, 0x33, 0x33, 0xcc, 0xcc,
        0x33, 0x33, 0xcc, 0xcc, 0xcc, 0xcc, 0x33, 0x33, 0xcc, 0xcc, 0x33, 0x33,
        0x33, 0x33, 0xcc, 0xcc, 0x33, 0x33, 0xcc, 0xcc, 0xcc, 0xcc, 0x33, 0x33,
        0xcc, 0xcc, 0x33, 0x33, 0x33, 0x33, 0xcc, 0xcc, 0x33, 0x33, 0xcc, 0xcc,
        0xcc, 0xcc, 0x33, 0x33, 0xd6, 0x3a, 0x4b, 0xa3, 0x6d, 0x81, 0x70, 0xa0,
        0x4e, 0xc2, 0xd3, 0x1b, 0xf5, 0xf9, 0xe8, 0x28, 0xc6, 0x4a, 0x5b, 0x93,
        0x7d, 0x71, 0x60, 0xb0, 0x3e, 0xd2, 0xe3, 0x0b, 0x05, 0xe9, 0xd8, 0x38,
        0xb6, 0x5a, 0x6b, 0x83, 0x8d, 0x61, 0x50, 0xc0, 0x2e, 0xe2, 0xf3, 0xfb,
        0x15, 0xd9, 0xc8, 0x48, 0xa6, 0x6a, 0x7b, 0x73, 0x9d, 0x51, 0x40, 0xd0,
        0x1e, 0xf2, 0x03, 0xeb, 0x25, 0xc9, 0xb8, 0x58, 0x96, 0x7a, 0x8b, 0x63,
        0xad, 0x41, 0x30, 0xe0, 0x0e, 0x02, 0x13, 0xdb, 0x35, 0xb9, 0xa8, 0x68,
        0xc3, 0xc3, 0xc3, 0xc3, 0xc3, 0xc3, 0xc3, 0xc3, 0xc3, 0xc3, 0xc3, 0xc3,
        0xc3, 0xc3, 0xc3, 0xc3, 0xc3, 0xc3, 0xc3, 0xc3, 0xc3, 0xc3, 0xc3, 0xc3,
        0xc3, 0xc3, 0xc3, 0xc3, 0xc3, 0xc3, 0xc3, 0xc3, 0xc3, 0xc3, 0xc3, 0xc3,
        0xc3, 0xc3, 0xc3, 0xc3, 0xc3, 0xc3, 0xc3, 0xc3, 0xc3, 0xc3, 0xc3, 0xc3,
        0xc3, 0xc3, 0xc3, 0xc3, 0xc3, 0xc3, 0xc3, 0xc3, 0xc3, 0xc3, 0xc3, 0xc3,
        0xc3, 0xc3, 0xc3, 0xc3, 0xc3, 0xc3, 0xc3, 0xc3, 0xc3, 0xc3, 0xc3, 0xc3,
        0xc3, 0xc3, 0xc3, 0xc3, 0xc3, 0xc3, 0xc3, 0xc3, 0x33, 0xcc, 0xcc, 0x33,
        0x33, 0xcc, 0xcc, 0x33, 0xcc, 0x33, 0x33, 0xcc, 0xcc, 0x33, 0x33, 0xcc,
        0x33, 0xcc, 0xcc, 0x33, 0x33, 0xcc, 0xcc, 0x33, 0xcc, 0x33, 0x33, 0xcc,
        0xcc, 0x33, 0x33, 0xcc, 0x33, 0xcc, 0xcc, 0x33, 0x33, 0xcc, 0xcc, 0x33,
        0xcc, 0x33, 0x33, 0xcc, 0xcc, 0x33, 0x33, 0xcc, 0x33, 0xcc, 0xcc, 0x33,
        0x33, 0xcc, 0xcc, 0x33, 0xcc, 0x33, 0x33, 0xcc, 0xcc, 0x33, 0x33, 0xcc,
        0x33, 0xcc, 0xcc, 0x33, 0x33, 0xcc, 0xcc, 0x33, 0xcc, 0x33, 0x33, 0xcc,
        0xcc, 0x33, 0x33, 0xcc, 0x3c, 0xc3, 0xc3, 0x3c, 0xc3, 0x3c, 0x3c, 0xc3,
        0xc3, 0x3c, 0x3c, 0xc3, 0x3c, 0xc3, 0xc3, 0x3c, 0x3c, 0xc3, 0xc3, 0x3c,
        0xc3, 0x3c, 0x3c, 0xc3, 0xc3, 0x3c, 0x3c, 0xc3, 0x3c, 0xc3, 0xc3, 0x3c,
        0x3c, 0xc3, 0xc3, 0x3c, 0xc3, 0x3c, 0x3c, 0xc3, 0xc3, 0x3c, 0x3c, 0xc3,
        0x3c, 0xc3, 0xc3, 0x3c, 0x3c, 0xc3, 0xc3, 0x3c, 0xc3, 0x3c, 0x3c, 0xc3,
        0xc3, 0x3c, 0x3c, 0xc3, 0x3c, 0xc3, 0xc3, 0x3c, 0x3c, 0xc3, 0xc3, 0x3c,
        0xc3, 0x3c, 0x3c, 0xc3, 0xc3, 0x3c, 0x3c, 0xc3, 0x3c, 0xc3, 0xc3, 0x3c,
        0xa5, 0xa5, 0x5a, 0x5a, 0x5a, 0x5a, 0xa5, 0xa5, 0xa5, 0xa5, 0x5a, 0x5a,
        0x5a, 0x5a, 0xa5, 0xa5, 0xa5, 0xa5, 0x5a, 0x5a, 0x5a, 0x5a, 0xa5, 0xa5,
        0xa5, 0xa5, 0x5a, 0x5a, 0x5a, 0x5a, 0xa5, 0xa5, 0xa5, 0xa5, 0x5a, 0x5a,
        0x5a, 0x5a, 0xa5, 0xa5, 0xa5, 0xa5, 0x5a, 0x5a, 0x5a, 0x5a, 0xa5, 0xa5,
        0xa5, 0xa5, 0x5a, 0x5a, 0x5a, 0x5a, 0xa5, 0xa5, 0xa5, 0xa5, 0x5a, 0x5a,
        0x5a, 0x5a, 0xa5, 0xa5, 0xa5, 0xa5, 0x5a, 0x5a, 0x5a, 0x5a, 0xa5, 0xa5,
        0xa5, 0xa5, 0x5a, 0x5a, 0x5a, 0x5a, 0xa5, 0xa5, 0x96, 0x69, 0x96, 0x69,
        0x96, 0x69, 0x96, 0x69, 0x69, 0x96, 0x69, 0x96, 0x69, 0x96, 0x69, 0x96,
        0x96, 0x69, 0x96, 0x69, 0x96, 0x69, 0x96, 0x69, 0x69, 0x96, 0x69, 0x96,
        0x69, 0x96, 0x69, 0x96, 0x96, 0x69, 0x96, 0x69, 0x96, 0x69, 0x96, 0x69,
        0x69, 0x96, 0x69, 0x96, 0x69, 0x96, 0x69, 0x96, 0x96, 0x69, 0x96, 0x69,
        0x96, 0x69, 0x96, 0x69, 0x69, 0x96, 0x69, 0x96, 0x69, 0x96, 0x69, 0x96,
        0x96, 0x69, 0x96, 0x69, 0x96, 0x69, 0x96, 0x69, 0x69, 0x96, 0x69, 0x96,
        0x69, 0x96, 0x69, 0x96, 0x33, 0x33, 0xcc, 0xcc, 0xcc, 0xcc, 0x33, 0x33,
        0x33, 0x33, 0xcc, 0xcc, 0xcc, 0xcc, 0x33, 0x33, 0x33, 0x33, 0xcc, 0xcc,
        0xcc, 0xcc, 0x33, 0x33, 0x33, 0x33, 0xcc, 0xcc, 0xcc, 0xcc, 0x33, 0x33,
        0x33, 0x33, 0xcc, 0xcc, 0xcc, 0xcc, 0x33, 0x33, 0x33, 0x33, 0xcc, 0xcc,
        0xcc, 0xcc, 0x33, 0x33, 0x33, 0x33, 0xcc, 0xcc, 0xcc, 0xcc, 0x33, 0x33,
        0x33, 0x33, 0xcc, 0xcc, 0xcc, 0xcc, 0x33, 0x33, 0x33, 0x33, 0xcc, 0xcc,
        0xcc, 0xcc, 0x33, 0x33, 0x33, 0x33, 0xcc, 0xcc, 0xcc, 0xcc, 0x33, 0x33,
        0x0f, 0xf0, 0xf0, 0x0f, 0xf0, 0x0f, 0x0f, 0xf0, 0xf0, 0x0f, 0x0f, 0xf0,
        0x0f, 0xf0, 0xf0, 0x0f, 0x0f, 0xf0, 0xf0, 0x0f, 0xf0, 0x0f, 0x0f, 0xf0,
        0xf0, 0x0f, 0x0f, 0xf0, 0x0f, 0xf0, 0xf0, 0x0f, 0x0f, 0xf0, 0xf0, 0x0f,
        0xf0, 0x0f, 0x0f, 0xf0, 0xf0, 0x0f, 0x0f, 0xf0, 0x0f, 0xf0, 0xf0, 0x0f,
        0x0f, 0xf0, 0xf0, 0x0f, 0xf0, 0x0f, 0x0f, 0xf0, 0xf0, 0x0f, 0x0f, 0xf0,
        0x0f, 0xf0, 0xf0, 0x0f, 0x0f, 0xf0, 0xf0, 0x0f, 0xf0, 0x0f, 0x0f, 0xf0,
        0xf0, 0x0f, 0x0f, 0xf0, 0x0f, 0xf0, 0xf0, 0x0f, 0x5a, 0x5a, 0x5a, 0x5a,
        0xa5, 0xa5, 0xa5, 0xa5, 0x5a, 0x5a, 0x5a, 0x5a, 0xa5, 0xa5, 0xa5, 0xa5,
        0x5a, 0x5a, 0x5a, 0x5a, 0xa5, 0xa5, 0xa5, 0xa5, 0x5a, 0x5a, 0x5a, 0x5a,
        0xa5, 0xa5, 0xa5, 0xa5, 0x5a, 0x5a, 0x5a, 0x5a, 0xa5, 0xa5, 0xa5, 0xa5,
        0x5a, 0x5a, 0x5a, 0x5a, 0xa5, 0xa5, 0xa5, 0xa5, 0x5a, 0x5a, 0x5a, 0x5a,
        0xa5, 0xa5, 0xa5, 0xa5, 0x5a, 0x5a, 0x5a, 0x5a, 0xa5, 0xa5, 0xa5, 0xa5,
        0x5a, 0x5a, 0x5a, 0x5a, 0xa5, 0xa5, 0xa5, 0xa5, 0x5a, 0x5a, 0x5a, 0x5a,
        0xa5, 0xa5, 0xa5, 0xa5, 0x66, 0x99, 0x66, 0x99, 0x99, 0x66, 0x99, 0x66,
        0x66, 0x99, 0x66, 0x99, 0x99, 0x66, 0x99, 0x66, 0x66, 0x99, 0x66, 0x99,
        0x99, 0x66, 0x99, 0x66, 0x66, 0x99, 0x66, 0x99, 0x99, 0x66, 0x99, 0x66,
        0x66, 0x99, 0x66, 0x99, 0x99, 0x66, 0x99, 0x66, 0x66, 0x99, 0x66, 0x99,
        0x99, 0x66, 0x99, 0x66, 0x66, 0x99, 0x66, 0x99, 0x99, 0x66, 0x99, 0x66,
        0x66, 0x99, 0x66, 0x99, 0x99, 0x66, 0x99, 0x66, 0x66, 0x99, 0x66, 0x99,
        0x99, 0x66, 0x99, 0x66, 0x66, 0x99, 0x66, 0x99, 0x99, 0x66, 0x99, 0x66,
        0x33, 0xcc, 0xcc, 0x33, 0xcc, 0x33, 0x33, 0xcc, 0xcc, 0x33, 0x33, 0xcc,
        0x33, 0xcc, 0xcc, 0x33, 0x33, 0xcc, 0xcc, 0x33, 0xcc, 0x33, 0x33, 0xcc,
        0xcc, 0x33, 0x33, 0xcc, 0x33, 0xcc, 0xcc, 0x33, 0x33, 0xcc, 0xcc, 0x33,
        0xcc, 0x33, 0x33, 0xcc, 0xcc, 0x33, 0x33, 0xcc, 0x33, 0xcc, 0xcc, 0x33,
        0x33, 0xcc, 0xcc, 0x33, 0xcc, 0x33, 0x33, 0xcc, 0xcc, 0x33, 0x33, 0xcc,
        0x33, 0xcc, 0xcc, 0x33, 0x33, 0xcc, 0xcc, 0x33, 0xcc, 0x33, 0x33, 0xcc,
        0xcc, 0x33, 0x33, 0xcc, 0x33, 0xcc, 0xcc, 0x33, 0x99, 0x66, 0x66, 0x99,
        0x66, 0x99, 0x99, 0x66, 0x99, 0x66, 0x66, 0x99, 0x66, 0x99, 0x99, 0x66,
        0x99, 0x66, 0x66, 0x99, 0x66, 0x99, 0x99, 0x66, 0x99, 0x66, 0x66, 0x99,
        0x66, 0x99, 0x99, 0x66, 0x99, 0x66, 0x66, 0x99, 0x66, 0x99, 0x99, 0x66,
        0x99, 0x66, 0x66, 0x99, 0x66, 0x99, 0x99, 0x66, 0x99, 0x66, 0x66, 0x99,
        0x66, 0x99, 0x99, 0x66, 0x99, 0x66, 0x66, 0x99, 0x66, 0x99, 0x99, 0x66,
        0x99, 0x66, 0x66, 0x99, 0x66, 0x99, 0x99, 0x66, 0x99, 0x66, 0x66, 0x99,
        0x66, 0x99, 0x99, 0x66, 0xaa, 0xaa, 0xaa, 0xaa, 0x55, 0x55, 0x55, 0x55,
        0x55, 0x55, 0x55, 0x55, 0xaa, 0xaa, 0xaa, 0xaa, 0xaa, 0xaa, 0xaa, 0xaa,
        0x55, 0x55, 0x55, 0x55, 0x55, 0x55, 0x55, 0x55, 0xaa, 0xaa, 0xaa, 0xaa,
        0xaa, 0xaa, 0xaa, 0xaa, 0x55, 0x55, 0x55, 0x55, 0x55, 0x55, 0x55, 0x55,
        0xaa, 0xaa, 0xaa, 0xaa, 0xaa, 0xaa, 0xaa, 0xaa, 0x55, 0x55, 0x55, 0x55,
        0x55, 0x55, 0x55, 0x55, 0xaa, 0xaa, 0xaa, 0xaa, 0xaa, 0xaa, 0xaa, 0xaa,
        0x55, 0x55, 0x55, 0x55, 0x55, 0x55, 0x55, 0x55, 0xaa, 0xaa, 0xaa, 0xaa,
        0xf0, 0xf0, 0x0f, 0x0f, 0x0f, 0x0f, 0xf0, 0xf0, 0xf0, 0xf0, 0x0f, 0x0f,
        0x0f, 0x0f, 0xf0, 0xf0, 0xf0, 0xf0, 0x0f, 0x0f, 0x0f, 0x0f, 0xf0, 0xf0,
        0xf0, 0xf0, 0x0f, 0x0f, 0x0f, 0x0f, 0xf0, 0xf0, 0xf0, 0xf0, 0x0f, 0x0f,
        0x0f, 0x0f, 0xf0, 0xf0, 0xf0, 0xf0, 0x0f, 0x0f, 0x0f, 0x0f, 0xf0, 0xf0,
        0xf0, 0xf0, 0x0f, 0x0f, 0x0f, 0x0f, 0xf0, 0xf0, 0xf0, 0xf0, 0x0f, 0x0f,
        0x0f, 0x0f, 0xf0, 0xf0, 0xf0, 0xf0, 0x0f, 0x0f, 0x0f, 0x0f, 0xf0, 0xf0,
        0xf0, 0xf0, 0x0f, 0x0f, 0x0f, 0x0f, 0xf0, 0xf0, 0x3c, 0x3c, 0xc3, 0xc3,
        0x3c, 0x3c, 0xc3, 0xc3, 0x3c, 0x3c, 0xc3, 0xc3, 0x3c, 0x3c, 0xc3, 0xc3,
        0x3c, 0x3c, 0xc3, 0xc3, 0x3c, 0x3c, 0xc3, 0xc3, 0x3c, 0x3c, 0xc3, 0xc3,
        0x3c, 0x3c, 0xc3, 0xc3, 0x3c, 0x3c, 0xc3, 0xc3, 0x3c, 0x3c, 0xc3, 0xc3,
        0x3c, 0x3c, 0xc3, 0xc3, 0x3c, 0x3c, 0xc3, 0xc3, 0x3c, 0x3c, 0xc3, 0xc3,
        0x3c, 0x3c, 0xc3, 0xc3, 0x3c, 0x3c, 0xc3, 0xc3, 0x3c, 0x3c, 0xc3, 0xc3,
        0x3c, 0x3c, 0xc3, 0xc3, 0x3c, 0x3c, 0xc3, 0xc3, 0x3c, 0x3c, 0xc3, 0xc3,
        0x3c, 0x3c, 0xc3, 0xc3, 0x20, 0x33, 0x02, 0x1d, 0x93, 0x80, 0xb1, 0xa6,
        0xa8, 0xbb, 0x8a, 0xe5, 0x0b, 0x38, 0x29, 0xde, 0x30, 0x03, 0x12, 0x6d,
        0x83, 0xb0, 0xa1, 0x56, 0xb8, 0x8b, 0x9a, 0xf5, 0x3b, 0x28, 0xd9, 0xce,
        0x00, 0x13, 0x62, 0x7d, 0xb3, 0xa0, 0x51, 0x46, 0x88, 0x9b, 0xea, 0xc5,
        0x2b, 0xd8, 0xc9, 0xfe, 0x10, 0x63, 0x72, 0x4d, 0xa3, 0x50, 0x41, 0x76,
        0x98, 0xeb, 0xfa, 0xd5, 0xdb, 0xc8, 0xf9, 0xee, 0x60, 0x73, 0x42, 0x5d,
        0x53, 0x40, 0x71, 0x66, 0xe8, 0xfb, 0xca, 0x25, 0xcb, 0xf8, 0xe9, 0x9e,
        0x0f, 0x0f, 0x0f, 0x0f, 0xf0, 0xf0, 0xf0, 0xf0, 0x0f, 0x0f, 0x0f, 0x0f,
        0xf0, 0xf0, 0xf0, 0xf0, 0x0f, 0x0f, 0x0f, 0x0f, 0xf0, 0xf0, 0xf0, 0xf0,
        0x0f, 0x0f, 0x0f, 0x0f, 0xf0, 0xf0, 0xf0, 0xf0, 0x0f, 0x0f, 0x0f, 0x0f,
        0xf0, 0xf0, 0xf0, 0xf0, 0x0f, 0x0f, 0x0f, 0x0f, 0xf0, 0xf0, 0xf0, 0xf0,
        0x0f, 0x0f, 0x0f, 0x0f, 0xf0, 0xf0, 0xf0, 0xf0, 0x0f, 0x0f, 0x0f, 0x0f,
        0xf0, 0xf0, 0xf0, 0xf0, 0x0f, 0x0f, 0x0f, 0x0f, 0xf0, 0xf0, 0xf0, 0xf0,
        0x0f, 0x0f, 0x0f, 0x0f, 0xf0, 0xf0, 0xf0, 0xf0, 0x33, 0x33, 0x33, 0x33,
        0x33, 0x33, 0x33, 0x33, 0xcc, 0xcc, 0xcc, 0xcc, 0xcc, 0xcc, 0xcc, 0xcc,
        0x33, 0x33, 0x33, 0x33, 0x33, 0x33, 0x33, 0x33, 0xcc, 0xcc, 0xcc, 0xcc,
        0xcc, 0xcc, 0xcc, 0xcc, 0x33, 0x33, 0x33, 0x33, 0x33, 0x33, 0x33, 0x33,
        0xcc, 0xcc, 0xcc, 0xcc, 0xcc, 0xcc, 0xcc, 0xcc, 0x33, 0x33, 0x33, 0x33,
        0x33, 0x33, 0x33, 0x33, 0xcc, 0xcc, 0xcc, 0xcc, 0xcc, 0xcc, 0xcc, 0xcc,
        0x33, 0x33, 0x33, 0x33, 0x33, 0x33, 0x33, 0x33, 0xcc, 0xcc, 0xcc, 0xcc,
        0xcc, 0xcc, 0xcc, 0xcc, 0x33, 0x33, 0x33, 0x33, 0x33, 0x33, 0x33, 0x33,
        0x33, 0x33, 0x33, 0x33, 0x33, 0x33, 0x33, 0x33, 0x33, 0x33, 0x33, 0x33,
        0x33, 0x33, 0x33, 0x33, 0x33, 0x33, 0x33, 0x33, 0x33, 0x33, 0x33, 0x33,
        0x33, 0x33, 0x33, 0x33, 0x33, 0x33, 0x33, 0x33, 0x33, 0x33, 0x33, 0x33,
        0x33, 0x33, 0x33, 0x33, 0x33, 0x33, 0x33, 0x33, 0x33, 0x33, 0x33, 0x33,
        0x33, 0x33, 0x33, 0x33, 0x33, 0x33, 0x33, 0x33, 0x33, 0x33, 0x33, 0x33,
        0x33, 0x33, 0x33, 0x33, 0x33, 0x33, 0x33, 0x33, 0x33, 0x33, 0x33, 0x33,
        0x33, 0xcc, 0xcc, 0x33, 0x33, 0xcc, 0xcc, 0x33, 0xcc, 0x33, 0x33, 0xcc,
        0xcc, 0x33, 0x33, 0xcc, 0x33, 0xcc, 0xcc, 0x33, 0x33, 0xcc, 0xcc, 0x33,
        0xcc, 0x33, 0x33, 0xcc, 0xcc, 0x33, 0x33, 0xcc, 0x33, 0xcc, 0xcc, 0x33,
        0x33, 0xcc, 0xcc, 0x33, 0xcc, 0x33, 0x33, 0xcc, 0xcc, 0x33, 0x33, 0xcc,
        0x33, 0xcc, 0xcc, 0x33, 0x33, 0xcc, 0xcc, 0x33, 0xcc, 0x33, 0x33, 0xcc,
        0xcc, 0x33, 0x33, 0xcc, 0x33, 0xcc, 0xcc, 0x33, 0x33, 0xcc, 0xcc, 0x33,
        0xcc, 0x33, 0x33, 0xcc, 0xcc, 0x33, 0x33, 0xcc, 0xf0, 0x0f, 0xf0, 0x0f,
        0x0f, 0xf0, 0x0f, 0xf0, 0xf0, 0x0f, 0xf0, 0x0f, 0x0f, 0xf0, 0x0f, 0xf0,
        0xf0, 0x0f, 0xf0, 0x0f, 0x0f, 0xf0, 0x0f, 0xf0, 0xf0, 0x0f, 0xf0, 0x0f,
        0x0f, 0xf0, 0x0f, 0xf0, 0xf0, 0x0f, 0xf0, 0x0f, 0x0f, 0xf0, 0x0f, 0xf0,
        0xf0, 0x0f, 0xf0, 0x0f, 0x0f, 0xf0, 0x0f, 0xf0, 0xf0, 0x0f, 0xf0, 0x0f,
        0x0f, 0xf0, 0x0f, 0xf0, 0xf0, 0x0f, 0xf0, 0x0f, 0x0f, 0xf0, 0x0f, 0xf0,
        0xf0, 0x0f, 0xf0, 0x0f, 0x0f, 0xf0, 0x0f, 0xf0, 0xf0, 0x0f, 0xf0, 0x0f,
        0x0f, 0xf0, 0x0f, 0xf0, 0x69, 0x69, 0x96, 0x96, 0x69, 0x69, 0x96, 0x96,
        0x69, 0x69, 0x96, 0x96, 0x69, 0x69, 0x96, 0x96, 0x69, 0x69, 0x96, 0x96,
        0x69, 0x69, 0x96, 0x96, 0x69, 0x69, 0x96, 0x96, 0x69, 0x69, 0x96, 0x96,
        0x69, 0x69, 0x96, 0x96, 0x69, 0x69, 0x96, 0x96, 0x69, 0x69, 0x96, 0x96,
        0x69, 0x69, 0x96, 0x96, 0x69, 0x69, 0x96, 0x96, 0x69, 0x69, 0x96, 0x96,
        0x69, 0x69, 0x96, 0x96, 0x69, 0x69, 0x96, 0x96, 0x69, 0x69, 0x96, 0x96,
        0x69, 0x69, 0x96, 0x96, 0x69, 0x69, 0x96, 0x96, 0x69, 0x69, 0x96, 0x96,
        0x69, 0x69, 0x69, 0x69, 0x96, 0x96, 0x96, 0x96, 0x96, 0x96, 0x96, 0x96,
        0x69, 0x69, 0x69, 0x69, 0x69, 0x69, 0x69, 0x69, 0x96, 0x96, 0x96, 0x96,
        0x96, 0x96, 0x96, 0x96, 0x69, 0x69, 0x69, 0x69, 0x69, 0x69, 0x69, 0x69,
        0x96, 0x96, 0x96, 0x96, 0x96, 0x96, 0x96, 0x96, 0x69, 0x69, 0x69, 0x69,
        0x69, 0x69, 0x69, 0x69, 0x96, 0x96, 0x96, 0x96, 0x96, 0x96, 0x96, 0x96,
        0x69, 0x69, 0x69, 0x69, 0x69, 0x69, 0x69, 0x69, 0x96, 0x96, 0x96, 0x96,
        0x96, 0x96, 0x96, 0x96, 0x69, 0x69, 0x69, 0x69, 0xaa, 0x55, 0xaa, 0x55,
        0xaa, 0x55, 0xaa, 0x55, 0x55, 0xaa, 0x55, 0xaa, 0x55, 0xaa, 0x55, 0xaa,
        0xaa, 0x55, 0xaa, 0x55, 0xaa, 0x55, 0xaa, 0x55, 0x55, 0xaa, 0x55, 0xaa,
        0x55, 0xaa, 0x55, 0xaa, 0xaa, 0x55, 0xaa, 0x55, 0xaa, 0x55, 0xaa, 0x55,
        0x55, 0xaa, 0x55, 0xaa, 0x55, 0xaa, 0x55, 0xaa, 0xaa, 0x55, 0xaa, 0x55,
        0xaa, 0x55, 0xaa, 0x55, 0x55, 0xaa, 0x55, 0xaa, 0x55, 0xaa, 0x55, 0xaa,
        0xaa, 0x55, 0xaa, 0x55, 0xaa, 0x55, 0xaa, 0x55, 0x55, 0xaa, 0x55, 0xaa,
        0x55, 0xaa, 0x55, 0xaa, 0x0f, 0xf0, 0xf0, 0x0f, 0xf0, 0x0f, 0x0f, 0xf0,
        0xf0, 0x0f, 0x0f, 0xf0, 0x0f, 0xf0, 0xf0, 0x0f, 0x0f, 0xf0, 0xf0, 0x0f,
        0xf0, 0x0f, 0x0f, 0xf0, 0xf0, 0x0f, 0x0f, 0xf0, 0x0f, 0xf0, 0xf0, 0x0f,
        0x0f, 0xf0, 0xf0, 0x0f, 0xf0, 0x0f, 0x0f, 0xf0, 0xf0, 0x0f, 0x0f, 0xf0,
        0x0f, 0xf0, 0xf0, 0x0f, 0x0f, 0xf0, 0xf0, 0x0f, 0xf0, 0x0f, 0x0f, 0xf0,
        0xf0, 0x0f, 0x0f, 0xf0, 0x0f, 0xf0, 0xf0, 0x0f, 0x0f, 0xf0, 0xf0, 0x0f,
        0xf0, 0x0f, 0x0f, 0xf0, 0xf0, 0x0f, 0x0f, 0xf0, 0x0f, 0xf0, 0xf0, 0x0f,
        0xff, 0x00, 0x00, 0xff, 0x00, 0xff, 0xff, 0x00, 0x00, 0xff, 0xff, 0x00,
        0xff, 0x00, 0x00, 0xff, 0xff, 0x00, 0x00, 0xff, 0x00, 0xff, 0xff, 0x00,
        0x00, 0xff, 0xff, 0x00, 0xff, 0x00, 0x00, 0xff, 0xff, 0x00, 0x00, 0xff,
        0x00, 0xff, 0xff, 0x00, 0x00, 0xff, 0xff, 0x00, 0xff, 0x00, 0x00, 0xff,
        0xff, 0x00, 0x00, 0xff, 0x00, 0xff, 0xff, 0x00, 0x00, 0xff, 0xff, 0x00,
        0xff, 0x00, 0x00, 0xff, 0xff, 0x00, 0x00, 0xff, 0x00, 0xff, 0xff, 0x00,
        0x00, 0xff, 0xff, 0x00, 0xff, 0x00, 0x00, 0xff, 0xcc, 0x33, 0x33, 0xcc,
        0xcc, 0x33, 0x33, 0xcc, 0xcc, 0x33, 0x33, 0xcc, 0xcc, 0x33, 0x33, 0xcc,
        0xcc, 0x33, 0x33, 0xcc, 0xcc, 0x33, 0x33, 0xcc, 0xcc, 0x33, 0x33, 0xcc,
        0xcc, 0x33, 0x33, 0xcc, 0xcc, 0x33, 0x33, 0xcc, 0xcc, 0x33, 0x33, 0xcc,
        0xcc, 0x33, 0x33, 0xcc, 0xcc, 0x33, 0x33, 0xcc, 0xcc, 0x33, 0x33, 0xcc,
        0xcc, 0x33, 0x33, 0xcc, 0xcc, 0x33, 0x33, 0xcc, 0xcc, 0x33, 0x33, 0xcc,
        0xcc, 0x33, 0x33, 0xcc, 0xcc, 0x33, 0x33, 0xcc, 0xcc, 0x33, 0x33, 0xcc,
        0xcc, 0x33, 0x33, 0xcc, 0xcc, 0x33, 0x33, 0xcc, 0x33, 0xcc, 0xcc, 0x33,
        0x33, 0xcc, 0xcc, 0x33, 0xcc, 0x33, 0x33, 0xcc, 0xcc, 0x33, 0x33, 0xcc,
        0x33, 0xcc, 0xcc, 0x33, 0x33, 0xcc, 0xcc, 0x33, 0xcc, 0x33, 0x33, 0xcc,
        0xcc, 0x33, 0x33, 0xcc, 0x33, 0xcc, 0xcc, 0x33, 0x33, 0xcc, 0xcc, 0x33,
        0xcc, 0x33, 0x33, 0xcc, 0xcc, 0x33, 0x33, 0xcc, 0x33, 0xcc, 0xcc, 0x33,
        0x33, 0xcc, 0xcc, 0x33, 0xcc, 0x33, 0x33, 0xcc, 0xcc, 0x33, 0x33, 0xcc,
        0x33, 0xcc, 0xcc, 0x33, 0x33, 0xcc, 0xcc, 0x33, 0xcc, 0x33, 0x33, 0xcc
    },
    {
        0x55, 0x55, 0xaa, 0xaa, 0x55, 0x55, 0xaa, 0xaa, 0x55, 0x55, 0xaa, 0xaa,
        0x55, 0x55, 0xaa, 0xaa, 0x55, 0x55, 0xaa, 0xaa, 0x55, 0x55, 0xaa, 0xaa,
        0x55, 0x55, 0xaa, 0xaa, 0x55, 0x55, 0xaa, 0xaa, 0x55, 0x55, 0xaa, 0xaa,
        0x55, 0x55, 0xaa, 0xaa, 0x55, 0x55, 0xaa, 0xaa, 0x55, 0x55, 0xaa, 0xaa,
        0x55, 0x55, 0xaa, 0xaa, 0x55, 0x55, 0xaa, 0xaa, 0x55, 0x55, 0xaa, 0xaa,
        0x55, 0x55, 0xaa, 0xaa, 0x55, 0x55, 0xaa, 0xaa, 0x55, 0x55, 0xaa, 0xaa,
        0x55, 0x55, 0xaa, 0xaa, 0x55, 0x55, 0xaa, 0xaa, 0x96, 0x69, 0x69, 0x96,
        0x69, 0x96, 0x96, 0x69, 0x96, 0x69, 0x69, 0x96, 0x69, 0x96, 0x96, 0x69,
        0x96, 0x69, 0x69, 0x96, 0x69, 0x96, 0x96, 0x69, 0x96, 0x69, 0x69, 0x96,
        0x69, 0x96, 0x96, 0x69, 0x96, 0x69, 0x69, 0x96, 0x69, 0x96, 0x96, 0x69,
        0x96, 0x69, 0x69, 0x96, 0x69, 0x96, 0x96, 0x69, 0x96, 0x69, 0x69, 0x96,
        0x69, 0x96, 0x96, 0x69, 0x96, 0x69, 0x69, 0x96, 0x69, 0x96, 0x96, 0x69,
        0x96, 0x69, 0x69, 0x96, 0x69, 0x96, 0x96, 0x69, 0x96, 0x69, 0x69, 0x96,
        0x69, 0x96, 0x96, 0x69, 0xa5, 0x5a, 0x5a, 0xa5, 0x5a, 0xa5, 0xa5, 0x5a,
        0x5a, 0xa5, 0xa5, 0x5a, 0xa5, 0x5a, 0x5a, 0xa5, 0xa5, 0x5a, 0x5a, 0xa5,
        0x5a, 0xa5, 0xa5, 0x5a, 0x5a, 0xa5, 0xa5, 0x5a, 0xa5, 0x5a, 0x5a, 0xa5,
        0xa5, 0x5a, 0x5a, 0xa5, 0x5a, 0xa5, 0xa5, 0x5a, 0x5a, 0xa5, 0xa5, 0x5a,
        0xa5, 0x5a, 0x5a, 0xa5, 0xa5, 0x5a, 0x5a, 0xa5, 0x5a, 0xa5, 0xa5, 0x5a,
        0x5a, 0xa5, 0xa5, 0x5a, 0xa5, 0x5a, 0x5a, 0xa5, 0xa5, 0x5a, 0x5a, 0xa5,
        0x5a, 0xa5, 0xa5, 0x5a, 0x5a, 0xa5, 0xa5, 0x5a, 0xa5, 0x5a, 0x5a, 0xa5,
        0x99, 0x99, 0x99, 0x99, 0x99, 0x99, 0x99, 0x99, 0x66, 0x66, 0x66, 0x66,
        0x66, 0x66, 0x66, 0x66, 0x99, 0x99, 0x99, 0x99, 0x99, 0x99, 0x99, 0x99,
        0x66, 0x66, 0x66, 0x66, 0x66, 0x66, 0x66, 0x66, 0x99, 0x99, 0x99, 0x99,
        0x99, 0x99, 0x99, 0x99, 0x66, 0x66, 0x66, 0x66, 0x66, 0x66, 0x66, 0x66,
        0x99, 0x99, 0x99, 0x99, 0x99, 0x99, 0x99, 0x99, 0x66, 0x66, 0x66, 0x66,
        0x66, 0x66, 0x66, 0x66, 0x99, 0x99, 0x99, 0x99, 0x99, 0x99, 0x99, 0x99,
        0x66, 0x66, 0x66, 0x66, 0x66, 0x66, 0x66, 0x66, 0xf0, 0x0f, 0xf0, 0x0f,
        0xf0, 0x0f, 0xf0, 0x0f, 0x0f, 0xf0, 0x0f, 0xf0, 0x0f, 0xf0, 0x0f, 0xf0,
        0xf0, 0x0f, 0xf0, 0x0f, 0xf0, 0x0f, 0xf0, 0x0f, 0x0f, 0xf0, 0x0f, 0xf0,
        0x0f, 0xf0, 0x0f, 0xf0, 0xf0, 0x0f, 0xf0, 0x0f, 0xf0, 0x0f, 0xf0, 0x0f,
        0x0f, 0xf0, 0x0f, 0xf0, 0x0f, 0xf0, 0x0f, 0xf0, 0xf0, 0x0f, 0xf0, 0x0f,
        0xf0, 0x0f, 0xf0, 0x0f, 0x0f, 0xf0, 0x0f, 0xf0, 0x0f, 0xf0, 0x0f, 0xf0,
        0xf0, 0x0f, 0xf0, 0x0f, 0xf0, 0x0f, 0xf0, 0x0f, 0x0f, 0xf0, 0x0f, 0xf0,
        0x0f, 0xf0, 0x0f, 0xf0, 0x69, 0x69, 0x69, 0x69, 0x96, 0x96, 0x96, 0x96,
        0x69, 0x69, 0x69, 0x69, 0x96, 0x96, 0x96, 0x96, 0x69, 0x69, 0x69, 0x69,
        0x96, 0x96, 0x96, 0x96, 0x69, 0x69, 0x69, 0x69, 0x96, 0x96, 0x96, 0x96,
        0x69, 0x69, 0x69, 0x69, 0x96, 0x96, 0x96, 0x96, 0x69, 0x69, 0x69, 0x69,
        0x96, 0x96, 0x96, 0x96, 0x69, 0x69, 0x69, 0x69, 0x96, 0x96, 0x96, 0x96,
        0x69, 0x69, 0x69, 0x69, 0x96, 0x96, 0x96, 0x96, 0x69, 0x69, 0x69, 0x69,
        0x96, 0x96, 0x96, 0x96, 0x69, 0x69, 0x69, 0x69, 0x96, 0x96, 0x96, 0x96,
        0xa5, 0x5a, 0x5a, 0xa5, 0xa5, 0x5a, 0x5a, 0xa5, 0x5a, 0xa5, 0xa5, 0x5a,
        0x5a, 0xa5, 0xa5, 0x5a, 0xa5, 0x5a, 0x5a, 0xa5, 0xa5, 0x5a, 0x5a, 0xa5,
        0x5a, 0xa5, 0xa5, 0x5a, 0x5a, 0xa5, 0xa5, 0x5a, 0xa5, 0x5a, 0x5a, 0xa5,
        0xa5, 0x5a, 0x5a, 0xa5, 0x5a, 0xa5, 0xa5, 0x5a, 0x5a, 0xa5, 0xa5, 0x5a,
        0xa5, 0x5a, 0x5a, 0xa5, 0xa5, 0x5a, 0x5a, 0xa5, 0x5a, 0xa5, 0xa5, 0x5a,
        0x5a, 0xa5, 0xa5, 0x5a, 0xa5, 0x5a, 0x5a, 0xa5, 0xa5, 0x5a, 0x5a, 0xa5,
        0x5a, 0xa5, 0xa5, 0x5a, 0x5a, 0xa5, 0xa5, 0x5a, 0xf7, 0x1f, 0x2e, 0xc2,
        0xcc, 0x1c, 0x0d, 0x81, 0x6f, 0xa7, 0xb6, 0xba, 0x54, 0x94, 0x85, 0x09,
        0xe7, 0x2f, 0x3e, 0x32, 0xdc, 0x0c, 0x7d, 0x91, 0x5f, 0xb7, 0x46, 0xaa,
        0x64, 0x84, 0xf5, 0x19, 0xd7, 0x3f, 0xce, 0x22, 0xec, 0x7c, 0x6d, 0xa1,
        0x4f, 0x47, 0x56, 0x9a, 0x74, 0xf4, 0xe5, 0x29, 0xc7, 0xcf, 0xde, 0x12,
        0xfc, 0x6c, 0x5d, 0xb1, 0xbf, 0x57, 0x66, 0x8a, 0x04, 0xe4, 0xd5, 0x39,
        0x37, 0xdf, 0xee, 0x02, 0x8c, 0x5c, 0x4d, 0x41, 0xaf, 0x67, 0x76, 0xfa,
        0x14, 0xd4, 0xc5, 0xc9, 0xc3, 0xc3, 0xc3, 0xc3, 0x3c, 0x3c, 0x3c, 0x3c,
        0xc3, 0xc3, 0xc3, 0xc3, 0x3c, 0x3c, 0x3c, 0x3c, 0xc3, 0xc3, 0xc3, 0xc3,
        0x3c, 0x3c, 0x3c, 0x3c, 0xc3, 0xc3, 0xc3, 0xc3, 0x3c, 0x3c, 0x3c, 0x3c,
        0xc3, 0xc3, 0xc3, 0xc3, 0x3c, 0x3c, 0x3c, 0x3c, 0xc3, 0xc3, 0xc3, 0xc3,
        0x3c, 0x3c, 0x3c, 0x3c, 0xc3, 0xc3, 0xc3, 0xc3, 0x3c, 0x3c, 0x3c, 0x3c,
        0xc3, 0xc3, 0xc3, 0xc3, 0x3c, 0x3c, 0x3c, 0x3c, 0xc3, 0xc3, 0xc3, 0xc3,
        0x3c, 0x3c, 0x3c, 0x3c, 0xc3, 0xc3, 0xc3, 0xc3, 0x3c, 0x3c, 0x3c, 0x3c,
        0x69, 0x69, 0x96, 0x96, 0x96, 0x96, 0x69, 0x69, 0x69, 0x69, 0x96, 0x96,
        0x96, 0x96, 0x69, 0x69, 0x69, 0x69, 0x96, 0x96, 0x96, 0x96, 0x69, 0x69,
        0x69, 0x69, 0x96, 0x96, 0x96, 0x96, 0x69, 0x69, 0x69, 0x69, 0x96, 0x96,
        0x96, 0x96, 0x69, 0x69, 0x69, 0x69, 0x96, 0x96, 0x96, 0x96, 0x69, 0x69,
        0x69, 0x69, 0x96, 0x96, 0x96, 0x96, 0x69, 0x69, 0x69, 0x69, 0x96, 0x96,
        0x96, 0x96, 0x69, 0x69, 0x69, 0x69, 0x96, 0x96, 0x96, 0x96, 0x69, 0x69,
        0x69, 0x69, 0x96, 0x96, 0x96, 0x96, 0x69, 0x69, 0xff, 0xff, 0x00, 0x00,
        0xff, 0xff, 0x00, 0x00, 0x00, 0x00, 0xff, 0xff, 0x00, 0x00, 0xff, 0xff,
        0xff, 0xff, 0x00, 0x00, 0xff, 0xff, 0x00, 0x00, 0x00, 0x00, 0xff, 0xff,
        0x00, 0x00, 0xff, 0xff, 0xff, 0xff, 0x00, 0x00, 0xff, 0xff, 0x00, 0x00,
        0x00, 0x00, 0xff, 0xff, 0x00, 0x00, 0xff, 0xff, 0xff, 0xff, 0x00, 0x00,
        0xff, 0xff, 0x00, 0x00, 0x00, 0x00, 0xff, 0xff, 0x00, 0x00, 0xff, 0xff,
        0xff, 0xff, 0x00, 0x00, 0xff, 0xff, 0x00, 0x00, 0x00, 0x00, 0xff, 0xff,
        0x00, 0x00, 0xff, 0xff, 0xa5, 0xa5, 0x5a, 0x5a, 0xa5, 0xa5, 0x5a, 0x5a,
        0x5a, 0x5a, 0xa5, 0xa5, 0x5a, 0x5a, 0xa5, 0xa5, 0xa5, 0xa5, 0x5a, 0x5a,
        0xa5, 0xa5, 0x5a, 0x5a, 0x5a, 0x5a, 0xa5, 0xa5, 0x5a, 0x5a, 0xa5, 0xa5,
        0xa5, 0xa5, 0x5a, 0x5a, 0xa5, 0xa5, 0x5a, 0x5a, 0x5a, 0x5a, 0xa5, 0xa5,
        0x5a, 0x5a, 0xa5, 0xa5, 0xa5, 0xa5, 0x5a, 0x5a, 0xa5, 0xa5, 0x5a, 0x5a,
        0x5a, 0x5a, 0xa5, 0xa5, 0x5a, 0x5a, 0xa5, 0xa5, 0xa5, 0xa5, 0x5a, 0x5a,
        0xa5, 0xa5, 0x5a, 0x5a, 0x5a, 0x5a, 0xa5, 0xa5, 0x5a, 0x5a, 0xa5, 0xa5,
        0xc3, 0x3c, 0x3c, 0xc3, 0x3c, 0xc3, 0xc3, 0x3c, 0x3c, 0xc3, 0xc3, 0x3c,
        0xc3, 0x3c, 0x3c, 0xc3, 0xc3, 0x3c, 0x3c, 0xc3, 0x3c, 0xc3, 0xc3, 0x3c,
        0x3c, 0xc3, 0xc3, 0x3c, 0xc3, 0x3c, 0x3c, 0xc3, 0xc3, 0x3c, 0x3c, 0xc3,
        0x3c, 0xc3, 0xc3, 0x3c, 0x3c, 0xc3, 0xc3, 0x3c, 0xc3, 0x3c, 0x3c, 0xc3,
        0xc3, 0x3c, 0x3c, 0xc3, 0x3c, 0xc3, 0xc3, 0x3c, 0x3c, 0xc3, 0xc3, 0x3c,
        0xc3, 0x3c, 0x3c, 0xc3, 0xc3, 0x3c, 0x3c, 0xc3, 0x3c, 0xc3, 0xc3, 0x3c,
        0x3c, 0xc3, 0xc3, 0x3c, 0xc3, 0x3c, 0x3c, 0xc3, 0x5a, 0xa5, 0x5a, 0xa5,
        0x5a, 0xa5, 0x5a, 0xa5, 0xa5, 0x5a, 0xa5, 0x5a, 0xa5, 0x5a, 0xa5, 0x5a,
        0x5a, 0xa5, 0x5a, 0xa5, 0x5a, 0xa5, 0x5a, 0xa5, 0xa5, 0x5a, 0xa5, 0x5a,
        0xa5, 0x5a, 0xa5, 0x5a, 0x5a, 0xa5, 0x5a, 0xa5, 0x5a, 0xa5, 0x5a, 0xa5,
        0xa5, 0x5a, 0xa5, 0x5a, 0xa5, 0x5a, 0xa5, 0x5a, 0x5a, 0xa5, 0x5a, 0xa5,
        0x5a, 0xa5, 0x5a, 0xa5, 0xa5, 0x5a, 0xa5, 0x5a, 0xa5, 0x5a, 0xa5, 0x5a,
        0x5a, 0xa5, 0x5a, 0xa5, 0x5a, 0xa5, 0x5a, 0xa5, 0xa5, 0x5a, 0xa5, 0x5a,
        0xa5, 0x5a, 0xa5, 0x5a, 0xff, 0xff, 0xff, 0xff, 0xff, 0xff, 0xff, 0xff,
        0xff, 0xff, 0xff, 0xff, 0xff, 0xff, 0xff, 0xff, 0xff, 0xff, 0xff, 0xff,
        0xff, 0xff, 0xff, 0xff, 0xff, 0xff, 0xff, 0xff, 0xff, 0xff, 0xff, 0xff,
        0xff, 0xff, 0xff, 0xff, 0xff, 0xff, 0xff, 0xff, 0xff, 0xff, 0xff, 0xff,
        0xff, 0xff, 0xff, 0xff, 0xff, 0xff, 0xff, 0xff, 0xff, 0xff, 0xff, 0xff,
        0xff, 0xff, 0xff, 0xff, 0xff, 0xff, 0xff, 0xff, 0xff, 0xff, 0xff, 0xff,
        0xff, 0xff, 0xff, 0xff, 0xff, 0xff, 0xff, 0xff, 0xff, 0xff, 0xff, 0xff,
        0xa5, 0x5a, 0x5a, 0xa5, 0x5a, 0xa5, 0xa5, 0x5a, 0x5a, 0xa5, 0xa5, 0x5a,
        0xa5, 0x5a, 0x5a, 0xa5, 0xa5, 0x5a, 0x5a, 0xa5, 0x5a, 0xa5, 0xa5, 0x5a,
        0x5a, 0xa5, 0xa5, 0x5a, 0xa5, 0x5a, 0x5a, 0xa5, 0xa5, 0x5a, 0x5a, 0xa5,
        0x5a, 0xa5, 0xa5, 0x5a, 0x5a, 0xa5, 0xa5, 0x5a, 0xa5, 0x5a, 0x5a, 0xa5,
        0xa5, 0x5a, 0x5a, 0xa5, 0x5a, 0xa5, 0xa5, 0x5a, 0x5a, 0xa5, 0xa5, 0x5a,
        0xa5, 0x5a, 0x5a, 0xa5, 0xa5, 0x5a, 0x5a, 0xa5, 0x5a, 0xa5, 0xa5, 0x5a,
        0x5a, 0xa5, 0xa5, 0x5a, 0xa5, 0x5a, 0x5a, 0xa5, 0x5a, 0xa5, 0xa5, 0x5a,
        0xa5, 0x5a, 0x5a, 0xa5, 0xa5, 0x5a, 0x5a, 0xa5, 0x5a, 0xa5, 0xa5, 0x5a,
        0x5a, 0xa5, 0xa5, 0x5a, 0xa5, 0x5a, 0x5a, 0xa5, 0xa5, 0x5a, 0x5a, 0xa5,
        0x5a, 0xa5, 0xa5, 0x5a, 0x5a, 0xa5, 0xa5, 0x5a, 0xa5, 0x5a, 0x5a, 0xa5,
        0xa5, 0x5a, 0x5a, 0xa5, 0x5a, 0xa5, 0xa5, 0x5a, 0x5a, 0xa5, 0xa5, 0x5a,
        0xa5, 0x5a, 0x5a, 0xa5, 0xa5, 0x5a, 0x5a, 0xa5, 0x5a, 0xa5, 0xa5, 0x5a,
        0x5a, 0xa5, 0xa5, 0x5a, 0xa5, 0x5a, 0x5a, 0xa5, 0xa5, 0x5a, 0x5a, 0xa5,
        0x5a, 0xa5, 0xa5, 0x5a, 0xc3, 0x3c, 0xc3, 0x3c, 0xc3, 0x3c, 0xc3, 0x3c,
        0xc3, 0x3c, 0xc3, 0x3c, 0xc3, 0x3c, 0xc3, 0x3c, 0xc3, 0x3c, 0xc3, 0x3c,
        0xc3, 0x3c, 0xc3, 0x3c, 0xc3, 0x3c, 0xc3, 0x3c, 0xc3, 0x3c, 0xc3, 0x3c,
        0xc3, 0x3c, 0xc3, 0x3c, 0xc3, 0x3c, 0xc3, 0x3c, 0xc3, 0x3c, 0xc3, 0x3c,
        0xc3, 0x3c, 0xc3, 0x3c, 0xc3, 0x3c, 0xc3, 0x3c, 0xc3, 0x3c, 0xc3, 0x3c,
        0xc3, 0x3c, 0xc3, 0x3c, 0xc3, 0x3c, 0xc3, 0x3c, 0xc3, 0x3c, 0xc3, 0x3c,
        0xc3, 0x3c, 0xc3, 0x3c, 0xc3, 0x3c, 0xc3, 0x3c, 0xc3, 0x3c, 0xc3, 0x3c,
        0x3c, 0xc3, 0x3c, 0xc3, 0xc3, 0x3c, 0xc3, 0x3c, 0x3c, 0xc3, 0x3c, 0xc3,
        0xc3, 0x3c, 0xc3, 0x3c, 0x3c, 0xc3, 0x3c, 0xc3, 0xc3, 0x3c, 0xc3, 0x3c,
        0x3c, 0xc3, 0x3c, 0xc3, 0xc3, 0x3c, 0xc3, 0x3c, 0x3c, 0xc3, 0x3c, 0xc3,
        0xc3, 0x3c, 0xc3, 0x3c, 0x3c, 0xc3, 0x3c, 0xc3, 0xc3, 0x3c, 0xc3, 0x3c,
        0x3c, 0xc3, 0x3c, 0xc3, 0xc3, 0x3c, 0xc3, 0x3c, 0x3c, 0xc3, 0x3c, 0xc3,
        0xc3, 0x3c, 0xc3, 0x3c, 0x3c, 0xc3, 0x3c, 0xc3, 0xc3, 0x3c, 0xc3, 0x3c,
        0x3c, 0xc3, 0x3c, 0xc3, 0xc3, 0x3c, 0xc3, 0x3c, 0x0f, 0xf0, 0xf0, 0x0f,
        0x0f, 0xf0, 0xf0, 0x0f, 0xf0, 0x0f, 0x0f, 0xf0, 0xf0, 0x0f, 0x0f, 0xf0,
        0x0f, 0xf0, 0xf0, 0x0f, 0x0f, 0xf0, 0xf0, 0x0f, 0xf0, 0x0f, 0x0f, 0xf0,
        0xf0, 0x0f, 0x0f, 0xf0, 0x0f, 0xf0, 0xf0, 0x0f, 0x0f, 0xf0, 0xf0, 0x0f,
        0xf0, 0x0f, 0x0f, 0xf0, 0xf0, 0x0f, 0x0f, 0xf0, 0x0f, 0xf0, 0xf0, 0x0f,
        0x0f, 0xf0, 0xf0, 0x0f, 0xf0, 0x0f, 0x0f, 0xf0, 0xf0, 0x0f, 0x0f, 0xf0,
        0x0f, 0xf0, 0xf0, 0x0f, 0x0f, 0xf0, 0xf0, 0x0f, 0xf0, 0x0f, 0x0f, 0xf0,
        0xf0, 0x0f, 0x0f, 0xf0, 0xcc, 0xcc, 0xcc, 0xcc, 0xcc, 0xcc, 0xcc, 0xcc,
        0x33, 0x33, 0x33, 0x33, 0x33, 0x33, 0x33, 0x33, 0xcc, 0xcc, 0xcc, 0xcc,
        0xcc, 0xcc, 0xcc, 0xcc, 0x33, 0x33, 0x33, 0x33, 0x33, 0x33, 0x33, 0x33,
        0xcc, 0xcc, 0xcc, 0xcc, 0xcc, 0xcc, 0xcc, 0xcc, 0x33, 0x33, 0x33, 0x33,
        0x33, 0x33, 0x33, 0x33, 0xcc, 0xcc, 0xcc, 0xcc, 0xcc, 0xcc, 0xcc, 0xcc,
        0x33, 0x33, 0x33, 0x33, 0x33, 0x33, 0x33, 0x33, 0xcc, 0xcc, 0xcc, 0xcc,
        0xcc, 0xcc, 0xcc, 0xcc, 0x33, 0x33, 0x33, 0x33, 0x33, 0x33, 0x33, 0x33,
        0xff, 0xff, 0xff, 0xff, 0x00, 0x00, 0x00, 0x00, 0x00, 0x00, 0x00, 0x00,
        0xff, 0xff, 0xff, 0xff, 0xff, 0xff, 0xff, 0xff, 0x00, 0x00, 0x00, 0x00,
        0x00, 0x00, 0x00, 0x00, 0xff, 0xff, 0xff, 0xff, 0xff, 0xff, 0xff, 0xff,
        0x00, 0x00, 0x00, 0x00, 0x00, 0x00, 0x00, 0x00, 0xff, 0xff, 0xff, 0xff,
        0xff, 0xff, 0xff, 0xff, 0x00, 0x00, 0x00, 0x00, 0x00, 0x00, 0x00, 0x00,
        0xff, 0xff, 0xff, 0xff, 0xff, 0xff, 0xff, 0xff, 0x00, 0x00, 0x00, 0x00,
        0x00, 0x00, 0x00, 0x00, 0xff, 0xff, 0xff, 0xff, 0xaa, 0x55, 0xaa, 0x55,
        0xaa, 0x55, 0xaa, 0x55, 0x55, 0xaa, 0x55, 0xaa, 0x55, 0xaa, 0x55, 0xaa,
        0xaa, 0x55, 0xaa, 0x55, 0xaa, 0x55, 0xaa, 0x55, 0x55, 0xaa, 0x55, 0xaa,
        0x55, 0xaa, 0x55, 0xaa, 0xaa, 0x55, 0xaa, 0x55, 0xaa, 0x55, 0xaa, 0x55,
        0x55, 0xaa, 0x55, 0xaa, 0x55, 0xaa, 0x55, 0xaa, 0xaa, 0x55, 0xaa, 0x55,
        0xaa, 0x55, 0xaa, 0x55, 0x55, 0xaa, 0x55, 0xaa, 0x55, 0xaa, 0x55, 0xaa,
        0xaa, 0x55, 0xaa, 0x55, 0xaa, 0x55, 0xaa, 0x55, 0x55, 0xaa, 0x55, 0xaa,
        0x55, 0xaa, 0x55, 0xaa, 0x96, 0x96, 0x69, 0x69, 0x69, 0x69, 0x96, 0x96,
        0x96, 0x96, 0x69, 0x69, 0x69, 0x69, 0x96, 0x96, 0x96, 0x96, 0x69, 0x69,
        0x69, 0x69, 0x96, 0x96, 0x96, 0x96, 0x69, 0x69, 0x69, 0x69, 0x96, 0x96,
        0x96, 0x96, 0x69, 0x69, 0x69, 0x69, 0x96, 0x96, 0x96, 0x96, 0x69, 0x69,
        0x69, 0x69, 0x96, 0x96, 0x96, 0x96, 0x69, 0x69, 0x69, 0x69, 0x96, 0x96,
        0x96, 0x96, 0x69, 0x69, 0x69, 0x69, 0x96, 0x96, 0x96, 0x96, 0x69, 0x69,
        0x69, 0x69, 0x96, 0x96, 0x96, 0x96, 0x69, 0x69, 0x69, 0x69, 0x96, 0x96,
        0xaa, 0xaa, 0xaa, 0xaa, 0x55, 0x55, 0x55, 0x55, 0x55, 0x55, 0x55, 0x55,
        0xaa, 0xaa, 0xaa, 0xaa, 0xaa, 0xaa, 0xaa, 0xaa, 0x55, 0x55, 0x55, 0x55,
        0x55, 0x55, 0x55, 0x55, 0xaa, 0xaa, 0xaa, 0xaa, 0xaa, 0xaa, 0xaa, 0xaa,
        0x55, 0x55, 0x55, 0x55, 0x55, 0x55, 0x55, 0x55, 0xaa, 0xaa, 0xaa, 0xaa,
        0xaa, 0xaa, 0xaa, 0xaa, 0x55, 0x55, 0x55, 0x55, 0x55, 0x55, 0x55, 0x55,
        0xaa, 0xaa, 0xaa, 0xaa, 0xaa, 0xaa, 0xaa, 0xaa, 0x55, 0x55, 0x55, 0x55,
        0x55, 0x55, 0x55, 0x55, 0xaa, 0xaa, 0xaa, 0xaa, 0x0f, 0x0f, 0x0f, 0x0f,
        0x0f, 0x0f, 0x0f, 0x0f, 0x0f, 0x0f, 0x0f, 0x0f, 0x0f, 0x0f, 0x0f, 0x0f,
        0x0f, 0x0f, 0x0f, 0x0f, 0x0f, 0x0f, 0x0f, 0x0f, 0x0f, 0x0f, 0x0f, 0x0f,
        0x0f, 0x0f, 0x0f, 0x0f, 0x0f, 0x0f, 0x0f, 0x0f, 0x0f, 0x0f, 0x0f, 0x0f,
        0x0f, 0x0f, 0x0f, 0x0f, 0x0f, 0x0f, 0x0f, 0x0f, 0x0f, 0x0f, 0x0f, 0x0f,
        0x0f, 0x0f, 0x0f, 0x0f, 0x0f, 0x0f, 0x0f, 0x0f, 0x0f, 0x0f, 0x0f, 0x0f,
        0x0f, 0x0f, 0x0f, 0x0f, 0x0f, 0x0f, 0x0f, 0x0f, 0x0f, 0x0f, 0x0f, 0x0f,
        0x0f, 0x0f, 0x0f, 0x0f, 0xff, 0x00, 0x00, 0xff, 0xff, 0x00, 0x00, 0xff,
        0xff, 0x00, 0x00, 0xff, 0xff, 0x00, 0x00, 0xff, 0xff, 0x00, 0x00, 0xff,
        0xff, 0x00, 0x00, 0xff, 0xff, 0x00, 0x00, 0xff, 0xff, 0x00, 0x00, 0xff,
        0xff, 0x00, 0x00, 0xff, 0xff, 0x00, 0x00, 0xff, 0xff, 0x00, 0x00, 0xff,
        0xff, 0x00, 0x00, 0xff, 0xff, 0x00, 0x00, 0xff, 0xff, 0x00, 0x00, 0xff,
        0xff, 0x00, 0x00, 0xff, 0xff, 0x00, 0x00, 0xff, 0xff, 0x00, 0x00, 0xff,
        0xff, 0x00, 0x00, 0xff, 0xff, 0x00, 0x00, 0xff, 0xff, 0x00, 0x00, 0xff,
        0xaa, 0x55, 0xaa, 0x55, 0x55, 0xaa, 0x55, 0xaa, 0xaa, 0x55, 0xaa, 0x55,
        0x55, 0xaa, 0x55, 0xaa, 0xaa, 0x55, 0xaa, 0x55, 0x55, 0xaa, 0x55, 0xaa,
        0xaa, 0x55, 0xaa, 0x55, 0x55, 0xaa, 0x55, 0xaa, 0xaa, 0x55, 0xaa, 0x55,
        0x55, 0xaa, 0x55, 0xaa, 0xaa, 0x55, 0xaa, 0x55, 0x55, 0xaa, 0x55, 0xaa,
        0xaa, 0x55, 0xaa, 0x55, 0x55, 0xaa, 0x55, 0xaa, 0xaa, 0x55, 0xaa, 0x55,
        0x55, 0xaa, 0x55, 0xaa, 0xaa, 0x55, 0xaa, 0x55, 0x55, 0xaa, 0x55, 0xaa,
        0xaa, 0x55, 0xaa, 0x55, 0x55, 0xaa, 0x55, 0xaa, 0x99, 0x66, 0x66, 0x99,
        0x66, 0x99, 0x99, 0x66, 0x66, 0x99, 0x99, 0x66, 0x99, 0x66, 0x66, 0x99,
        0x99, 0x66, 0x66, 0x99, 0x66, 0x99, 0x99, 0x66, 0x66, 0x99, 0x99, 0x66,
        0x99, 0x66, 0x66, 0x99, 0x99, 0x66, 0x66, 0x99, 0x66, 0x99, 0x99, 0x66,
        0x66, 0x99, 0x99, 0x66, 0x99, 0x66, 0x66, 0x99, 0x99, 0x66, 0x66, 0x99,
        0x66, 0x99, 0x99, 0x66, 0x66, 0x99, 0x99, 0x66, 0x99, 0x66, 0x66, 0x99,
        0x99, 0x66, 0x66, 0x99, 0x66, 0x99, 0x99, 0x66, 0x66, 0x99, 0x99, 0x66,
        0x99, 0x66, 0x66, 0x99, 0x0f, 0x0f, 0xf0, 0xf0, 0x0f, 0x0f, 0xf0, 0xf0,
        0xf0, 0xf0, 0x0f, 0x0f, 0xf0, 0xf0, 0x0f, 0x0f, 0x0f, 0x0f, 0xf0, 0xf0,
        0x0f, 0x0f, 0xf0, 0xf0, 0xf0, 0xf0, 0x0f, 0x0f, 0xf0, 0xf0, 0x0f, 0x0f,
        0x0f, 0x0f, 0xf0, 0xf0, 0x0f, 0x0f, 0xf0, 0xf0, 0xf0, 0xf0, 0x0f, 0x0f,
        0xf0, 0xf0, 0x0f, 0x0f, 0x0f, 0x0f, 0xf0, 0xf0, 0x0f, 0x0f, 0xf0, 0xf0,
        0xf0, 0xf0, 0x0f, 0x0f, 0xf0, 0xf0, 0x0f, 0x0f, 0x0f, 0x0f, 0xf0, 0xf0,
        0x0f, 0x0f, 0xf0, 0xf0, 0xf0, 0xf0, 0x0f, 0x0f, 0xf0, 0xf0, 0x0f, 0x0f,
        0x3c, 0xc3, 0xc3, 0x3c, 0xc3, 0x3c, 0x3c, 0xc3, 0x3c, 0xc3, 0xc3, 0x3c,
        0xc3, 0x3c, 0x3c, 0xc3, 0x3c, 0xc3, 0xc3, 0x3c, 0xc3, 0x3c, 0x3c, 0xc3,
        0x3c, 0xc3, 0xc3, 0x3c, 0xc3, 0x3c, 0x3c, 0xc3, 0x3c, 0xc3, 0xc3, 0x3c,
        0xc3, 0x3c, 0x3c, 0xc3, 0x3c, 0xc3, 0xc3, 0x3c, 0xc3, 0x3c, 0x3c, 0xc3,
        0x3c, 0xc3, 0xc3, 0x3c, 0xc3, 0x3c, 0x3c, 0xc3, 0x3c, 0xc3, 0xc3, 0x3c,
        0xc3, 0x3c, 0x3c, 0xc3, 0x3c, 0xc3, 0xc3, 0x3c, 0xc3, 0x3c, 0x3c, 0xc3,
        0x3c, 0xc3, 0xc3, 0x3c, 0xc3, 0x3c, 0x3c, 0xc3, 0xf0, 0x0f, 0x0f, 0xf0,
        0x0f, 0xf0, 0xf0, 0x0f, 0xf0, 0x0f, 0x0f, 0xf0, 0x0f, 0xf0, 0xf0, 0x0f,
        0xf0, 0x0f, 0x0f, 0xf0, 0x0f, 0xf0, 0xf0, 0x0f, 0xf0, 0x0f, 0x0f, 0xf0,
        0x0f, 0xf0, 0xf0, 0x0f, 0xf0, 0x0f, 0x0f, 0xf0, 0x0f, 0xf0, 0xf0, 0x0f,
        0xf0, 0x0f, 0x0f, 0xf0, 0x0f, 0xf0, 0xf0, 0x0f, 0xf0, 0x0f, 0x0f, 0xf0,
        0x0f, 0xf0, 0xf0, 0x0f, 0xf0, 0x0f, 0x0f, 0xf0, 0x0f, 0xf0, 0xf0, 0x0f,
        0xf0, 0x0f, 0x0f, 0xf0, 0x0f, 0xf0, 0xf0, 0x0f, 0xf0, 0x0f, 0x0f, 0xf0,
        0x0f, 0xf0, 0xf0, 0x0f, 0xff, 0x00, 0xff, 0x00, 0x00, 0xff, 0x00, 0xff,
        0xff, 0x00, 0xff, 0x00, 0x00, 0xff, 0x00, 0xff, 0xff, 0x00, 0xff, 0x00,
        0x00, 0xff, 0x00, 0xff, 0xff, 0x00, 0xff, 0x00, 0x00, 0xff, 0x00, 0xff,
        0xff, 0x00, 0xff, 0x00, 0x00, 0xff, 0x00, 0xff, 0xff, 0x00, 0xff, 0x00,
        0x00, 0xff, 0x00, 0xff, 0xff, 0x00, 0xff, 0x00, 0x00, 0xff, 0x00, 0xff,
        0xff, 0x00, 0xff, 0x00, 0x00, 0xff, 0x00, 0xff, 0xff, 0x00, 0xff, 0x00,
        0x00, 0xff, 0x00, 0xff, 0xff, 0x00, 0xff, 0x00, 0x00, 0xff, 0x00, 0xff,
        0x69, 0x96, 0x96, 0x69, 0x96, 0x69, 0x69, 0x96, 0x96, 0x69, 0x69, 0x96,
        0x69, 0x96, 0x96, 0x69, 0x69, 0x96, 0x96, 0x69, 0x96, 0x69, 0x69, 0x96,
        0x96, 0x69, 0x69, 0x96, 0x69, 0x96, 0x96, 0x69, 0x69, 0x96, 0x96, 0x69,
        0x96, 0x69, 0x69, 0x96, 0x96, 0x69, 0x69, 0x96, 0x69, 0x96, 0x96, 0x69,
        0x69, 0x96, 0x96, 0x69, 0x96, 0x69, 0x69, 0x96, 0x96, 0x69, 0x69, 0x96,
        0x69, 0x96, 0x96, 0x69, 0x69, 0x96, 0x96, 0x69, 0x96, 0x69, 0x69, 0x96,
        0x96, 0x69, 0x69, 0x96, 0x69, 0x96, 0x96, 0x69, 0x96, 0x96, 0x69, 0x69,
        0x96, 0x96, 0x69, 0x69, 0x96, 0x96, 0x69, 0x69, 0x96, 0x96, 0x69, 0x69,
        0x96, 0x96, 0x69, 0x69, 0x96, 0x96, 0x69, 0x69, 0x96, 0x96, 0x69, 0x69,
        0x96, 0x96, 0x69, 0x69, 0x96, 0x96, 0x69, 0x69, 0x96, 0x96, 0x69, 0x69,
        0x96, 0x96, 0x69, 0x69, 0x96, 0x96, 0x69, 0x69, 0x96, 0x96, 0x69, 0x69,
        0x96, 0x96, 0x69, 0x69, 0x96, 0x96, 0x69, 0x69, 0x96, 0x96, 0x69, 0x69,
        0x96, 0x96, 0x69, 0x69, 0x96, 0x96, 0x69, 0x69, 0x96, 0x96, 0x69, 0x69,
        0x96, 0x96, 0x69, 0x69, 0x96, 0x69, 0x96, 0x69, 0x96, 0x69, 0x96, 0x69,
        0x69, 0x96, 0x69, 0x96, 0x69, 0x96, 0x69, 0x96, 0x96, 0x69, 0x96, 0x69,
        0x96, 0x69, 0x96, 0x69, 0x69, 0x96, 0x69, 0x96, 0x69, 0x96, 0x69, 0x96,
        0x96, 0x69, 0x96, 0x69, 0x96, 0x69, 0x96, 0x69, 0x69, 0x96, 0x69, 0x96,
        0x69, 0x96, 0x69, 0x96, 0x96, 0x69, 0x96, 0x69, 0x96, 0x69, 0x96, 0x69,
        0x69, 0x96, 0x69, 0x96, 0x69, 0x96, 0x69, 0x96, 0x96, 0x69, 0x96, 0x69,
        0x96, 0x69, 0x96, 0x69, 0x69, 0x96, 0x69, 0x96, 0x69, 0x96, 0x69, 0x96,
        0x94, 0xe7, 0x09, 0x3e, 0x2f, 0xdc, 0x32, 0x0d, 0x1c, 0x6f, 0x81, 0xb6,
        0xa7, 0x54, 0xba, 0x95, 0xe4, 0xf7, 0x39, 0x2e, 0xdf, 0xcc, 0x02, 0x1d,
        0x6c, 0x7f, 0xb1, 0xa6, 0x57, 0x44, 0x8a, 0xe5, 0xf4, 0xc7, 0x29, 0xde,
        0xcf, 0xfc, 0x12, 0x6d, 0x7c, 0x4f, 0xa1, 0x56, 0x47, 0x74, 0x9a, 0xf5,
        0xc4, 0xd7, 0xd9, 0xce, 0xff, 0xec, 0x62, 0x7d, 0x4c, 0x5f, 0x51, 0x46,
        0x77, 0x64, 0xea, 0xc5, 0xd4, 0x27, 0xc9, 0xfe, 0xef, 0x9c, 0x72, 0x4d,
        0x5c, 0xaf, 0x41, 0x76, 0x67, 0x14, 0xfa, 0xd5, 0xaa, 0x55, 0x55, 0xaa,
        0x55, 0xaa, 0xaa, 0x55, 0x55, 0xaa, 0xaa, 0x55, 0xaa, 0x55, 0x55, 0xaa,
        0xaa, 0x55, 0x55, 0xaa, 0x55, 0xaa, 0xaa, 0x55, 0x55, 0xaa, 0xaa, 0x55,
        0xaa, 0x55, 0x55, 0xaa, 0xaa, 0x55, 0x55, 0xaa, 0x55, 0xaa, 0xaa, 0x55,
        0x55, 0xaa, 0xaa, 0x55, 0xaa, 0x55, 0x55, 0xaa, 0xaa, 0x55, 0x55, 0xaa,
        0x55, 0xaa, 0xaa, 0x55, 0x55, 0xaa, 0xaa, 0x55, 0xaa, 0x55, 0x55, 0xaa,
        0xaa, 0x55, 0x55, 0xaa, 0x55, 0xaa, 0xaa, 0x55, 0x55, 0xaa, 0xaa, 0x55,
        0xaa, 0x55, 0x55, 0xaa, 0x01, 0x36, 0xd8, 0x2b, 0x3a, 0x15, 0x9b, 0x88,
        0x46, 0x51, 0x5f, 0x4c, 0x7d, 0x62, 0xec, 0xff, 0x31, 0x26, 0x28, 0x3b,
        0x0a, 0x65, 0x8b, 0xb8, 0x56, 0xa1, 0x4f, 0x7c, 0x6d, 0x12, 0xfc, 0xcf,
        0x21, 0xd6, 0x38, 0x0b, 0x1a, 0x75, 0xbb, 0xa8, 0xa6, 0xb1, 0x7f, 0x6c,
        0x1d, 0x02, 0xcc, 0xdf, 0xd1, 0xc6, 0x08, 0x1b, 0x6a, 0x45, 0xab, 0x58,
        0xb6, 0x81, 0x6f, 0x1c, 0x0d, 0x32, 0xdc, 0x2f, 0xc1, 0xf6, 0x18, 0x6b,
        0x7a, 0x55, 0x5b, 0x48, 0x86, 0x91, 0x1f, 0x0c, 0x3d, 0x22, 0x2c, 0x3f,
        0x69, 0x96, 0x96, 0x69, 0x96, 0x69, 0x69, 0x96, 0x96, 0x69, 0x69, 0x96,
        0x69, 0x96, 0x96, 0x69, 0x69, 0x96, 0x96, 0x69, 0x96, 0x69, 0x69, 0x96,
        0x96, 0x69, 0x69, 0x96, 0x69, 0x96, 0x96, 0x69, 0x69, 0x96, 0x96, 0x69,
        0x96, 0x69, 0x69, 0x96, 0x96, 0x69, 0x69, 0x96, 0x69, 0x96, 0x96, 0x69,
        0x69, 0x96, 0x96, 0x69, 0x96, 0x69, 0x69, 0x96, 0x96, 0x69, 0x69, 0x96,
        0x69, 0x96, 0x96, 0x69, 0x69, 0x96, 0x96, 0x69, 0x96, 0x69, 0x69, 0x96,
        0x96, 0x69, 0x69, 0x96, 0x69, 0x96, 0x96, 0x69, 0x69, 0x96, 0x96, 0x69,
        0x96, 0x69, 0x69, 0x96, 0x96, 0x69, 0x69, 0x96, 0x69, 0x96, 0x96, 0x69,
        0x69, 0x96, 0x96, 0x69, 0x96, 0x69, 0x69, 0x96, 0x96, 0x69, 0x69, 0x96,
        0x69, 0x96, 0x96, 0x69, 0x69, 0x96, 0x96, 0x69, 0x96, 0x69, 0x69, 0x96,
        0x96, 0x69, 0x69, 0x96, 0x69, 0x96, 0x96, 0x69, 0x69, 0x96, 0x96, 0x69,
        0x96, 0x69, 0x69, 0x96, 0x96, 0x69, 0x69, 0x96, 0x69, 0x96, 0x96, 0x69,
        0x69, 0x96, 0x96, 0x69, 0x96, 0x69, 0x69, 0x96, 0x96, 0x69, 0x69, 0x96,
        0x69, 0x96, 0x96, 0x69, 0x3c, 0x3c, 0xc3, 0xc3, 0x3c, 0x3c, 0xc3, 0xc3,
        0x3c, 0x3c, 0xc3, 0xc3, 0x3c, 0x3c, 0xc3, 0xc3, 0x3c, 0x3c, 0xc3, 0xc3,
        0x3c, 0x3c, 0xc3, 0xc3, 0x3c, 0x3c, 0xc3, 0xc3, 0x3c, 0x3c, 0xc3, 0xc3,
        0x3c, 0x3c, 0xc3, 0xc3, 0x3c, 0x3c, 0xc3, 0xc3, 0x3c, 0x3c, 0xc3, 0xc3,
        0x3c, 0x3c, 0xc3, 0xc3, 0x3c, 0x3c, 0xc3, 0xc3, 0x3c, 0x3c, 0xc3, 0xc3,
        0x3c, 0x3c, 0xc3, 0xc3, 0x3c, 0x3c, 0xc3, 0xc3, 0x3c, 0x3c, 0xc3, 0xc3,
        0x3c, 0x3c, 0xc3, 0xc3, 0x3c, 0x3c, 0xc3, 0xc3, 0x3c, 0x3c, 0xc3, 0xc3,
        0x0f, 0xf0, 0x0f, 0xf0, 0xf0, 0x0f, 0xf0, 0x0f, 0x0f, 0xf0, 0x0f, 0xf0,
        0xf0, 0x0f, 0xf0, 0x0f, 0x0f, 0xf0, 0x0f, 0xf0, 0xf0, 0x0f, 0xf0, 0x0f,
        0x0f, 0xf0, 0x0f, 0xf0, 0xf0, 0x0f, 0xf0, 0x0f, 0x0f, 0xf0, 0x0f, 0xf0,
        0xf0, 0x0f, 0xf0, 0x0f, 0x0f, 0xf0, 0x0f, 0xf0, 0xf0, 0x0f, 0xf0, 0x0f,
        0x0f, 0xf0, 0x0f, 0xf0, 0xf0, 0x0f, 0xf0, 0x0f, 0x0f, 0xf0, 0x0f, 0xf0,
        0xf0, 0x0f, 0xf0, 0x0f, 0x0f, 0xf0, 0x0f, 0xf0, 0xf0, 0x0f, 0xf0, 0x0f,
        0x0f, 0xf0, 0x0f, 0xf0, 0xf0, 0x0f, 0xf0, 0x0f, 0x69, 0x69, 0x96, 0x96,
        0x69, 0x69, 0x96, 0x96, 0x69, 0x69, 0x96, 0x96, 0x69, 0x69, 0x96, 0x96,
        0x69, 0x69, 0x96, 0x96, 0x69, 0x69, 0x96, 0x96, 0x69, 0x69, 0x96, 0x96,
        0x69, 0x69, 0x96, 0x96, 0x69, 0x69, 0x96, 0x96, 0x69, 0x69, 0x96, 0x96,
        0x69, 0x69, 0x96, 0x96, 0x69, 0x69, 0x96, 0x96, 0x69, 0x69, 0x96, 0x96,
        0x69, 0x69, 0x96, 0x96, 0x69, 0x69, 0x96, 0x96, 0x69, 0x69, 0x96, 0x96,
        0x69, 0x69, 0x96, 0x96, 0x69, 0x69, 0x96, 0x96, 0x69, 0x69, 0x96, 0x96,
        0x69, 0x69, 0x96, 0x96, 0x00, 0xff, 0x00, 0xff, 0x00, 0xff, 0x00, 0xff,
        0x00, 0xff, 0x00, 0xff, 0x00, 0xff, 0x00, 0xff, 0x00, 0xff, 0x00, 0xff,
        0x00, 0xff, 0x00, 0xff, 0x00, 0xff, 0x00, 0xff, 0x00, 0xff, 0x00, 0xff,
        0x00, 0xff, 0x00, 0xff, 0x00, 0xff, 0x00, 0xff, 0x00, 0xff, 0x00, 0xff,
        0x00, 0xff, 0x00, 0xff, 0x00, 0xff, 0x00, 0xff, 0x00, 0xff, 0x00, 0xff,
        0x00, 0xff, 0x00, 0xff, 0x00, 0xff, 0x00, 0xff, 0x00, 0xff, 0x00, 0xff,
        0x00, 0xff, 0x00, 0xff, 0x00, 0xff, 0x00, 0xff, 0x00, 0xff, 0x00, 0xff,
        0x69, 0x69, 0x69, 0x69, 0x69, 0x69, 0x69, 0x69, 0x96, 0x96, 0x96, 0x96,
        0x96, 0x96, 0x96, 0x96, 0x69, 0x69, 0x69, 0x69, 0x69, 0x69, 0x69, 0x69,
        0x96, 0x96, 0x96, 0x96, 0x96, 0x96, 0x96, 0x96, 0x69, 0x69, 0x69, 0x69,
        0x69, 0x69, 0x69, 0x69, 0x96, 0x96, 0x96, 0x96, 0x96, 0x96, 0x96, 0x96,
        0x69, 0x69, 0x69, 0x69, 0x69, 0x69, 0x69, 0x69, 0x96, 0x96, 0x96, 0x96,
        0x96, 0x96, 0x96, 0x96, 0x69, 0x69, 0x69, 0x69, 0x69, 0x69, 0x69, 0x69,
        0x96, 0x96, 0x96, 0x96, 0x96, 0x96, 0x96, 0x96, 0x00, 0x00, 0x00, 0x00,
        0x00, 0x00, 0x00, 0x00, 0x00, 0x00, 0x00, 0x00, 0x00, 0x00, 0x00, 0x00,
        0x00, 0x00, 0x00, 0x00, 0x00, 0x00, 0x00, 0x00, 0x00, 0x00, 0x00, 0x00,
        0x00, 0x00, 0x00, 0x00, 0x00, 0x00, 0x00, 0x00, 0x00, 0x00, 0x00, 0x00,
        0x00, 0x00, 0x00, 0x00, 0x00, 0x00, 0x00, 0x00, 0x00, 0x00, 0x00, 0x00,
        0x00, 0x00, 0x00, 0x00, 0x00, 0x00, 0x00, 0x00, 0x00, 0x00, 0x00, 0x00,
        0x00, 0x00, 0x00, 0x00, 0x00, 0x00, 0x00, 0x00, 0x00, 0x00, 0x00, 0x00,
        0x00, 0x00, 0x00, 0x00, 0x00, 0x00, 0xff, 0xff, 0xff, 0xff, 0x00, 0x00,
        0x00, 0x00, 0xff, 0xff, 0xff, 0xff, 0x00, 0x00, 0x00, 0x00, 0xff, 0xff,
        0xff, 0xff, 0x00, 0x00, 0x00, 0x00, 0xff, 0xff, 0xff, 0xff, 0x00, 0x00,
        0x00, 0x00, 0xff, 0xff, 0xff, 0xff, 0x00, 0x00, 0x00, 0x00, 0xff, 0xff,
        0xff, 0xff, 0x00, 0x00, 0x00, 0x00, 0xff, 0xff, 0xff, 0xff, 0x00, 0x00,
        0x00, 0x00, 0xff, 0xff, 0xff, 0xff, 0x00, 0x00, 0x00, 0x00, 0xff, 0xff,
        0xff, 0xff, 0x00, 0x00, 0x00, 0x00, 0xff, 0xff, 0xff, 0xff, 0x00, 0x00,
        0x3c, 0xc3, 0xc3, 0x3c, 0xc3, 0x3c, 0x3c, 0xc3, 0x3c, 0xc3, 0xc3, 0x3c,
        0xc3, 0x3c, 0x3c, 0xc3, 0x3c, 0xc3, 0xc3, 0x3c, 0xc3, 0x3c, 0x3c, 0xc3,
        0x3c, 0xc3, 0xc3, 0x3c, 0xc3, 0x3c, 0x3c, 0xc3, 0x3c, 0xc3, 0xc3, 0x3c,
        0xc3, 0x3c, 0x3c, 0xc3, 0x3c, 0xc3, 0xc3, 0x3c, 0xc3, 0x3c, 0x3c, 0xc3,
        0x3c, 0xc3, 0xc3, 0x3c, 0xc3, 0x3c, 0x3c, 0xc3, 0x3c, 0xc3, 0xc3, 0x3c,
        0xc3, 0x3c, 0x3c, 0xc3, 0x3c, 0xc3, 0xc3, 0x3c, 0xc3, 0x3c, 0x3c, 0xc3,
        0x3c, 0xc3, 0xc3, 0x3c, 0xc3, 0x3c, 0x3c, 0xc3, 0xc3, 0x3c, 0xc3, 0x3c,
        0xc3, 0x3c, 0xc3, 0x3c, 0x3c, 0xc3, 0x3c, 0xc3, 0x3c, 0xc3, 0x3c, 0xc3,
        0xc3, 0x3c, 0xc3, 0x3c, 0xc3, 0x3c, 0xc3, 0x3c, 0x3c, 0xc3, 0x3c, 0xc3,
        0x3c, 0xc3, 0x3c, 0xc3, 0xc3, 0x3c, 0xc3, 0x3c, 0xc3, 0x3c, 0xc3, 0x3c,
        0x3c, 0xc3, 0x3c, 0xc3, 0x3c, 0xc3, 0x3c, 0xc3, 0xc3, 0x3c, 0xc3, 0x3c,
        0xc3, 0x3c, 0xc3, 0x3c, 0x3c, 0xc3, 0x3c, 0xc3, 0x3c, 0xc3, 0x3c, 0xc3,
        0xc3, 0x3c, 0xc3, 0x3c, 0xc3, 0x3c, 0xc3, 0x3c, 0x3c, 0xc3, 0x3c, 0xc3,
        0x3c, 0xc3, 0x3c, 0xc3, 0x99, 0x99, 0x66, 0x66, 0x66, 0x66, 0x99, 0x99,
        0x66, 0x66, 0x99, 0x99, 0x99, 0x99, 0x66, 0x66, 0x99, 0x99, 0x66, 0x66,
        0x66, 0x66, 0x99, 0x99, 0x66, 0x66, 0x99, 0x99, 0x99, 0x99, 0x66, 0x66,
        0x99, 0x99, 0x66, 0x66, 0x66, 0x66, 0x99, 0x99, 0x66, 0x66, 0x99, 0x99,
        0x99, 0x99, 0x66, 0x66, 0x99, 0x99, 0x66, 0x66, 0x66, 0x66, 0x99, 0x99,
        0x66, 0x66, 0x99, 0x99, 0x99, 0x99, 0x66, 0x66, 0x99, 0x99, 0x66, 0x66,
        0x66, 0x66, 0x99, 0x99, 0x66, 0x66, 0x99, 0x99, 0x99, 0x99, 0x66, 0x66,
        0x66, 0x99, 0x99, 0x66, 0x66, 0x99, 0x99, 0x66, 0x66, 0x99, 0x99, 0x66,
        0x66, 0x99, 0x99, 0x66, 0x66, 0x99, 0x99, 0x66, 0x66, 0x99, 0x99, 0x66,
        0x66, 0x99, 0x99, 0x66, 0x66, 0x99, 0x99, 0x66, 0x66, 0x99, 0x99, 0x66,
        0x66, 0x99, 0x99, 0x66, 0x66, 0x99, 0x99, 0x66, 0x66, 0x99, 0x99, 0x66,
        0x66, 0x99, 0x99, 0x66, 0x66, 0x99, 0x99, 0x66, 0x66, 0x99, 0x99, 0x66,
        0x66, 0x99, 0x99, 0x66, 0x66, 0x99, 0x99, 0x66, 0x66, 0x99, 0x99, 0x66,
        0x66, 0x99, 0x99, 0x66, 0x66, 0x99, 0x99, 0x66, 0xaa, 0xaa, 0xaa, 0xaa,
        0xaa, 0xaa, 0xaa, 0xaa, 0x55, 0x55, 0x55, 0x55, 0x55, 0x55, 0x55, 0x55,
        0xaa, 0xaa, 0xaa, 0xaa, 0xaa, 0xaa, 0xaa, 0xaa, 0x55, 0x55, 0x55, 0x55,
        0x55, 0x55, 0x55, 0x55, 0xaa, 0xaa, 0xaa, 0xaa, 0xaa, 0xaa, 0xaa, 0xaa,
        0x55, 0x55, 0x55, 0x55, 0x55, 0x55, 0x55, 0x55, 0xaa, 0xaa, 0xaa, 0xaa,
        0xaa, 0xaa, 0xaa, 0xaa, 0x55, 0x55, 0x55, 0x55, 0x55, 0x55, 0x55, 0x55,
        0xaa, 0xaa, 0xaa, 0xaa, 0xaa, 0xaa, 0xaa, 0xaa, 0x55, 0x55, 0x55, 0x55,
        0x55, 0x55, 0x55, 0x55, 0xcc, 0x33, 0xcc, 0x33, 0xcc, 0x33, 0xcc, 0x33,
        0x33, 0xcc, 0x33, 0xcc, 0x33, 0xcc, 0x33, 0xcc, 0xcc, 0x33, 0xcc, 0x33,
        0xcc, 0x33, 0xcc, 0x33, 0x33, 0xcc, 0x33, 0xcc, 0x33, 0xcc, 0x33, 0xcc,
        0xcc, 0x33, 0xcc, 0x33, 0xcc, 0x33, 0xcc, 0x33, 0x33, 0xcc, 0x33, 0xcc,
        0x33, 0xcc, 0x33, 0xcc, 0xcc, 0x33, 0xcc, 0x33, 0xcc, 0x33, 0xcc, 0x33,
        0x33, 0xcc, 0x33, 0xcc, 0x33, 0xcc, 0x33, 0xcc, 0xcc, 0x33, 0xcc, 0x33,
        0xcc, 0x33, 0xcc, 0x33, 0x33, 0xcc, 0x33, 0xcc, 0x33, 0xcc, 0x33, 0xcc,
        0x69, 0x96, 0x96, 0x69, 0x96, 0x69, 0x69, 0x96, 0x96, 0x69, 0x69, 0x96,
        0x69, 0x96, 0x96, 0x69, 0x69, 0x96, 0x96, 0x69, 0x96, 0x69, 0x69, 0x96,
        0x96, 0x69, 0x69, 0x96, 0x69, 0x96, 0x96, 0x69, 0x69, 0x96, 0x96, 0x69,
        0x96, 0x69, 0x69, 0x96, 0x96, 0x69, 0x69, 0x96, 0x69, 0x96, 0x96, 0x69,
        0x69, 0x96, 0x96, 0x69, 0x96, 0x69, 0x69, 0x96, 0x96, 0x69, 0x69, 0x96,
        0x69, 0x96, 0x96, 0x69, 0x69, 0x96, 0x96, 0x69, 0x96, 0x69, 0x69, 0x96,
        0x96, 0x69, 0x69, 0x96, 0x69, 0x96, 0x96, 0x69, 0x00, 0xff, 0xff, 0x00,
        0x00, 0xff, 0xff, 0x00, 0xff, 0x00, 0x00, 0xff, 0xff, 0x00, 0x00, 0xff,
        0x00, 0xff, 0xff, 0x00, 0x00, 0xff, 0xff, 0x00, 0xff, 0x00, 0x00, 0xff,
        0xff, 0x00, 0x00, 0xff, 0x00, 0xff, 0xff, 0x00, 0x00, 0xff, 0xff, 0x00,
        0xff, 0x00, 0x00, 0xff, 0xff, 0x00, 0x00, 0xff, 0x00, 0xff, 0xff, 0x00,
        0x00, 0xff, 0xff, 0x00, 0xff, 0x00, 0x00, 0xff, 0xff, 0x00, 0x00, 0xff,
        0x00, 0xff, 0xff, 0x00, 0x00, 0xff, 0xff, 0x00, 0xff, 0x00, 0x00, 0xff,
        0xff, 0x00, 0x00, 0xff, 0x69, 0x96, 0x96, 0x69, 0x96, 0x69, 0x69, 0x96,
        0x96, 0x69, 0x69, 0x96, 0x69, 0x96, 0x96, 0x69, 0x69, 0x96, 0x96, 0x69,
        0x96, 0x69, 0x69, 0x96, 0x96, 0x69, 0x69, 0x96, 0x69, 0x96, 0x96, 0x69,
        0x69, 0x96, 0x96, 0x69, 0x96, 0x69, 0x69, 0x96, 0x96, 0x69, 0x69, 0x96,
        0x69, 0x96, 0x96, 0x69, 0x69, 0x96, 0x96, 0x69, 0x96, 0x69, 0x69, 0x96,
        0x96, 0x69, 0x69, 0x96, 0x69, 0x96, 0x96, 0x69, 0x69, 0x96, 0x96, 0x69,
        0x96, 0x69, 0x69, 0x96, 0x96, 0x69, 0x69, 0x96, 0x69, 0x96, 0x96, 0x69,
        0x66, 0x66, 0x66, 0x66, 0x66, 0x66, 0x66, 0x66, 0x66, 0x66, 0x66, 0x66,
        0x66, 0x66, 0x66, 0x66, 0x66, 0x66, 0x66, 0x66, 0x66, 0x66, 0x66, 0x66,
        0x66, 0x66, 0x66, 0x66, 0x66, 0x66, 0x66, 0x66, 0x66, 0x66, 0x66, 0x66,
        0x66, 0x66, 0x66, 0x66, 0x66, 0x66, 0x66, 0x66, 0x66, 0x66, 0x66, 0x66,
        0x66, 0x66, 0x66, 0x66, 0x66, 0x66, 0x66, 0x66, 0x66, 0x66, 0x66, 0x66,
        0x66, 0x66, 0x66, 0x66, 0x66, 0x66, 0x66, 0x66, 0x66, 0x66, 0x66, 0x66,
        0x66, 0x66, 0x66, 0x66, 0x66, 0x66, 0x66, 0x66, 0xa5, 0x5a, 0xa5, 0x5a,
        0x5a, 0xa5, 0x5a, 0xa5, 0x5a, 0xa5, 0x5a, 0xa5, 0xa5, 0x5a, 0xa5, 0x5a,
        0xa5, 0x5a, 0xa5, 0x5a, 0x5a, 0xa5, 0x5a, 0xa5, 0x5a, 0xa5, 0x5a, 0xa5,
        0xa5, 0x5a, 0xa5, 0x5a, 0xa5, 0x5a, 0xa5, 0x5a, 0x5a, 0xa5, 0x5a, 0xa5,
        0x5a, 0xa5, 0x5a, 0xa5, 0xa5, 0x5a, 0xa5, 0x5a, 0xa5, 0x5a, 0xa5, 0x5a,
        0x5a, 0xa5, 0x5a, 0xa5, 0x5a, 0xa5, 0x5a, 0xa5, 0xa5, 0x5a, 0xa5, 0x5a,
        0xa5, 0x5a, 0xa5, 0x5a, 0x5a, 0xa5, 0x5a, 0xa5, 0x5a, 0xa5, 0x5a, 0xa5,
        0xa5, 0x5a, 0xa5, 0x5a, 0xa5, 0x5a, 0x5a, 0xa5, 0xa5, 0x5a, 0x5a, 0xa5,
        0xa5, 0x5a, 0x5a, 0xa5, 0xa5, 0x5a, 0x5a, 0xa5, 0xa5, 0x5a, 0x5a, 0xa5,
        0xa5, 0x5a, 0x5a, 0xa5, 0xa5, 0x5a, 0x5a, 0xa5, 0xa5, 0x5a, 0x5a, 0xa5,
        0xa5, 0x5a, 0x5a, 0xa5, 0xa5, 0x5a, 0x5a, 0xa5, 0xa5, 0x5a, 0x5a, 0xa5,
        0xa5, 0x5a, 0x5a, 0xa5, 0xa5, 0x5a, 0x5a, 0xa5, 0xa5, 0x5a, 0x5a, 0xa5,
        0xa5, 0x5a, 0x5a, 0xa5, 0xa5, 0x5a, 0x5a, 0xa5, 0xa5, 0x5a, 0x5a, 0xa5,
        0xa5, 0x5a, 0x5a, 0xa5, 0xa5, 0x5a, 0x5a, 0xa5, 0xa5, 0x5a, 0x5a, 0xa5,
        0x3c, 0xc3, 0xc3, 0x3c, 0x3c, 0xc3, 0xc3, 0x3c, 0x3c, 0xc3, 0xc3, 0x3c,
        0x3c, 0xc3, 0xc3, 0x3c, 0x3c, 0xc3, 0xc3, 0x3c, 0x3c, 0xc3, 0xc3, 0x3c,
        0x3c, 0xc3, 0xc3, 0x3c, 0x3c, 0xc3, 0xc3, 0x3c, 0x3c, 0xc3, 0xc3, 0x3c,
        0x3c, 0xc3, 0xc3, 0x3c, 0x3c, 0xc3, 0xc3, 0x3c, 0x3c, 0xc3, 0xc3, 0x3c,
        0x3c, 0xc3, 0xc3, 0x3c, 0x3c, 0xc3, 0xc3, 0x3c, 0x3c, 0xc3, 0xc3, 0x3c,
        0x3c, 0xc3, 0xc3, 0x3c, 0x3c, 0xc3, 0xc3, 0x3c, 0x3c, 0xc3, 0xc3, 0x3c,
        0x3c, 0xc3, 0xc3, 0x3c, 0x3c, 0xc3, 0xc3, 0x3c, 0x0f, 0x0f, 0x0f, 0x0f,
        0xf0, 0xf0, 0xf0, 0xf0, 0x0f, 0x0f, 0x0f, 0x0f, 0xf0, 0xf0, 0xf0, 0xf0,
        0x0f, 0x0f, 0x0f, 0x0f, 0xf0, 0xf0, 0xf0, 0xf0, 0x0f, 0x0f, 0x0f, 0x0f,
        0xf0, 0xf0, 0xf0, 0xf0, 0x0f, 0x0f, 0x0f, 0x0f, 0xf0, 0xf0, 0xf0, 0xf0,
        0x0f, 0x0f, 0x0f, 0x0f, 0xf0, 0xf0, 0xf0, 0xf0, 0x0f, 0x0f, 0x0f, 0x0f,
        0xf0, 0xf0, 0xf0, 0xf0, 0x0f, 0x0f, 0x0f, 0x0f, 0xf0, 0xf0, 0xf0, 0xf0,
        0x0f, 0x0f, 0x0f, 0x0f, 0xf0, 0xf0, 0xf0, 0xf0, 0x0f, 0x0f, 0x0f, 0x0f,
        0xf0, 0xf0, 0xf0, 0xf0, 0xff, 0xff, 0xff, 0xff, 0x00, 0x00, 0x00, 0x00,
        0x00, 0x00, 0x00, 0x00, 0xff, 0xff, 0xff, 0xff, 0xff, 0xff, 0xff, 0xff,
        0x00, 0x00, 0x00, 0x00, 0x00, 0x00, 0x00, 0x00, 0xff, 0xff, 0xff, 0xff,
        0xff, 0xff, 0xff, 0xff, 0x00, 0x00, 0x00, 0x00, 0x00, 0x00, 0x00, 0x00,
        0xff, 0xff, 0xff, 0xff, 0xff, 0xff, 0xff, 0xff, 0x00, 0x00, 0x00, 0x00,
        0x00, 0x00, 0x00, 0x00, 0xff, 0xff, 0xff, 0xff, 0xff, 0xff, 0xff, 0xff,
        0x00, 0x00, 0x00, 0x00, 0x00, 0x00, 0x00, 0x00, 0xff, 0xff, 0xff, 0xff,
        0xa5, 0x5a, 0xa5, 0x5a, 0xa5, 0x5a, 0xa5, 0x5a, 0x5a, 0xa5, 0x5a, 0xa5,
        0x5a, 0xa5, 0x5a, 0xa5, 0xa5, 0x5a, 0xa5, 0x5a, 0xa5, 0x5a, 0xa5, 0x5a,
        0x5a, 0xa5, 0x5a, 0xa5, 0x5a, 0xa5, 0x5a, 0xa5, 0xa5, 0x5a, 0xa5, 0x5a,
        0xa5, 0x5a, 0xa5, 0x5a, 0x5a, 0xa5, 0x5a, 0xa5, 0x5a, 0xa5, 0x5a, 0xa5,
        0xa5, 0x5a, 0xa5, 0x5a, 0xa5, 0x5a, 0xa5, 0x5a, 0x5a, 0xa5, 0x5a, 0xa5,
        0x5a, 0xa5, 0x5a, 0xa5, 0xa5, 0x5a, 0xa5, 0x5a, 0xa5, 0x5a, 0xa5, 0x5a,
        0x5a, 0xa5, 0x5a, 0xa5, 0x5a, 0xa5, 0x5a, 0xa5, 0xc3, 0x3c, 0x3c, 0xc3,
        0x3c, 0xc3, 0xc3, 0x3c, 0x3c, 0xc3, 0xc3, 0x3c, 0xc3, 0x3c, 0x3c, 0xc3,
        0xc3, 0x3c, 0x3c, 0xc3, 0x3c, 0xc3, 0xc3, 0x3c, 0x3c, 0xc3, 0xc3, 0x3c,
        0xc3, 0x3c, 0x3c, 0xc3, 0xc3, 0x3c, 0x3c, 0xc3, 0x3c, 0xc3, 0xc3, 0x3c,
        0x3c, 0xc3, 0xc3, 0x3c, 0xc3, 0x3c, 0x3c, 0xc3, 0xc3, 0x3c, 0x3c, 0xc3,
        0x3c, 0xc3, 0xc3, 0x3c, 0x3c, 0xc3, 0xc3, 0x3c, 0xc3, 0x3c, 0x3c, 0xc3,
        0xc3, 0x3c, 0x3c, 0xc3, 0x3c, 0xc3, 0xc3, 0x3c, 0x3c, 0xc3, 0xc3, 0x3c,
        0xc3, 0x3c, 0x3c, 0xc3, 0xff, 0x00, 0x00, 0xff, 0xff, 0x00, 0x00, 0xff,
        0xff, 0x00, 0x00, 0xff, 0xff, 0x00, 0x00, 0xff, 0xff, 0x00, 0x00, 0xff,
        0xff, 0x00, 0x00, 0xff, 0xff, 0x00, 0x00, 0xff, 0xff, 0x00, 0x00, 0xff,
        0xff, 0x00, 0x00, 0xff, 0xff, 0x00, 0x00, 0xff, 0xff, 0x00, 0x00, 0xff,
        0xff, 0x00, 0x00, 0xff, 0xff, 0x00, 0x00, 0xff, 0xff, 0x00, 0x00, 0xff,
        0xff, 0x00, 0x00, 0xff, 0xff, 0x00, 0x00, 0xff, 0xff, 0x00, 0x00, 0xff,
        0xff, 0x00, 0x00, 0xff, 0xff, 0x00, 0x00, 0xff, 0xff, 0x00, 0x00, 0xff,
        0x99, 0x99, 0x66, 0x66, 0x99, 0x99, 0x66, 0x66, 0x99, 0x99, 0x66, 0x66,
        0x99, 0x99, 0x66, 0x66, 0x99, 0x99, 0x66, 0x66, 0x99, 0x99, 0x66, 0x66,
        0x99, 0x99, 0x66, 0x66, 0x99, 0x99, 0x66, 0x66, 0x99, 0x99, 0x66, 0x66,
        0x99, 0x99, 0x66, 0x66, 0x99, 0x99, 0x66, 0x66, 0x99, 0x99, 0x66, 0x66,
        0x99, 0x99, 0x66, 0x66, 0x99, 0x99, 0x66, 0x66, 0x99, 0x99, 0x66, 0x66,
        0x99, 0x99, 0x66, 0x66, 0x99, 0x99, 0x66, 0x66, 0x99, 0x99, 0x66, 0x66,
        0x99, 0x99, 0x66, 0x66, 0x99, 0x99, 0x66, 0x66, 0x5a, 0xa5, 0x5a, 0xa5,
        0xa5, 0x5a, 0xa5, 0x5a, 0xa5, 0x5a, 0xa5, 0x5a, 0x5a, 0xa5, 0x5a, 0xa5,
        0x5a, 0xa5, 0x5a, 0xa5, 0xa5, 0x5a, 0xa5, 0x5a, 0xa5, 0x5a, 0xa5, 0x5a,
        0x5a, 0xa5, 0x5a, 0xa5, 0x5a, 0xa5, 0x5a, 0xa5, 0xa5, 0x5a, 0xa5, 0x5a,
        0xa5, 0x5a, 0xa5, 0x5a, 0x5a, 0xa5, 0x5a, 0xa5, 0x5a, 0xa5, 0x5a, 0xa5,
        0xa5, 0x5a, 0xa5, 0x5a, 0xa5, 0x5a, 0xa5, 0x5a, 0x5a, 0xa5, 0x5a, 0xa5,
        0x5a, 0xa5, 0x5a, 0xa5, 0xa5, 0x5a, 0xa5, 0x5a, 0xa5, 0x5a, 0xa5, 0x5a,
        0x5a, 0xa5, 0x5a, 0xa5, 0xde, 0x12, 0x03, 0x93, 0x5d, 0xb1, 0x40, 0xa8,
        0x99, 0x75, 0x04, 0xe4, 0x2a, 0xc6, 0x37, 0xdf, 0xee, 0x02, 0x73, 0xa3,
        0x4d, 0x41, 0x50, 0x98, 0x89, 0x05, 0x14, 0xd4, 0x3a, 0x36, 0x27, 0xef,
        0xfe, 0x72, 0x63, 0xb3, 0xbd, 0x51, 0x60, 0x88, 0xf9, 0x15, 0x24, 0xc4,
        0xca, 0x26, 0x17, 0xff, 0x8e, 0x62, 0x53, 0x43, 0xad, 0x61, 0x70, 0xf8,
        0xe9, 0x25, 0x34, 0x34, 0xda, 0x16, 0x07, 0x8f, 0x9e, 0x52, 0x43, 0x53,
        0x9d, 0x71, 0x00, 0xe8, 0xd9, 0x35, 0xc4, 0x24, 0xea, 0x06, 0x77, 0x9f,
        0x5a, 0xa5, 0x5a, 0xa5, 0x5a, 0xa5, 0x5a, 0xa5, 0xa5, 0x5a, 0xa5, 0x5a,
        0xa5, 0x5a, 0xa5, 0x5a, 0x5a, 0xa5, 0x5a, 0xa5, 0x5a, 0xa5, 0x5a, 0xa5,
        0xa5, 0x5a, 0xa5, 0x5a, 0xa5, 0x5a, 0xa5, 0x5a, 0x5a, 0xa5, 0x5a, 0xa5,
        0x5a, 0xa5, 0x5a, 0xa5, 0xa5, 0x5a, 0xa5, 0x5a, 0xa5, 0x5a, 0xa5, 0x5a,
        0x5a, 0xa5, 0x5a, 0xa5, 0x5a, 0xa5, 0x5a, 0xa5, 0xa5, 0x5a, 0xa5, 0x5a,
        0xa5, 0x5a, 0xa5, 0x5a, 0x5a, 0xa5, 0x5a, 0xa5, 0x5a, 0xa5, 0x5a, 0xa5,
        0xa5, 0x5a, 0xa5, 0x5a, 0xa5, 0x5a, 0xa5, 0x5a, 0xf0, 0xf0, 0xf0, 0xf0,
        0x0f, 0x0f, 0x0f, 0x0f, 0xf0, 0xf0, 0xf0, 0xf0, 0x0f, 0x0f, 0x0f, 0x0f,
        0xf0, 0xf0, 0xf0, 0xf0, 0x0f, 0x0f, 0x0f, 0x0f, 0xf0, 0xf0, 0xf0, 0xf0,
        0x0f, 0x0f, 0x0f, 0x0f, 0xf0, 0xf0, 0xf0, 0xf0, 0x0f, 0x0f, 0x0f, 0x0f,
        0xf0, 0xf0, 0xf0, 0xf0, 0x0f, 0x0f, 0x0f, 0x0f, 0xf0, 0xf0, 0xf0, 0xf0,
        0x0f, 0x0f, 0x0f, 0x0f, 0xf0, 0xf0, 0xf0, 0xf0, 0x0f, 0x0f, 0x0f, 0x0f,
        0xf0, 0xf0, 0xf0, 0xf0, 0x0f, 0x0f, 0x0f, 0x0f, 0xf0, 0xf0, 0xf0, 0xf0,
        0x0f, 0x0f, 0x0f, 0x0f, 0xcc, 0xcc, 0xcc, 0xcc, 0x33, 0x33, 0x33, 0x33,
        0x33, 0x33, 0x33, 0x33, 0xcc, 0xcc, 0xcc, 0xcc, 0xcc, 0xcc, 0xcc, 0xcc,
        0x33, 0x33, 0x33, 0x33, 0x33, 0x33, 0x33, 0x33, 0xcc, 0xcc, 0xcc, 0xcc,
        0xcc, 0xcc, 0xcc, 0xcc, 0x33, 0x33, 0x33, 0x33, 0x33, 0x33, 0x33, 0x33,
        0xcc, 0xcc, 0xcc, 0xcc, 0xcc, 0xcc, 0xcc, 0xcc, 0x33, 0x33, 0x33, 0x33,
        0x33, 0x33, 0x33, 0x33, 0xcc, 0xcc, 0xcc, 0xcc, 0xcc, 0xcc, 0xcc, 0xcc,
        0x33, 0x33, 0x33, 0x33, 0x33, 0x33, 0x33, 0x33, 0xcc, 0xcc, 0xcc, 0xcc,
        0x0f, 0x0f, 0x0f, 0x0f, 0xf0, 0xf0, 0xf0, 0xf0, 0x0f, 0x0f, 0x0f, 0x0f,
        0xf0, 0xf0, 0xf0, 0xf0, 0x0f, 0x0f, 0x0f, 0x0f, 0xf0, 0xf0, 0xf0, 0xf0,
        0x0f, 0x0f, 0x0f, 0x0f, 0xf0, 0xf0, 0xf0, 0xf0, 0x0f, 0x0f, 0x0f, 0x0f,
        0xf0, 0xf0, 0xf0, 0xf0, 0x0f, 0x0f, 0x0f, 0x0f, 0xf0, 0xf0, 0xf0, 0xf0,
        0x0f, 0x0f, 0x0f, 0x0f, 0xf0, 0xf0, 0xf0, 0xf0, 0x0f, 0x0f, 0x0f, 0x0f,
        0xf0, 0xf0, 0xf0, 0xf0, 0x0f, 0x0f, 0x0f, 0x0f, 0xf0, 0xf0, 0xf0, 0xf0,
        0x0f, 0x0f, 0x0f, 0x0f, 0xf0, 0xf0, 0xf0, 0xf0, 0x00, 0x00, 0x00, 0x00,
        0xff, 0xff, 0xff, 0xff, 0x00, 0x00, 0x00, 0x00, 0xff, 0xff, 0xff, 0xff,
        0x00, 0x00, 0x00, 0x00, 0xff, 0xff, 0xff, 0xff, 0x00, 0x00, 0x00, 0x00,
        0xff, 0xff, 0xff, 0xff, 0x00, 0x00, 0x00, 0x00, 0xff, 0xff, 0xff, 0xff,
        0x00, 0x00, 0x00, 0x00, 0xff, 0xff, 0xff, 0xff, 0x00, 0x00, 0x00, 0x00,
        0xff, 0xff, 0xff, 0xff, 0x00, 0x00, 0x00, 0x00, 0xff, 0xff, 0xff, 0xff,
        0x00, 0x00, 0x00, 0x00, 0xff, 0xff, 0xff, 0xff, 0x00, 0x00, 0x00, 0x00,
        0xff, 0xff, 0xff, 0xff, 0x00, 0xff, 0xff, 0x00, 0xff, 0x00, 0x00, 0xff,
        0x00, 0xff, 0xff, 0x00, 0xff, 0x00, 0x00, 0xff, 0x00, 0xff, 0xff, 0x00,
        0xff, 0x00, 0x00, 0xff, 0x00, 0xff, 0xff, 0x00, 0xff, 0x00, 0x00, 0xff,
        0x00, 0xff, 0xff, 0x00, 0xff, 0x00, 0x00, 0xff, 0x00, 0xff, 0xff, 0x00,
        0xff, 0x00, 0x00, 0xff, 0x00, 0xff, 0xff, 0x00, 0xff, 0x00, 0x00, 0xff,
        0x00, 0xff, 0xff, 0x00, 0xff, 0x00, 0x00, 0xff, 0x00, 0xff, 0xff, 0x00,
        0xff, 0x00, 0x00, 0xff, 0x00, 0xff, 0xff, 0x00, 0xff, 0x00, 0x00, 0xff,
        0xc3, 0xc3, 0x3c, 0x3c, 0xc3, 0xc3, 0x3c, 0x3c, 0xc3, 0xc3, 0x3c, 0x3c,
        0xc3, 0xc3, 0x3c, 0x3c, 0xc3, 0xc3, 0x3c, 0x3c, 0xc3, 0xc3, 0x3c, 0x3c,
        0xc3, 0xc3, 0x3c, 0x3c, 0xc3, 0xc3, 0x3c, 0x3c, 0xc3, 0xc3, 0x3c, 0x3c,
        0xc3, 0xc3, 0x3c, 0x3c, 0xc3, 0xc3, 0x3c, 0x3c, 0xc3, 0xc3, 0x3c, 0x3c,
        0xc3, 0xc3, 0x3c, 0x3c, 0xc3, 0xc3, 0x3c, 0x3c, 0xc3, 0xc3, 0x3c, 0x3c,
        0xc3, 0xc3, 0x3c, 0x3c, 0xc3, 0xc3, 0x3c, 0x3c, 0xc3, 0xc3, 0x3c, 0x3c,
        0xc3, 0xc3, 0x3c, 0x3c, 0xc3, 0xc3, 0x3c, 0x3c, 0x5a, 0x5a, 0x5a, 0x5a,
        0xa5, 0xa5, 0xa5, 0xa5, 0x5a, 0x5a, 0x5a, 0x5a, 0xa5, 0xa5, 0xa5, 0xa5,
        0x5a, 0x5a, 0x5a, 0x5a, 0xa5, 0xa5, 0xa5, 0xa5, 0x5a, 0x5a, 0x5a, 0x5a,
        0xa5, 0xa5, 0xa5, 0xa5, 0x5a, 0x5a, 0x5a, 0x5a, 0xa5, 0xa5, 0xa5, 0xa5,
        0x5a, 0x5a, 0x5a, 0x5a, 0xa5, 0xa5, 0xa5, 0xa5, 0x5a, 0x5a, 0x5a, 0x5a,
        0xa5, 0xa5, 0xa5, 0xa5, 0x5a, 0x5a, 0x5a, 0x5a, 0xa5, 0xa5, 0xa5, 0xa5,
        0x5a, 0x5a, 0x5a, 0x5a, 0xa5, 0xa5, 0xa5, 0xa5, 0x5a, 0x5a, 0x5a, 0x5a,
        0xa5, 0xa5, 0xa5, 0xa5, 0xc3, 0x3c, 0xc3, 0x3c, 0xc3, 0x3c, 0xc3, 0x3c,
        0x3c, 0xc3, 0x3c, 0xc3, 0x3c, 0xc3, 0x3c, 0xc3, 0xc3, 0x3c, 0xc3, 0x3c,
        0xc3, 0x3c, 0xc3, 0x3c, 0x3c, 0xc3, 0x3c, 0xc3, 0x3c, 0xc3, 0x3c, 0xc3,
        0xc3, 0x3c, 0xc3, 0x3c, 0xc3, 0x3c, 0xc3, 0x3c, 0x3c, 0xc3, 0x3c, 0xc3,
        0x3c, 0xc3, 0x3c, 0xc3, 0xc3, 0x3c, 0xc3, 0x3c, 0xc3, 0x3c, 0xc3, 0x3c,
        0x3c, 0xc3, 0x3c, 0xc3, 0x3c, 0xc3, 0x3c, 0xc3, 0xc3, 0x3c, 0xc3, 0x3c,
        0xc3, 0x3c, 0xc3, 0x3c, 0x3c, 0xc3, 0x3c, 0xc3, 0x3c, 0xc3, 0x3c, 0xc3,
        0xa5, 0xa5, 0x5a, 0x5a, 0xa5, 0xa5, 0x5a, 0x5a, 0xa5, 0xa5, 0x5a, 0x5a,
        0xa5, 0xa5, 0x5a, 0x5a, 0xa5, 0xa5, 0x5a, 0x5a, 0xa5, 0xa5, 0x5a, 0x5a,
        0xa5, 0xa5, 0x5a, 0x5a, 0xa5, 0xa5, 0x5a, 0x5a, 0xa5, 0xa5, 0x5a, 0x5a,
        0xa5, 0xa5, 0x5a, 0x5a, 0xa5, 0xa5, 0x5a, 0x5a, 0xa5, 0xa5, 0x5a, 0x5a,
        0xa5, 0xa5, 0x5a, 0x5a, 0xa5, 0xa5, 0x5a, 0x5a, 0xa5, 0xa5, 0x5a, 0x5a,
        0xa5, 0xa5, 0x5a, 0x5a, 0xa5, 0xa5, 0x5a, 0x5a, 0xa5, 0xa5, 0x5a, 0x5a,
        0xa5, 0xa5, 0x5a, 0x5a, 0xa5, 0xa5, 0x5a, 0x5a, 0xf0, 0xf0, 0x0f, 0x0f,
        0xf0, 0xf0, 0x0f, 0x0f, 0x0f, 0x0f, 0xf0, 0xf0, 0x0f, 0x0f, 0xf0, 0xf0,
        0xf0, 0xf0, 0x0f, 0x0f, 0xf0, 0xf0, 0x0f, 0x0f, 0x0f, 0x0f, 0xf0, 0xf0,
        0x0f, 0x0f, 0xf0, 0xf0, 0xf0, 0xf0, 0x0f, 0x0f, 0xf0, 0xf0, 0x0f, 0x0f,
        0x0f, 0x0f, 0xf0, 0xf0, 0x0f, 0x0f, 0xf0, 0xf0, 0xf0, 0xf0, 0x0f, 0x0f,
        0xf0, 0xf0, 0x0f, 0x0f, 0x0f, 0x0f, 0xf0, 0xf0, 0x0f, 0x0f, 0xf0, 0xf0,
        0xf0, 0xf0, 0x0f, 0x0f, 0xf0, 0xf0, 0x0f, 0x0f, 0x0f, 0x0f, 0xf0, 0xf0,
        0x0f, 0x0f, 0xf0, 0xf0, 0x55, 0xaa, 0xaa, 0x55, 0xaa, 0x55, 0x55, 0xaa,
        0xaa, 0x55, 0x55, 0xaa, 0x55, 0xaa, 0xaa, 0x55, 0x55, 0xaa, 0xaa, 0x55,
        0xaa, 0x55, 0x55, 0xaa, 0xaa, 0x55, 0x55, 0xaa, 0x55, 0xaa, 0xaa, 0x55,
        0x55, 0xaa, 0xaa, 0x55, 0xaa, 0x55, 0x55, 0xaa, 0xaa, 0x55, 0x55, 0xaa,
        0x55, 0xaa, 0xaa, 0x55, 0x55, 0xaa, 0xaa, 0x55, 0xaa, 0x55, 0x55, 0xaa,
        0xaa, 0x55, 0x55, 0xaa, 0x55, 0xaa, 0xaa, 0x55, 0x55, 0xaa, 0xaa, 0x55,
        0xaa, 0x55, 0x55, 0xaa, 0xaa, 0x55, 0x55, 0xaa, 0x55, 0xaa, 0xaa, 0x55,
        0x96, 0x96, 0x96, 0x96, 0x69, 0x69, 0x69, 0x69, 0x69, 0x69, 0x69, 0x69,
        0x96, 0x96, 0x96, 0x96, 0x96, 0x96, 0x96, 0x96, 0x69, 0x69, 0x69, 0x69,
        0x69, 0x69, 0x69, 0x69, 0x96, 0x96, 0x96, 0x96, 0x96, 0x96, 0x96, 0x96,
        0x69, 0x69, 0x69, 0x69, 0x69, 0x69, 0x69, 0x69, 0x96, 0x96, 0x96, 0x96,
        0x96, 0x96, 0x96, 0x96, 0x69, 0x69, 0x69, 0x69, 0x69, 0x69, 0x69, 0x69,
        0x96, 0x96, 0x96, 0x96, 0x96, 0x96, 0x96, 0x96, 0x69, 0x69, 0x69, 0x69,
        0x69, 0x69, 0x69, 0x69, 0x96, 0x96, 0x96, 0x96, 0x33, 0xcc, 0x33, 0xcc,
        0x33, 0xcc, 0x33, 0xcc, 0xcc, 0x33, 0xcc, 0x33, 0xcc, 0x33, 0xcc, 0x33,
        0x33, 0xcc, 0x33, 0xcc, 0x33, 0xcc, 0x33, 0xcc, 0xcc, 0x33, 0xcc, 0x33,
        0xcc, 0x33, 0xcc, 0x33, 0x33, 0xcc, 0x33, 0xcc, 0x33, 0xcc, 0x33, 0xcc,
        0xcc, 0x33, 0xcc, 0x33, 0xcc, 0x33, 0xcc, 0x33, 0x33, 0xcc, 0x33, 0xcc,
        0x33, 0xcc, 0x33, 0xcc, 0xcc, 0x33, 0xcc, 0x33, 0xcc, 0x33, 0xcc, 0x33,
        0x33, 0xcc, 0x33, 0xcc, 0x33, 0xcc, 0x33, 0xcc, 0xcc, 0x33, 0xcc, 0x33,
        0xcc, 0x33, 0xcc, 0x33, 0x99, 0x66, 0x66, 0x99, 0x66, 0x99, 0x99, 0x66,
        0x99, 0x66, 0x66, 0x99, 0x66, 0x99, 0x99, 0x66, 0x99, 0x66, 0x66, 0x99,
        0x66, 0x99, 0x99, 0x66, 0x99, 0x66, 0x66, 0x99, 0x66, 0x99, 0x99, 0x66,
        0x99, 0x66, 0x66, 0x99, 0x66, 0x99, 0x99, 0x66, 0x99, 0x66, 0x66, 0x99,
        0x66, 0x99, 0x99, 0x66, 0x99, 0x66, 0x66, 0x99, 0x66, 0x99, 0x99, 0x66,
        0x99, 0x66, 0x66, 0x99, 0x66, 0x99, 0x99, 0x66, 0x99, 0x66, 0x66, 0x99,
        0x66, 0x99, 0x99, 0x66, 0x99, 0x66, 0x66, 0x99, 0x66, 0x99, 0x99, 0x66,
        0xa5, 0x5a, 0xa5, 0x5a, 0xa5, 0x5a, 0xa5, 0x5a, 0xa5, 0x5a, 0xa5, 0x5a,
        0xa5, 0x5a, 0xa5, 0x5a, 0xa5, 0x5a, 0xa5, 0x5a, 0xa5, 0x5a, 0xa5, 0x5a,
        0xa5, 0x5a, 0xa5, 0x5a, 0xa5, 0x5a, 0xa5, 0x5a, 0xa5, 0x5a, 0xa5, 0x5a,
        0xa5, 0x5a, 0xa5, 0x5a, 0xa5, 0x5a, 0xa5, 0x5a, 0xa5, 0x5a, 0xa5, 0x5a,
        0xa5, 0x5a, 0xa5, 0x5a, 0xa5, 0x5a, 0xa5, 0x5a, 0xa5, 0x5a, 0xa5, 0x5a,
        0xa5, 0x5a, 0xa5, 0x5a, 0xa5, 0x5a, 0xa5, 0x5a, 0xa5, 0x5a, 0xa5, 0x5a,
        0xa5, 0x5a, 0xa5, 0x5a, 0xa5, 0x5a, 0xa5, 0x5a, 0xff, 0x00, 0x00, 0xff,
        0xff, 0x00, 0x00, 0xff, 0xff, 0x00, 0x00, 0xff, 0xff, 0x00, 0x00, 0xff,
        0xff, 0x00, 0x00, 0xff, 0xff, 0x00, 0x00, 0xff, 0xff, 0x00, 0x00, 0xff,
        0xff, 0x00, 0x00, 0xff, 0xff, 0x00, 0x00, 0xff, 0xff, 0x00, 0x00, 0xff,
        0xff, 0x00, 0x00, 0xff, 0xff, 0x00, 0x00, 0xff, 0xff, 0x00, 0x00, 0xff,
        0xff, 0x00, 0x00, 0xff, 0xff, 0x00, 0x00, 0xff, 0xff, 0x00, 0x00, 0xff,
        0xff, 0x00, 0x00, 0xff, 0xff, 0x00, 0x00, 0xff, 0xff, 0x00, 0x00, 0xff,
        0xff, 0x00, 0x00, 0xff, 0x00, 0x00, 0xff, 0xff, 0x00, 0x00, 0xff, 0xff,
        0xff, 0xff, 0x00, 0x00, 0xff, 0xff, 0x00, 0x00, 0x00, 0x00, 0xff, 0xff,
        0x00, 0x00, 0xff, 0xff, 0xff, 0xff, 0x00, 0x00, 0xff, 0xff, 0x00, 0x00,
        0x00, 0x00, 0xff, 0xff, 0x00, 0x00, 0xff, 0xff, 0xff, 0xff, 0x00, 0x00,
        0xff, 0xff, 0x00, 0x00, 0x00, 0x00, 0xff, 0xff, 0x00, 0x00, 0xff, 0xff,
        0xff, 0xff, 0x00, 0x00, 0xff, 0xff, 0x00, 0x00, 0x00, 0x00, 0xff, 0xff,
        0x00, 0x00, 0xff, 0xff, 0xff, 0xff, 0x00, 0x00, 0xff, 0xff, 0x00, 0x00,
        0xf0, 0xf0, 0x0f, 0x0f, 0xf0, 0xf0, 0x0f, 0x0f, 0xf0, 0xf0, 0x0f, 0x0f,
        0xf0, 0xf0, 0x0f, 0x0f, 0xf0, 0xf0, 0x0f, 0x0f, 0xf0, 0xf0, 0x0f, 0x0f,
        0xf0, 0xf0, 0x0f, 0x0f, 0xf0, 0xf0, 0x0f, 0x0f, 0xf0, 0xf0, 0x0f, 0x0f,
        0xf0, 0xf0, 0x0f, 0x0f, 0xf0, 0xf0, 0x0f, 0x0f, 0xf0, 0xf0, 0x0f, 0x0f,
        0xf0, 0xf0, 0x0f, 0x0f, 0xf0, 0xf0, 0x0f, 0x0f, 0xf0, 0xf0, 0x0f, 0x0f,
        0xf0, 0xf0, 0x0f, 0x0f, 0xf0, 0xf0, 0x0f, 0x0f, 0xf0, 0xf0, 0x0f, 0x0f,
        0xf0, 0xf0, 0x0f, 0x0f, 0xf0, 0xf0, 0x0f, 0x0f, 0xff, 0x00, 0xff, 0x00,
        0x00, 0xff, 0x00, 0xff, 0x00, 0xff, 0x00, 0xff, 0xff, 0x00, 0xff, 0x00,
        0xff, 0x00, 0xff, 0x00, 0x00, 0xff, 0x00, 0xff, 0x00, 0xff, 0x00, 0xff,
        0xff, 0x00, 0xff, 0x00, 0xff, 0x00, 0xff, 0x00, 0x00, 0xff, 0x00, 0xff,
        0x00, 0xff, 0x00, 0xff, 0xff, 0x00, 0xff, 0x00, 0xff, 0x00, 0xff, 0x00,
        0x00, 0xff, 0x00, 0xff, 0x00, 0xff, 0x00, 0xff, 0xff, 0x00, 0xff, 0x00,
        0xff, 0x00, 0xff, 0x00, 0x00, 0xff, 0x00, 0xff, 0x00, 0xff, 0x00, 0xff,
        0xff, 0x00, 0xff, 0x00, 0xa5, 0x5a, 0xa5, 0x5a, 0xa5, 0x5a, 0xa5, 0x5a,
        0x5a, 0xa5, 0x5a, 0xa5, 0x5a, 0xa5, 0x5a, 0xa5, 0xa5, 0x5a, 0xa5, 0x5a,
        0xa5, 0x5a, 0xa5, 0x5a, 0x5a, 0xa5, 0x5a, 0xa5, 0x5a, 0xa5, 0x5a, 0xa5,
        0xa5, 0x5a, 0xa5, 0x5a, 0xa5, 0x5a, 0xa5, 0x5a, 0x5a, 0xa5, 0x5a, 0xa5,
        0x5a, 0xa5, 0x5a, 0xa5, 0xa5, 0x5a, 0xa5, 0x5a, 0xa5, 0x5a, 0xa5, 0x5a,
        0x5a, 0xa5, 0x5a, 0xa5, 0x5a, 0xa5, 0x5a, 0xa5, 0xa5, 0x5a, 0xa5, 0x5a,
        0xa5, 0x5a, 0xa5, 0x5a, 0x5a, 0xa5, 0x5a, 0xa5, 0x5a, 0xa5, 0x5a, 0xa5
    },
    {
        0x0f, 0x0f, 0xf0, 0xf0, 0x0f, 0x0f, 0xf0, 0xf0, 0xf0, 0xf0, 0x0f, 0x0f,
        0xf0, 0xf0, 0x0f, 0x0f, 0x0f, 0x0f, 0xf0, 0xf0, 0x0f, 0x0f, 0xf0, 0xf0,
        0xf0, 0xf0, 0x0f, 0x0f, 0xf0, 0xf0, 0x0f, 0x0f, 0x0f, 0x0f, 0xf0, 0xf0,
        0x0f, 0x0f, 0xf0, 0xf0, 0xf0, 0xf0, 0x0f, 0x0f, 0xf0, 0xf0, 0x0f, 0x0f,
        0x0f, 0x0f, 0xf0, 0xf0, 0x0f, 0x0f, 0xf0, 0xf0, 0xf0, 0xf0, 0x0f, 0x0f,
        0xf0, 0xf0, 0x0f, 0x0f, 0x0f, 0x0f, 0xf0, 0xf0, 0x0f, 0x0f, 0xf0, 0xf0,
        0xf0, 0xf0, 0x0f, 0x0f, 0xf0, 0xf0, 0x0f, 0x0f, 0xa5, 0xa5, 0xa5, 0xa5,
        0x5a, 0x5a, 0x5a, 0x5a, 0xa5, 0xa5, 0xa5, 0xa5, 0x5a, 0x5a, 0x5a, 0x5a,
        0xa5, 0xa5, 0xa5, 0xa5, 0x5a, 0x5a, 0x5a, 0x5a, 0xa5, 0xa5, 0xa5, 0xa5,
        0x5a, 0x5a, 0x5a, 0x5a, 0xa5, 0xa5, 0xa5, 0xa5, 0x5a, 0x5a, 0x5a, 0x5a,
        0xa5, 0xa5, 0xa5, 0xa5, 0x5a, 0x5a, 0x5a, 0x5a, 0xa5, 0xa5, 0xa5, 0xa5,
        0x5a, 0x5a, 0x5a, 0x5a, 0xa5, 0xa5, 0xa5, 0xa5, 0x5a, 0x5a, 0x5a, 0x5a,
        0xa5, 0xa5, 0xa5, 0xa5, 0x5a, 0x5a, 0x5a, 0x5a, 0xa5, 0xa5, 0xa5, 0xa5,
        0x5a, 0x5a, 0x5a, 0x5a, 0xff, 0xff, 0x00, 0x00, 0x00, 0x00, 0xff, 0xff,
        0xff, 0xff, 0x00, 0x00, 0x00, 0x00, 0xff, 0xff, 0xff, 0xff, 0x00, 0x00,
        0x00, 0x00, 0xff, 0xff, 0xff, 0xff, 0x00, 0x00, 0x00, 0x00, 0xff, 0xff,
        0xff, 0xff, 0x00, 0x00, 0x00, 0x00, 0xff, 0xff, 0xff, 0xff, 0x00, 0x00,
        0x00, 0x00, 0xff, 0xff, 0xff, 0xff, 0x00, 0x00, 0x00, 0x00, 0xff, 0xff,
        0xff, 0xff, 0x00, 0x00, 0x00, 0x00, 0xff, 0xff, 0xff, 0xff, 0x00, 0x00,
        0x00, 0x00, 0xff, 0xff, 0xff, 0xff, 0x00, 0x00, 0x00, 0x00, 0xff, 0xff,
        0x55, 0x55, 0x55, 0x55, 0x55, 0x55, 0x55, 0x55, 0x55, 0x55, 0x55, 0x55,
        0x55, 0x55, 0x55, 0x55, 0x55, 0x55, 0x55, 0x55, 0x55, 0x55, 0x55, 0x55,
        0x55, 0x55, 0x55, 0x55, 0x55, 0x55, 0x55, 0x55, 0x55, 0x55, 0x55, 0x55,
        0x55, 0x55, 0x55, 0x55, 0x55, 0x55, 0x55, 0x55, 0x55, 0x55, 0x55, 0x55,
        0x55, 0x55, 0x55, 0x55, 0x55, 0x55, 0x55, 0x55, 0x55, 0x55, 0x55, 0x55,
        0x55, 0x55, 0x55, 0x55, 0x55, 0x55, 0x55, 0x55, 0x55, 0x55, 0x55, 0x55,
        0x55, 0x55, 0x55, 0x55, 0x55, 0x55, 0x55, 0x55, 0xa5, 0x5a, 0xa5, 0x5a,
        0x5a, 0xa5, 0x5a, 0xa5, 0xa5, 0x5a, 0xa5, 0x5a, 0x5a, 0xa5, 0x5a, 0xa5,
        0xa5, 0x5a, 0xa5, 0x5a, 0x5a, 0xa5, 0x5a, 0xa5, 0xa5, 0x5a, 0xa5, 0x5a,
        0x5a, 0xa5, 0x5a, 0xa5, 0xa5, 0x5a, 0xa5, 0x5a, 0x5a, 0xa5, 0x5a, 0xa5,
        0xa5, 0x5a, 0xa5, 0x5a, 0x5a, 0xa5, 0x5a, 0xa5, 0xa5, 0x5a, 0xa5, 0x5a,
        0x5a, 0xa5, 0x5a, 0xa5, 0xa5, 0x5a, 0xa5, 0x5a, 0x5a, 0xa5, 0x5a, 0xa5,
        0xa5, 0x5a, 0xa5, 0x5a, 0x5a, 0xa5, 0x5a, 0xa5, 0xa5, 0x5a, 0xa5, 0x5a,
        0x5a, 0xa5, 0x5a, 0xa5, 0xa5, 0xa5, 0xa5, 0xa5, 0x5a, 0x5a, 0x5a, 0x5a,
        0x5a, 0x5a, 0x5a, 0x5a, 0xa5, 0xa5, 0xa5, 0xa5, 0xa5, 0xa5, 0xa5, 0xa5,
        0x5a, 0x5a, 0x5a, 0x5a, 0x5a, 0x5a, 0x5a, 0x5a, 0xa5, 0xa5, 0xa5, 0xa5,
        0xa5, 0xa5, 0xa5, 0xa5, 0x5a, 0x5a, 0x5a, 0x5a, 0x5a, 0x5a, 0x5a, 0x5a,
        0xa5, 0xa5, 0xa5, 0xa5, 0xa5, 0xa5, 0xa5, 0xa5, 0x5a, 0x5a, 0x5a, 0x5a,
        0x5a, 0x5a, 0x5a, 0x5a, 0xa5, 0xa5, 0xa5, 0xa5, 0xa5, 0xa5, 0xa5, 0xa5,
        0x5a, 0x5a, 0x5a, 0x5a, 0x5a, 0x5a, 0x5a, 0x5a, 0xa5, 0xa5, 0xa5, 0xa5,
        0xaa, 0x55, 0xaa, 0x55, 0xaa, 0x55, 0xaa, 0x55, 0x55, 0xaa, 0x55, 0xaa,
        0x55, 0xaa, 0x55, 0xaa, 0xaa, 0x55, 0xaa, 0x55, 0xaa, 0x55, 0xaa, 0x55,
        0x55, 0xaa, 0x55, 0xaa, 0x55, 0xaa, 0x55, 0xaa, 0xaa, 0x55, 0xaa, 0x55,
        0xaa, 0x55, 0xaa, 0x55, 0x55, 0xaa, 0x55, 0xaa, 0x55, 0xaa, 0x55, 0xaa,
        0xaa, 0x55, 0xaa, 0x55, 0xaa, 0x55, 0xaa, 0x55, 0x55, 0xaa, 0x55, 0xaa,
        0x55, 0xaa, 0x55, 0xaa, 0xaa, 0x55, 0xaa, 0x55, 0xaa, 0x55, 0xaa, 0x55,
        0x55, 0xaa, 0x55, 0xaa, 0x55, 0xaa, 0x55, 0xaa, 0x0f, 0xf0, 0x0f, 0xf0,
        0xf0, 0x0f, 0xf0, 0x0f, 0x0f, 0xf0, 0x0f, 0xf0, 0xf0, 0x0f, 0xf0, 0x0f,
        0x0f, 0xf0, 0x0f, 0xf0, 0xf0, 0x0f, 0xf0, 0x0f, 0x0f, 0xf0, 0x0f, 0xf0,
        0xf0, 0x0f, 0xf0, 0x0f, 0x0f, 0xf0, 0x0f, 0xf0, 0xf0, 0x0f, 0xf0, 0x0f,
        0x0f, 0xf0, 0x0f, 0xf0, 0xf0, 0x0f, 0xf0, 0x0f, 0x0f, 0xf0, 0x0f, 0xf0,
        0xf0, 0x0f, 0xf0, 0x0f, 0x0f, 0xf0, 0x0f, 0xf0, 0xf0, 0x0f, 0xf0, 0x0f,
        0x0f, 0xf0, 0x0f, 0xf0, 0xf0, 0x0f, 0xf0, 0x0f, 0x0f, 0xf0, 0x0f, 0xf0,
        0xf0, 0x0f, 0xf0, 0x0f, 0x96, 0x96, 0x96, 0x96, 0x69, 0x69, 0x69, 0x69,
        0x96, 0x96, 0x96, 0x96, 0x69, 0x69, 0x69, 0x69, 0x96, 0x96, 0x96, 0x96,
        0x69, 0x69, 0x69, 0x69, 0x96, 0x96, 0x96, 0x96, 0x69, 0x69, 0x69, 0x69,
        0x96, 0x96, 0x96, 0x96, 0x69, 0x69, 0x69, 0x69, 0x96, 0x96, 0x96, 0x96,
        0x69, 0x69, 0x69, 0x69, 0x96, 0x96, 0x96, 0x96, 0x69, 0x69, 0x69, 0x69,
        0x96, 0x96, 0x96, 0x96, 0x69, 0x69, 0x69, 0x69, 0x96, 0x96, 0x96, 0x96,
        0x69, 0x69, 0x69, 0x69, 0x96, 0x96, 0x96, 0x96, 0x69, 0x69, 0x69, 0x69,
        0x3c, 0x3c, 0x3c, 0x3c, 0x3c, 0x3c, 0x3c, 0x3c, 0xc3, 0xc3, 0xc3, 0xc3,
        0xc3, 0xc3, 0xc3, 0xc3, 0x3c, 0x3c, 0x3c, 0x3c, 0x3c, 0x3c, 0x3c, 0x3c,
        0xc3, 0xc3, 0xc3, 0xc3, 0xc3, 0xc3, 0xc3, 0xc3, 0x3c, 0x3c, 0x3c, 0x3c,
        0x3c, 0x3c, 0x3c, 0x3c, 0xc3, 0xc3, 0xc3, 0xc3, 0xc3, 0xc3, 0xc3, 0xc3,
        0x3c, 0x3c, 0x3c, 0x3c, 0x3c, 0x3c, 0x3c, 0x3c, 0xc3, 0xc3, 0xc3, 0xc3,
        0xc3, 0xc3, 0xc3, 0xc3, 0x3c, 0x3c, 0x3c, 0x3c, 0x3c, 0x3c, 0x3c, 0x3c,
        0xc3, 0xc3, 0xc3, 0xc3, 0xc3, 0xc3, 0xc3, 0xc3, 0xcc, 0xcc, 0x33, 0x33,
        0x33, 0x33, 0xcc, 0xcc, 0x33, 0x33, 0xcc, 0xcc, 0xcc, 0xcc, 0x33, 0x33,
        0xcc, 0xcc, 0x33, 0x33, 0x33, 0x33, 0xcc, 0xcc, 0x33, 0x33, 0xcc, 0xcc,
        0xcc, 0xcc, 0x33, 0x33, 0xcc, 0xcc, 0x33, 0x33, 0x33, 0x33, 0xcc, 0xcc,
        0x33, 0x33, 0xcc, 0xcc, 0xcc, 0xcc, 0x33, 0x33, 0xcc, 0xcc, 0x33, 0x33,
        0x33, 0x33, 0xcc, 0xcc, 0x33, 0x33, 0xcc, 0xcc, 0xcc, 0xcc, 0x33, 0x33,
        0xcc, 0xcc, 0x33, 0x33, 0x33, 0x33, 0xcc, 0xcc, 0x33, 0x33, 0xcc, 0xcc,
        0xcc, 0xcc, 0x33, 0x33, 0xaa, 0x55, 0x55, 0xaa, 0xaa, 0x55, 0x55, 0xaa,
        0x55, 0xaa, 0xaa, 0x55, 0x55, 0xaa, 0xaa, 0x55, 0xaa, 0x55, 0x55, 0xaa,
        0xaa, 0x55, 0x55, 0xaa, 0x55, 0xaa, 0xaa, 0x55, 0x55, 0xaa, 0xaa, 0x55,
        0xaa, 0x55, 0x55, 0xaa, 0xaa, 0x55, 0x55, 0xaa, 0x55, 0xaa, 0xaa, 0x55,
        0x55, 0xaa, 0xaa, 0x55, 0xaa, 0x55, 0x55, 0xaa, 0xaa, 0x55, 0x55, 0xaa,
        0x55, 0xaa, 0xaa, 0x55, 0x55, 0xaa, 0xaa, 0x55, 0xaa, 0x55, 0x55, 0xaa,
        0xaa, 0x55, 0x55, 0xaa, 0x55, 0xaa, 0xaa, 0x55, 0x55, 0xaa, 0xaa, 0x55,
        0x5a, 0xa5, 0x5a, 0xa5, 0x5a, 0xa5, 0x5a, 0xa5, 0xa5, 0x5a, 0xa5, 0x5a,
        0xa5, 0x5a, 0xa5, 0x5a, 0x5a, 0xa5, 0x5a, 0xa5, 0x5a, 0xa5, 0x5a, 0xa5,
        0xa5, 0x5a, 0xa5, 0x5a, 0xa5, 0x5a, 0xa5, 0x5a, 0x5a, 0xa5, 0x5a, 0xa5,
        0x5a, 0xa5, 0x5a, 0xa5, 0xa5, 0x5a, 0xa5, 0x5a, 0xa5, 0x5a, 0xa5, 0x5a,
        0x5a, 0xa5, 0x5a, 0xa5, 0x5a, 0xa5, 0x5a, 0xa5, 0xa5, 0x5a, 0xa5, 0x5a,
        0xa5, 0x5a, 0xa5, 0x5a, 0x5a, 0xa5, 0x5a, 0xa5, 0x5a, 0xa5, 0x5a, 0xa5,
        0xa5, 0x5a, 0xa5, 0x5a, 0xa5, 0x5a, 0xa5, 0x5a, 0xff, 0xff, 0xff, 0xff,
        0xff, 0xff, 0xff, 0xff, 0x00, 0x00, 0x00, 0x00, 0x00, 0x00, 0x00, 0x00,
        0xff, 0xff, 0xff, 0xff, 0xff, 0xff, 0xff, 0xff, 0x00, 0x00, 0x00, 0x00,
        0x00, 0x00, 0x00, 0x00, 0xff, 0xff, 0xff, 0xff, 0xff, 0xff, 0xff, 0xff,
        0x00, 0x00, 0x00, 0x00, 0x00, 0x00, 0x00, 0x00, 0xff, 0xff, 0xff, 0xff,
        0xff, 0xff, 0xff, 0xff, 0x00, 0x00, 0x00, 0x00, 0x00, 0x00, 0x00, 0x00,
        0xff, 0xff, 0xff, 0xff, 0xff, 0xff, 0xff, 0xff, 0x00, 0x00, 0x00, 0x00,
        0x00, 0x00, 0x00, 0x00, 0x99, 0x99, 0x66, 0x66, 0x66, 0x66, 0x99, 0x99,
        0x99, 0x99, 0x66, 0x66, 0x66, 0x66, 0x99, 0x99, 0x99, 0x99, 0x66, 0x66,
        0x66, 0x66, 0x99, 0x99, 0x99, 0x99, 0x66, 0x66, 0x66, 0x66, 0x99, 0x99,
        0x99, 0x99, 0x66, 0x66, 0x66, 0x66, 0x99, 0x99, 0x99, 0x99, 0x66, 0x66,
        0x66, 0x66, 0x99, 0x99, 0x99, 0x99, 0x66, 0x66, 0x66, 0x66, 0x99, 0x99,
        0x99, 0x99, 0x66, 0x66, 0x66, 0x66, 0x99, 0x99, 0x99, 0x99, 0x66, 0x66,
        0x66, 0x66, 0x99, 0x99, 0x99, 0x99, 0x66, 0x66, 0x66, 0x66, 0x99, 0x99,
        0x5e, 0x21, 0xcf, 0xfc, 0xed, 0x1a, 0xf4, 0xc7, 0x29, 0x46, 0x88, 0x9b,
        0x6a, 0x7d, 0xb3, 0xa0, 0x2e, 0x31, 0xff, 0xec, 0x1d, 0x0a, 0xc4, 0xd7,
        0x59, 0x76, 0x98, 0x6b, 0x7a, 0x4d, 0xa3, 0xd0, 0x3e, 0x01, 0xef, 0x1c,
        0x0d, 0x3a, 0xd4, 0xa7, 0x49, 0x66, 0x68, 0x7b, 0x4a, 0x5d, 0xd3, 0xc0,
        0x0e, 0x11, 0x1f, 0x0c, 0x3d, 0x2a, 0xa4, 0xb7, 0x79, 0x96, 0x78, 0x4b,
        0x5a, 0x2d, 0xc3, 0xf0, 0x1e, 0xe1, 0x0f, 0x3c, 0x2d, 0x5a, 0xb4, 0x87,
        0x69, 0x86, 0x48, 0x5b, 0x2a, 0x3d, 0xf3, 0xe0, 0x5a, 0xa5, 0xa5, 0x5a,
        0x5a, 0xa5, 0xa5, 0x5a, 0xa5, 0x5a, 0x5a, 0xa5, 0xa5, 0x5a, 0x5a, 0xa5,
        0x5a, 0xa5, 0xa5, 0x5a, 0x5a, 0xa5, 0xa5, 0x5a, 0xa5, 0x5a, 0x5a, 0xa5,
        0xa5, 0x5a, 0x5a, 0xa5, 0x5a, 0xa5, 0xa5, 0x5a, 0x5a, 0xa5, 0xa5, 0x5a,
        0xa5, 0x5a, 0x5a, 0xa5, 0xa5, 0x5a, 0x5a, 0xa5, 0x5a, 0xa5, 0xa5, 0x5a,
        0x5a, 0xa5, 0xa5, 0x5a, 0xa5, 0x5a, 0x5a, 0xa5, 0xa5, 0x5a, 0x5a, 0xa5,
        0x5a, 0xa5, 0xa5, 0x5a, 0x5a, 0xa5, 0xa5, 0x5a, 0xa5, 0x5a, 0x5a, 0xa5,
        0xa5, 0x5a, 0x5a, 0xa5, 0xc3, 0x3c, 0xc3, 0x3c, 0xc3, 0x3c, 0xc3, 0x3c,
        0x3c, 0xc3, 0x3c, 0xc3, 0x3c, 0xc3, 0x3c, 0xc3, 0xc3, 0x3c, 0xc3, 0x3c,
        0xc3, 0x3c, 0xc3, 0x3c, 0x3c, 0xc3, 0x3c, 0xc3, 0x3c, 0xc3, 0x3c, 0xc3,
        0xc3, 0x3c, 0xc3, 0x3c, 0xc3, 0x3c, 0xc3, 0x3c, 0x3c, 0xc3, 0x3c, 0xc3,
        0x3c, 0xc3, 0x3c, 0xc3, 0xc3, 0x3c, 0xc3, 0x3c, 0xc3, 0x3c, 0xc3, 0x3c,
        0x3c, 0xc3, 0x3c, 0xc3, 0x3c, 0xc3, 0x3c, 0xc3, 0xc3, 0x3c, 0xc3, 0x3c,
        0xc3, 0x3c, 0xc3, 0x3c, 0x3c, 0xc3, 0x3c, 0xc3, 0x3c, 0xc3, 0x3c, 0xc3,
        0xf0, 0x0f, 0x0f, 0xf0, 0x0f, 0xf0, 0xf0, 0x0f, 0xf0, 0x0f, 0x0f, 0xf0,
        0x0f, 0xf0, 0xf0, 0x0f, 0xf0, 0x0f, 0x0f, 0xf0, 0x0f, 0xf0, 0xf0, 0x0f,
        0xf0, 0x0f, 0x0f, 0xf0, 0x0f, 0xf0, 0xf0, 0x0f, 0xf0, 0x0f, 0x0f, 0xf0,
        0x0f, 0xf0, 0xf0, 0x0f, 0xf0, 0x0f, 0x0f, 0xf0, 0x0f, 0xf0, 0xf0, 0x0f,
        0xf0, 0x0f, 0x0f, 0xf0, 0x0f, 0xf0, 0xf0, 0x0f, 0xf0, 0x0f, 0x0f, 0xf0,
        0x0f, 0xf0, 0xf0, 0x0f, 0xf0, 0x0f, 0x0f, 0xf0, 0x0f, 0xf0, 0xf0, 0x0f,
        0xf0, 0x0f, 0x0f, 0xf0, 0x0f, 0xf0, 0xf0, 0x0f, 0x33, 0xcc, 0x33, 0xcc,
        0xcc, 0x33, 0xcc, 0x33, 0x33, 0xcc, 0x33, 0xcc, 0xcc, 0x33, 0xcc, 0x33,
        0x33, 0xcc, 0x33, 0xcc, 0xcc, 0x33, 0xcc, 0x33, 0x33, 0xcc, 0x33, 0xcc,
        0xcc, 0x33, 0xcc, 0x33, 0x33, 0xcc, 0x33, 0xcc, 0xcc, 0x33, 0xcc, 0x33,
        0x33, 0xcc, 0x33, 0xcc, 0xcc, 0x33, 0xcc, 0x33, 0x33, 0xcc, 0x33, 0xcc,
        0xcc, 0x33, 0xcc, 0x33, 0x33, 0xcc, 0x33, 0xcc, 0xcc, 0x33, 0xcc, 0x33,
        0x33, 0xcc, 0x33, 0xcc, 0xcc, 0x33, 0xcc, 0x33, 0x33, 0xcc, 0x33, 0xcc,
        0xcc, 0x33, 0xcc, 0x33, 0x0f, 0xf0, 0xf0, 0x0f, 0x0f, 0xf0, 0xf0, 0x0f,
        0x0f, 0xf0, 0xf0, 0x0f, 0x0f, 0xf0, 0xf0, 0x0f, 0x0f, 0xf0, 0xf0, 0x0f,
        0x0f, 0xf0, 0xf0, 0x0f, 0x0f, 0xf0, 0xf0, 0x0f, 0x0f, 0xf0, 0xf0, 0x0f,
        0x0f, 0xf0, 0xf0, 0x0f, 0x0f, 0xf0, 0xf0, 0x0f, 0x0f, 0xf0, 0xf0, 0x0f,
        0x0f, 0xf0, 0xf0, 0x0f, 0x0f, 0xf0, 0xf0, 0x0f, 0x0f, 0xf0, 0xf0, 0x0f,
        0x0f, 0xf0, 0xf0, 0x0f, 0x0f, 0xf0, 0xf0, 0x0f, 0x0f, 0xf0, 0xf0, 0x0f,
        0x0f, 0xf0, 0xf0, 0x0f, 0x0f, 0xf0, 0xf0, 0x0f, 0x0f, 0xf0, 0xf0, 0x0f,
        0xb2, 0x7a, 0x6b, 0x67, 0x76, 0xa6, 0xd7, 0x3b, 0x0a, 0xe2, 0x13, 0xff,
        0xce, 0x2e, 0x5f, 0xb3, 0x82, 0x6a, 0x9b, 0x77, 0x46, 0xd6, 0xc7, 0x0b,
        0x1a, 0x12, 0x03, 0xcf, 0xde, 0x5e, 0x4f, 0x83, 0x92, 0x9a, 0x8b, 0x47,
        0x56, 0xc6, 0xf7, 0x1b, 0xea, 0x02, 0x33, 0xdf, 0xae, 0x4e, 0x7f, 0x93,
        0x62, 0x8a, 0xbb, 0x57, 0x26, 0xf6, 0xe7, 0xeb, 0xfa, 0x32, 0x23, 0xaf,
        0xbe, 0x7e, 0x6f, 0x63, 0x72, 0xba, 0xab, 0x27, 0x36, 0xe6, 0x17, 0xfb,
        0xca, 0x22, 0x53, 0xbf, 0x8e, 0x6e, 0x9f, 0x73, 0xaa, 0x55, 0xaa, 0x55,
        0x55, 0xaa, 0x55, 0xaa, 0x55, 0xaa, 0x55, 0xaa, 0xaa, 0x55, 0xaa, 0x55,
        0xaa, 0x55, 0xaa, 0x55, 0x55, 0xaa, 0x55, 0xaa, 0x55, 0xaa, 0x55, 0xaa,
        0xaa, 0x55, 0xaa, 0x55, 0xaa, 0x55, 0xaa, 0x55, 0x55, 0xaa, 0x55, 0xaa,
        0x55, 0xaa, 0x55, 0xaa, 0xaa, 0x55, 0xaa, 0x55, 0xaa, 0x55, 0xaa, 0x55,
        0x55, 0xaa, 0x55, 0xaa, 0x55, 0xaa, 0x55, 0xaa, 0xaa, 0x55, 0xaa, 0x55,
        0xaa, 0x55, 0xaa, 0x55, 0x55, 0xaa, 0x55, 0xaa, 0x55, 0xaa, 0x55, 0xaa,
        0xaa, 0x55, 0xaa, 0x55, 0xff, 0xff, 0xff, 0xff, 0xff, 0xff, 0xff, 0xff,
        0x00, 0x00, 0x00, 0x00, 0x00, 0x00, 0x00, 0x00, 0xff, 0xff, 0xff, 0xff,
        0xff, 0xff, 0xff, 0xff, 0x00, 0x00, 0x00, 0x00, 0x00, 0x00, 0x00, 0x00,
        0xff, 0xff, 0xff, 0xff, 0xff, 0xff, 0xff, 0xff, 0x00, 0x00, 0x00, 0x00,
        0x00, 0x00, 0x00, 0x00, 0xff, 0xff, 0xff, 0xff, 0xff, 0xff, 0xff, 0xff,
        0x00, 0x00, 0x00, 0x00, 0x00, 0x00, 0x00, 0x00, 0xff, 0xff, 0xff, 0xff,
        0xff, 0xff, 0xff, 0xff, 0x00, 0x00, 0x00, 0x00, 0x00, 0x00, 0x00, 0x00,
        0x3c, 0xc3, 0xc3, 0x3c, 0x3c, 0xc3, 0xc3, 0x3c, 0xc3, 0x3c, 0x3c, 0xc3,
        0xc3, 0x3c, 0x3c, 0xc3, 0x3c, 0xc3, 0xc3, 0x3c, 0x3c, 0xc3, 0xc3, 0x3c,
        0xc3, 0x3c, 0x3c, 0xc3, 0xc3, 0x3c, 0x3c, 0xc3, 0x3c, 0xc3, 0xc3, 0x3c,
        0x3c, 0xc3, 0xc3, 0x3c, 0xc3, 0x3c, 0x3c, 0xc3, 0xc3, 0x3c, 0x3c, 0xc3,
        0x3c, 0xc3, 0xc3, 0x3c, 0x3c, 0xc3, 0xc3, 0x3c, 0xc3, 0x3c, 0x3c, 0xc3,
        0xc3, 0x3c, 0x3c, 0xc3, 0x3c, 0xc3, 0xc3, 0x3c, 0x3c, 0xc3, 0xc3, 0x3c,
        0xc3, 0x3c, 0x3c, 0xc3, 0xc3, 0x3c, 0x3c, 0xc3, 0x99, 0x66, 0x99, 0x66,
        0x66, 0x99, 0x66, 0x99, 0x99, 0x66, 0x99, 0x66, 0x66, 0x99, 0x66, 0x99,
        0x99, 0x66, 0x99, 0x66, 0x66, 0x99, 0x66, 0x99, 0x99, 0x66, 0x99, 0x66,
        0x66, 0x99, 0x66, 0x99, 0x99, 0x66, 0x99, 0x66, 0x66, 0x99, 0x66, 0x99,
        0x99, 0x66, 0x99, 0x66, 0x66, 0x99, 0x66, 0x99, 0x99, 0x66, 0x99, 0x66,
        0x66, 0x99, 0x66, 0x99, 0x99, 0x66, 0x99, 0x66, 0x66, 0x99, 0x66, 0x99,
        0x99, 0x66, 0x99, 0x66, 0x66, 0x99, 0x66, 0x99, 0x99, 0x66, 0x99, 0x66,
        0x66, 0x99, 0x66, 0x99, 0xa5, 0xa5, 0x5a, 0x5a, 0xa5, 0xa5, 0x5a, 0x5a,
        0xa5, 0xa5, 0x5a, 0x5a, 0xa5, 0xa5, 0x5a, 0x5a, 0xa5, 0xa5, 0x5a, 0x5a,
        0xa5, 0xa5, 0x5a, 0x5a, 0xa5, 0xa5, 0x5a, 0x5a, 0xa5, 0xa5, 0x5a, 0x5a,
        0xa5, 0xa5, 0x5a, 0x5a, 0xa5, 0xa5, 0x5a, 0x5a, 0xa5, 0xa5, 0x5a, 0x5a,
        0xa5, 0xa5, 0x5a, 0x5a, 0xa5, 0xa5, 0x5a, 0x5a, 0xa5, 0xa5, 0x5a, 0x5a,
        0xa5, 0xa5, 0x5a, 0x5a, 0xa5, 0xa5, 0x5a, 0x5a, 0xa5, 0xa5, 0x5a, 0x5a,
        0xa5, 0xa5, 0x5a, 0x5a, 0xa5, 0xa5, 0x5a, 0x5a, 0xa5, 0xa5, 0x5a, 0x5a,
        0x55, 0xaa, 0x55, 0xaa, 0x55, 0xaa, 0x55, 0xaa, 0xaa, 0x55, 0xaa, 0x55,
        0xaa, 0x55, 0xaa, 0x55, 0x55, 0xaa, 0x55, 0xaa, 0x55, 0xaa, 0x55, 0xaa,
        0xaa, 0x55, 0xaa, 0x55, 0xaa, 0x55, 0xaa, 0x55, 0x55, 0xaa, 0x55, 0xaa,
        0x55, 0xaa, 0x55, 0xaa, 0xaa, 0x55, 0xaa, 0x55, 0xaa, 0x55, 0xaa, 0x55,
        0x55, 0xaa, 0x55, 0xaa, 0x55, 0xaa, 0x55, 0xaa, 0xaa, 0x55, 0xaa, 0x55,
        0xaa, 0x55, 0xaa, 0x55, 0x55, 0xaa, 0x55, 0xaa, 0x55, 0xaa, 0x55, 0xaa,
        0xaa, 0x55, 0xaa, 0x55, 0xaa, 0x55, 0xaa, 0x55, 0xf0, 0xf0, 0xf0, 0xf0,
        0xf0, 0xf0, 0xf0, 0xf0, 0x0f, 0x0f, 0x0f, 0x0f, 0x0f, 0x0f, 0x0f, 0x0f,
        0xf0, 0xf0, 0xf0, 0xf0, 0xf0, 0xf0, 0xf0, 0xf0, 0x0f, 0x0f, 0x0f, 0x0f,
        0x0f, 0x0f, 0x0f, 0x0f, 0xf0, 0xf0, 0xf0, 0xf0, 0xf0, 0xf0, 0xf0, 0xf0,
        0x0f, 0x0f, 0x0f, 0x0f, 0x0f, 0x0f, 0x0f, 0x0f, 0xf0, 0xf0, 0xf0, 0xf0,
        0xf0, 0xf0, 0xf0, 0xf0, 0x0f, 0x0f, 0x0f, 0x0f, 0x0f, 0x0f, 0x0f, 0x0f,
        0xf0, 0xf0, 0xf0, 0xf0, 0xf0, 0xf0, 0xf0, 0xf0, 0x0f, 0x0f, 0x0f, 0x0f,
        0x0f, 0x0f, 0x0f, 0x0f, 0x0f, 0xf0, 0x0f, 0xf0, 0xf0, 0x0f, 0xf0, 0x0f,
        0xf0, 0x0f, 0xf0, 0x0f, 0x0f, 0xf0, 0x0f, 0xf0, 0x0f, 0xf0, 0x0f, 0xf0,
        0xf0, 0x0f, 0xf0, 0x0f, 0xf0, 0x0f, 0xf0, 0x0f, 0x0f, 0xf0, 0x0f, 0xf0,
        0x0f, 0xf0, 0x0f, 0xf0, 0xf0, 0x0f, 0xf0, 0x0f, 0xf0, 0x0f, 0xf0, 0x0f,
        0x0f, 0xf0, 0x0f, 0xf0, 0x0f, 0xf0, 0x0f, 0xf0, 0xf0, 0x0f, 0xf0, 0x0f,
        0xf0, 0x0f, 0xf0, 0x0f, 0x0f, 0xf0, 0x0f, 0xf0, 0x0f, 0xf0, 0x0f, 0xf0,
        0xf0, 0x0f, 0xf0, 0x0f, 0xf0, 0x0f, 0xf0, 0x0f, 0x0f, 0xf0, 0x0f, 0xf0,
        0xcc, 0xcc, 0xcc, 0xcc, 0xcc, 0xcc, 0xcc, 0xcc, 0x33, 0x33, 0x33, 0x33,
        0x33, 0x33, 0x33, 0x33, 0xcc, 0xcc, 0xcc, 0xcc, 0xcc, 0xcc, 0xcc, 0xcc,
        0x33, 0x33, 0x33, 0x33, 0x33, 0x33, 0x33, 0x33, 0xcc, 0xcc, 0xcc, 0xcc,
        0xcc, 0xcc, 0xcc, 0xcc, 0x33, 0x33, 0x33, 0x33, 0x33, 0x33, 0x33, 0x33,
        0xcc, 0xcc, 0xcc, 0xcc, 0xcc, 0xcc, 0xcc, 0xcc, 0x33, 0x33, 0x33, 0x33,
        0x33, 0x33, 0x33, 0x33, 0xcc, 0xcc, 0xcc, 0xcc, 0xcc, 0xcc, 0xcc, 0xcc,
        0x33, 0x33, 0x33, 0x33, 0x33, 0x33, 0x33, 0x33, 0xcc, 0x33, 0x33, 0xcc,
        0x33, 0xcc, 0xcc, 0x33, 0x33, 0xcc, 0xcc, 0x33, 0xcc, 0x33, 0x33, 0xcc,
        0xcc, 0x33, 0x33, 0xcc, 0x33, 0xcc, 0xcc, 0x33, 0x33, 0xcc, 0xcc, 0x33,
        0xcc, 0x33, 0x33, 0xcc, 0xcc, 0x33, 0x33, 0xcc, 0x33, 0xcc, 0xcc, 0x33,
        0x33, 0xcc, 0xcc, 0x33, 0xcc, 0x33, 0x33, 0xcc, 0xcc, 0x33, 0x33, 0xcc,
        0x33, 0xcc, 0xcc, 0x33, 0x33, 0xcc, 0xcc, 0x33, 0xcc, 0x33, 0x33, 0xcc,
        0xcc, 0x33, 0x33, 0xcc, 0x33, 0xcc, 0xcc, 0x33, 0x33, 0xcc, 0xcc, 0x33,
        0xcc, 0x33, 0x33, 0xcc, 0xaa, 0xaa, 0x55, 0x55, 0xaa, 0xaa, 0x55, 0x55,
        0x55, 0x55, 0xaa, 0xaa, 0x55, 0x55, 0xaa, 0xaa, 0xaa, 0xaa, 0x55, 0x55,
        0xaa, 0xaa, 0x55, 0x55, 0x55, 0x55, 0xaa, 0xaa, 0x55, 0x55, 0xaa, 0xaa,
        0xaa, 0xaa, 0x55, 0x55, 0xaa, 0xaa, 0x55, 0x55, 0x55, 0x55, 0xaa, 0xaa,
        0x55, 0x55, 0xaa, 0xaa, 0xaa, 0xaa, 0x55, 0x55, 0xaa, 0xaa, 0x55, 0x55,
        0x55, 0x55, 0xaa, 0xaa, 0x55, 0x55, 0xaa, 0xaa, 0xaa, 0xaa, 0x55, 0x55,
        0xaa, 0xaa, 0x55, 0x55, 0x55, 0x55, 0xaa, 0xaa, 0x55, 0x55, 0xaa, 0xaa,
        0xaa, 0xaa, 0xaa, 0xaa, 0xaa, 0xaa, 0xaa, 0xaa, 0x55, 0x55, 0x55, 0x55,
        0x55, 0x55, 0x55, 0x55, 0xaa, 0xaa, 0xaa, 0xaa, 0xaa, 0xaa, 0xaa, 0xaa,
        0x55, 0x55, 0x55, 0x55, 0x55, 0x55, 0x55, 0x55, 0xaa, 0xaa, 0xaa, 0xaa,
        0xaa, 0xaa, 0xaa, 0xaa, 0x55, 0x55, 0x55, 0x55, 0x55, 0x55, 0x55, 0x55,
        0xaa, 0xaa, 0xaa, 0xaa, 0xaa, 0xaa, 0xaa, 0xaa, 0x55, 0x55, 0x55, 0x55,
        0x55, 0x55, 0x55, 0x55, 0xaa, 0xaa, 0xaa, 0xaa, 0xaa, 0xaa, 0xaa, 0xaa,
        0x55, 0x55, 0x55, 0x55, 0x55, 0x55, 0x55, 0x55, 0x69, 0x69, 0x69, 0x69,
        0x96, 0x96, 0x96, 0x96, 0x96, 0x96, 0x96, 0x96, 0x69, 0x69, 0x69, 0x69,
        0x69, 0x69, 0x69, 0x69, 0x96, 0x96, 0x96, 0x96, 0x96, 0x96, 0x96, 0x96,
        0x69, 0x69, 0x69, 0x69, 0x69, 0x69, 0x69, 0x69, 0x96, 0x96, 0x96, 0x96,
        0x96, 0x96, 0x96, 0x96, 0x69, 0x69, 0x69, 0x69, 0x69, 0x69, 0x69, 0x69,
        0x96, 0x96, 0x96, 0x96, 0x96, 0x96, 0x96, 0x96, 0x69, 0x69, 0x69, 0x69,
        0x69, 0x69, 0x69, 0x69, 0x96, 0x96, 0x96, 0x96, 0x96, 0x96, 0x96, 0x96,
        0x69, 0x69, 0x69, 0x69, 0x3c, 0xf0, 0x1e, 0x1e, 0x0f, 0xc3, 0x2d, 0xa5,
        0x4b, 0x87, 0x69, 0x79, 0x48, 0xa4, 0x2a, 0xc2, 0x0c, 0xe0, 0xee, 0x0e,
        0x3f, 0xd3, 0x5d, 0xb5, 0x7b, 0x97, 0x99, 0x49, 0x58, 0xd4, 0x3a, 0xf2,
        0x1c, 0x10, 0xfe, 0x3e, 0x2f, 0xa3, 0x4d, 0x85, 0x6b, 0x67, 0x89, 0x59,
        0x28, 0xc4, 0x0a, 0xe2, 0xec, 0x00, 0xce, 0x2e, 0x5f, 0xb3, 0x7d, 0x95,
        0x9b, 0x77, 0xb9, 0x29, 0x38, 0xf4, 0x1a, 0x12, 0xfc, 0x30, 0xde, 0x5e,
        0x4f, 0x83, 0x6d, 0x65, 0x8b, 0x47, 0xa9, 0x39, 0x08, 0xe4, 0xea, 0x02,
        0x3c, 0x3c, 0x3c, 0x3c, 0x3c, 0x3c, 0x3c, 0x3c, 0x3c, 0x3c, 0x3c, 0x3c,
        0x3c, 0x3c, 0x3c, 0x3c, 0x3c, 0x3c, 0x3c, 0x3c, 0x3c, 0x3c, 0x3c, 0x3c,
        0x3c, 0x3c, 0x3c, 0x3c, 0x3c, 0x3c, 0x3c, 0x3c, 0x3c, 0x3c, 0x3c, 0x3c,
        0x3c, 0x3c, 0x3c, 0x3c, 0x3c, 0x3c, 0x3c, 0x3c, 0x3c, 0x3c, 0x3c, 0x3c,
        0x3c, 0x3c, 0x3c, 0x3c, 0x3c, 0x3c, 0x3c, 0x3c, 0x3c, 0x3c, 0x3c, 0x3c,
        0x3c, 0x3c, 0x3c, 0x3c, 0x3c, 0x3c, 0x3c, 0x3c, 0x3c, 0x3c, 0x3c, 0x3c,
        0x3c, 0x3c, 0x3c, 0x3c, 0x3c, 0x3c, 0x3c, 0x3c, 0xcc, 0xcc, 0xcc, 0xcc,
        0xcc, 0xcc, 0xcc, 0xcc, 0x33, 0x33, 0x33, 0x33, 0x33, 0x33, 0x33, 0x33,
        0xcc, 0xcc, 0xcc, 0xcc, 0xcc, 0xcc, 0xcc, 0xcc, 0x33, 0x33, 0x33, 0x33,
        0x33, 0x33, 0x33, 0x33, 0xcc, 0xcc, 0xcc, 0xcc, 0xcc, 0xcc, 0xcc, 0xcc,
        0x33, 0x33, 0x33, 0x33, 0x33, 0x33, 0x33, 0x33, 0xcc, 0xcc, 0xcc, 0xcc,
        0xcc, 0xcc, 0xcc, 0xcc, 0x33, 0x33, 0x33, 0x33, 0x33, 0x33, 0x33, 0x33,
        0xcc, 0xcc, 0xcc, 0xcc, 0xcc, 0xcc, 0xcc, 0xcc, 0x33, 0x33, 0x33, 0x33,
        0x33, 0x33, 0x33, 0x33, 0x66, 0x66, 0x66, 0x66, 0x99, 0x99, 0x99, 0x99,
        0x66, 0x66, 0x66, 0x66, 0x99, 0x99, 0x99, 0x99, 0x66, 0x66, 0x66, 0x66,
        0x99, 0x99, 0x99, 0x99, 0x66, 0x66, 0x66, 0x66, 0x99, 0x99, 0x99, 0x99,
        0x66, 0x66, 0x66, 0x66, 0x99, 0x99, 0x99, 0x99, 0x66, 0x66, 0x66, 0x66,
        0x99, 0x99, 0x99, 0x99, 0x66, 0x66, 0x66, 0x66, 0x99, 0x99, 0x99, 0x99,
        0x66, 0x66, 0x66, 0x66, 0x99, 0x99, 0x99, 0x99, 0x66, 0x66, 0x66, 0x66,
        0x99, 0x99, 0x99, 0x99, 0x66, 0x66, 0x66, 0x66, 0x99, 0x99, 0x99, 0x99,
        0x66, 0x66, 0x66, 0x66, 0x66, 0x66, 0x66, 0x66, 0x66, 0x66, 0x66, 0x66,
        0x66, 0x66, 0x66, 0x66, 0x66, 0x66, 0x66, 0x66, 0x66, 0x66, 0x66, 0x66,
        0x66, 0x66, 0x66, 0x66, 0x66, 0x66, 0x66, 0x66, 0x66, 0x66, 0x66, 0x66,
        0x66, 0x66, 0x66, 0x66, 0x66, 0x66, 0x66, 0x66, 0x66, 0x66, 0x66, 0x66,
        0x66, 0x66, 0x66, 0x66, 0x66, 0x66, 0x66, 0x66, 0x66, 0x66, 0x66, 0x66,
        0x66, 0x66, 0x66, 0x66, 0x66, 0x66, 0x66, 0x66, 0x66, 0x66, 0x66, 0x66,
        0x66, 0x66, 0x66, 0x66, 0x66, 0x66, 0x66, 0x66, 0x00, 0x00, 0x00, 0x00,
        0x00, 0x00, 0x00, 0x00, 0xff, 0xff, 0xff, 0xff, 0xff, 0xff, 0xff, 0xff,
        0x00, 0x00, 0x00, 0x00, 0x00, 0x00, 0x00, 0x00, 0xff, 0xff, 0xff, 0xff,
        0xff, 0xff, 0xff, 0xff, 0x00, 0x00, 0x00, 0x00, 0x00, 0x00, 0x00, 0x00,
        0xff, 0xff, 0xff, 0xff, 0xff, 0xff, 0xff, 0xff, 0x00, 0x00, 0x00, 0x00,
        0x00, 0x00, 0x00, 0x00, 0xff, 0xff, 0xff, 0xff, 0xff, 0xff, 0xff, 0xff,
        0x00, 0x00, 0x00, 0x00, 0x00, 0x00, 0x00, 0x00, 0xff, 0xff, 0xff, 0xff,
        0xff, 0xff, 0xff, 0xff, 0x00, 0x00, 0x00, 0x00, 0xff, 0xff, 0xff, 0xff,
        0x00, 0x00, 0x00, 0x00, 0xff, 0xff, 0xff, 0xff, 0x00, 0x00, 0x00, 0x00,
        0xff, 0xff, 0xff, 0xff, 0x00, 0x00, 0x00, 0x00, 0xff, 0xff, 0xff, 0xff,
        0x00, 0x00, 0x00, 0x00, 0xff, 0xff, 0xff, 0xff, 0x00, 0x00, 0x00, 0x00,
        0xff, 0xff, 0xff, 0xff, 0x00, 0x00, 0x00, 0x00, 0xff, 0xff, 0xff, 0xff,
        0x00, 0x00, 0x00, 0x00, 0xff, 0xff, 0xff, 0xff, 0x00, 0x00, 0x00, 0x00,
        0xff, 0xff, 0xff, 0xff, 0x00, 0x00, 0x00, 0x00, 0xff, 0xff, 0xff, 0xff,
        0xcc, 0x33, 0x33, 0xcc, 0xcc, 0x33, 0x33, 0xcc, 0xcc, 0x33, 0x33, 0xcc,
        0xcc, 0x33, 0x33, 0xcc, 0xcc, 0x33, 0x33, 0xcc, 0xcc, 0x33, 0x33, 0xcc,
        0xcc, 0x33, 0x33, 0xcc, 0xcc, 0x33, 0x33, 0xcc, 0xcc, 0x33, 0x33, 0xcc,
        0xcc, 0x33, 0x33, 0xcc, 0xcc, 0x33, 0x33, 0xcc, 0xcc, 0x33, 0x33, 0xcc,
        0xcc, 0x33, 0x33, 0xcc, 0xcc, 0x33, 0x33, 0xcc, 0xcc, 0x33, 0x33, 0xcc,
        0xcc, 0x33, 0x33, 0xcc, 0xcc, 0x33, 0x33, 0xcc, 0xcc, 0x33, 0x33, 0xcc,
        0xcc, 0x33, 0x33, 0xcc, 0xcc, 0x33, 0x33, 0xcc, 0x5a, 0x5a, 0x5a, 0x5a,
        0xa5, 0xa5, 0xa5, 0xa5, 0xa5, 0xa5, 0xa5, 0xa5, 0x5a, 0x5a, 0x5a, 0x5a,
        0x5a, 0x5a, 0x5a, 0x5a, 0xa5, 0xa5, 0xa5, 0xa5, 0xa5, 0xa5, 0xa5, 0xa5,
        0x5a, 0x5a, 0x5a, 0x5a, 0x5a, 0x5a, 0x5a, 0x5a, 0xa5, 0xa5, 0xa5, 0xa5,
        0xa5, 0xa5, 0xa5, 0xa5, 0x5a, 0x5a, 0x5a, 0x5a, 0x5a, 0x5a, 0x5a, 0x5a,
        0xa5, 0xa5, 0xa5, 0xa5, 0xa5, 0xa5, 0xa5, 0xa5, 0x5a, 0x5a, 0x5a, 0x5a,
        0x5a, 0x5a, 0x5a, 0x5a, 0xa5, 0xa5, 0xa5, 0xa5, 0xa5, 0xa5, 0xa5, 0xa5,
        0x5a, 0x5a, 0x5a, 0x5a, 0xc3, 0xc3, 0xc3, 0xc3, 0x3c, 0x3c, 0x3c, 0x3c,
        0xc3, 0xc3, 0xc3, 0xc3, 0x3c, 0x3c, 0x3c, 0x3c, 0xc3, 0xc3, 0xc3, 0xc3,
        0x3c, 0x3c, 0x3c, 0x3c, 0xc3, 0xc3, 0xc3, 0xc3, 0x3c, 0x3c, 0x3c, 0x3c,
        0xc3, 0xc3, 0xc3, 0xc3, 0x3c, 0x3c, 0x3c, 0x3c, 0xc3, 0xc3, 0xc3, 0xc3,
        0x3c, 0x3c, 0x3c, 0x3c, 0xc3, 0xc3, 0xc3, 0xc3, 0x3c, 0x3c, 0x3c, 0x3c,
        0xc3, 0xc3, 0xc3, 0xc3, 0x3c, 0x3c, 0x3c, 0x3c, 0xc3, 0xc3, 0xc3, 0xc3,
        0x3c, 0x3c, 0x3c, 0x3c, 0xc3, 0xc3, 0xc3, 0xc3, 0x3c, 0x3c, 0x3c, 0x3c,
        0x66, 0x66, 0x99, 0x99, 0x66, 0x66, 0x99, 0x99, 0x66, 0x66, 0x99, 0x99,
        0x66, 0x66, 0x99, 0x99, 0x66, 0x66, 0x99, 0x99, 0x66, 0x66, 0x99, 0x99,
        0x66, 0x66, 0x99, 0x99, 0x66, 0x66, 0x99, 0x99, 0x66, 0x66, 0x99, 0x99,
        0x66, 0x66, 0x99, 0x99, 0x66, 0x66, 0x99, 0x99, 0x66, 0x66, 0x99, 0x99,
        0x66, 0x66, 0x99, 0x99, 0x66, 0x66, 0x99, 0x99, 0x66, 0x66, 0x99, 0x99,
        0x66, 0x66, 0x99, 0x99, 0x66, 0x66, 0x99, 0x99, 0x66, 0x66, 0x99, 0x99,
        0x66, 0x66, 0x99, 0x99, 0x66, 0x66, 0x99, 0x99, 0x3c, 0x3c, 0x3c, 0x3c,
        0xc3, 0xc3, 0xc3, 0xc3, 0x3c, 0x3c, 0x3c, 0x3c, 0xc3, 0xc3, 0xc3, 0xc3,
        0x3c, 0x3c, 0x3c, 0x3c, 0xc3, 0xc3, 0xc3, 0xc3, 0x3c, 0x3c, 0x3c, 0x3c,
        0xc3, 0xc3, 0xc3, 0xc3, 0x3c, 0x3c, 0x3c, 0x3c, 0xc3, 0xc3, 0xc3, 0xc3,
        0x3c, 0x3c, 0x3c, 0x3c, 0xc3, 0xc3, 0xc3, 0xc3, 0x3c, 0x3c, 0x3c, 0x3c,
        0xc3, 0xc3, 0xc3, 0xc3, 0x3c, 0x3c, 0x3c, 0x3c, 0xc3, 0xc3, 0xc3, 0xc3,
        0x3c, 0x3c, 0x3c, 0x3c, 0xc3, 0xc3, 0xc3, 0xc3, 0x3c, 0x3c, 0x3c, 0x3c,
        0xc3, 0xc3, 0xc3, 0xc3, 0x00, 0xff, 0x00, 0xff, 0xff, 0x00, 0xff, 0x00,
        0xff, 0x00, 0xff, 0x00, 0x00, 0xff, 0x00, 0xff, 0x00, 0xff, 0x00, 0xff,
        0xff, 0x00, 0xff, 0x00, 0xff, 0x00, 0xff, 0x00, 0x00, 0xff, 0x00, 0xff,
        0x00, 0xff, 0x00, 0xff, 0xff, 0x00, 0xff, 0x00, 0xff, 0x00, 0xff, 0x00,
        0x00, 0xff, 0x00, 0xff, 0x00, 0xff, 0x00, 0xff, 0xff, 0x00, 0xff, 0x00,
        0xff, 0x00, 0xff, 0x00, 0x00, 0xff, 0x00, 0xff, 0x00, 0xff, 0x00, 0xff,
        0xff, 0x00, 0xff, 0x00, 0xff, 0x00, 0xff, 0x00, 0x00, 0xff, 0x00, 0xff,
        0x96, 0x69, 0x69, 0x96, 0x96, 0x69, 0x69, 0x96, 0x96, 0x69, 0x69, 0x96,
        0x96, 0x69, 0x69, 0x96, 0x96, 0x69, 0x69, 0x96, 0x96, 0x69, 0x69, 0x96,
        0x96, 0x69, 0x69, 0x96, 0x96, 0x69, 0x69, 0x96, 0x96, 0x69, 0x69, 0x96,
        0x96, 0x69, 0x69, 0x96, 0x96, 0x69, 0x69, 0x96, 0x96, 0x69, 0x69, 0x96,
        0x96, 0x69, 0x69, 0x96, 0x96, 0x69, 0x69, 0x96, 0x96, 0x69, 0x69, 0x96,
        0x96, 0x69, 0x69, 0x96, 0x96, 0x69, 0x69, 0x96, 0x96, 0x69, 0x69, 0x96,
        0x96, 0x69, 0x69, 0x96, 0x96, 0x69, 0x69, 0x96, 0x3c, 0xc3, 0xc3, 0x3c,
        0x3c, 0xc3, 0xc3, 0x3c, 0x3c, 0xc3, 0xc3, 0x3c, 0x3c, 0xc3, 0xc3, 0x3c,
        0x3c, 0xc3, 0xc3, 0x3c, 0x3c, 0xc3, 0xc3, 0x3c, 0x3c, 0xc3, 0xc3, 0x3c,
        0x3c, 0xc3, 0xc3, 0x3c, 0x3c, 0xc3, 0xc3, 0x3c, 0x3c, 0xc3, 0xc3, 0x3c,
        0x3c, 0xc3, 0xc3, 0x3c, 0x3c, 0xc3, 0xc3, 0x3c, 0x3c, 0xc3, 0xc3, 0x3c,
        0x3c, 0xc3, 0xc3, 0x3c, 0x3c, 0xc3, 0xc3, 0x3c, 0x3c, 0xc3, 0xc3, 0x3c,
        0x3c, 0xc3, 0xc3, 0x3c, 0x3c, 0xc3, 0xc3, 0x3c, 0x3c, 0xc3, 0xc3, 0x3c,
        0x3c, 0xc3, 0xc3, 0x3c, 0x69, 0x96, 0x69, 0x96, 0x96, 0x69, 0x96, 0x69,
        0x96, 0x69, 0x96, 0x69, 0x69, 0x96, 0x69, 0x96, 0x69, 0x96, 0x69, 0x96,
        0x96, 0x69, 0x96, 0x69, 0x96, 0x69, 0x96, 0x69, 0x69, 0x96, 0x69, 0x96,
        0x69, 0x96, 0x69, 0x96, 0x96, 0x69, 0x96, 0x69, 0x96, 0x69, 0x96, 0x69,
        0x69, 0x96, 0x69, 0x96, 0x69, 0x96, 0x69, 0x96, 0x96, 0x69, 0x96, 0x69,
        0x96, 0x69, 0x96, 0x69, 0x69, 0x96, 0x69, 0x96, 0x69, 0x96, 0x69, 0x96,
        0x96, 0x69, 0x96, 0x69, 0x96, 0x69, 0x96, 0x69, 0x69, 0x96, 0x69, 0x96,
        0xf0, 0x0f, 0xf0, 0x0f, 0x0f, 0xf0, 0x0f, 0xf0, 0x0f, 0xf0, 0x0f, 0xf0,
        0xf0, 0x0f, 0xf0, 0x0f, 0xf0, 0x0f, 0xf0, 0x0f, 0x0f, 0xf0, 0x0f, 0xf0,
        0x0f, 0xf0, 0x0f, 0xf0, 0xf0, 0x0f, 0xf0, 0x0f, 0xf0, 0x0f, 0xf0, 0x0f,
        0x0f, 0xf0, 0x0f, 0xf0, 0x0f, 0xf0, 0x0f, 0xf0, 0xf0, 0x0f, 0xf0, 0x0f,
        0xf0, 0x0f, 0xf0, 0x0f, 0x0f, 0xf0, 0x0f, 0xf0, 0x0f, 0xf0, 0x0f, 0xf0,
        0xf0, 0x0f, 0xf0, 0x0f, 0xf0, 0x0f, 0xf0, 0x0f, 0x0f, 0xf0, 0x0f, 0xf0,
        0x0f, 0xf0, 0x0f, 0xf0, 0xf0, 0x0f, 0xf0, 0x0f, 0x55, 0x55, 0x55, 0x55,
        0xaa, 0xaa, 0xaa, 0xaa, 0xaa, 0xaa, 0xaa, 0xaa, 0x55, 0x55, 0x55, 0x55,
        0x55, 0x55, 0x55, 0x55, 0xaa, 0xaa, 0xaa, 0xaa, 0xaa, 0xaa, 0xaa, 0xaa,
        0x55, 0x55, 0x55, 0x55, 0x55, 0x55, 0x55, 0x55, 0xaa, 0xaa, 0xaa, 0xaa,
        0xaa, 0xaa, 0xaa, 0xaa, 0x55, 0x55, 0x55, 0x55, 0x55, 0x55, 0x55, 0x55,
        0xaa, 0xaa, 0xaa, 0xaa, 0xaa, 0xaa, 0xaa, 0xaa, 0x55, 0x55, 0x55, 0x55,
        0x55, 0x55, 0x55, 0x55, 0xaa, 0xaa, 0xaa, 0xaa, 0xaa, 0xaa, 0xaa, 0xaa,
        0x55, 0x55, 0x55, 0x55, 0x99, 0x99, 0x66, 0x66, 0x99, 0x99, 0x66, 0x66,
        0x99, 0x99, 0x66, 0x66, 0x99, 0x99, 0x66, 0x66, 0x99, 0x99, 0x66, 0x66,
        0x99, 0x99, 0x66, 0x66, 0x99, 0x99, 0x66, 0x66, 0x99, 0x99, 0x66, 0x66,
        0x99, 0x99, 0x66, 0x66, 0x99, 0x99, 0x66, 0x66, 0x99, 0x99, 0x66, 0x66,
        0x99, 0x99, 0x66, 0x66, 0x99, 0x99, 0x66, 0x66, 0x99, 0x99, 0x66, 0x66,
        0x99, 0x99, 0x66, 0x66, 0x99, 0x99, 0x66, 0x66, 0x99, 0x99, 0x66, 0x66,
        0x99, 0x99, 0x66, 0x66, 0x99, 0x99, 0x66, 0x66, 0x99, 0x99, 0x66, 0x66,
        0xaa, 0xaa, 0x55, 0x55, 0x55, 0x55, 0xaa, 0xaa, 0x55, 0x55, 0xaa, 0xaa,
        0xaa, 0xaa, 0x55, 0x55, 0xaa, 0xaa, 0x55, 0x55, 0x55, 0x55, 0xaa, 0xaa,
        0x55, 0x55, 0xaa, 0xaa, 0xaa, 0xaa, 0x55, 0x55, 0xaa, 0xaa, 0x55, 0x55,
        0x55, 0x55, 0xaa, 0xaa, 0x55, 0x55, 0xaa, 0xaa, 0xaa, 0xaa, 0x55, 0x55,
        0xaa, 0xaa, 0x55, 0x55, 0x55, 0x55, 0xaa, 0xaa, 0x55, 0x55, 0xaa, 0xaa,
        0xaa, 0xaa, 0x55, 0x55, 0xaa, 0xaa, 0x55, 0x55, 0x55, 0x55, 0xaa, 0xaa,
        0x55, 0x55, 0xaa, 0xaa, 0xaa, 0xaa, 0x55, 0x55, 0x0f, 0xf0, 0x0f, 0xf0,
        0x0f, 0xf0, 0x0f, 0xf0, 0x0f, 0xf0, 0x0f, 0xf0, 0x0f, 0xf0, 0x0f, 0xf0,
        0x0f, 0xf0, 0x0f, 0xf0, 0x0f, 0xf0, 0x0f, 0xf0, 0x0f, 0xf0, 0x0f, 0xf0,
        0x0f, 0xf0, 0x0f, 0xf0, 0x0f, 0xf0, 0x0f, 0xf0, 0x0f, 0xf0, 0x0f, 0xf0,
        0x0f, 0xf0, 0x0f, 0xf0, 0x0f, 0xf0, 0x0f, 0xf0, 0x0f, 0xf0, 0x0f, 0xf0,
        0x0f, 0xf0, 0x0f, 0xf0, 0x0f, 0xf0, 0x0f, 0xf0, 0x0f, 0xf0, 0x0f, 0xf0,
        0x0f, 0xf0, 0x0f, 0xf0, 0x0f, 0xf0, 0x0f, 0xf0, 0x0f, 0xf0, 0x0f, 0xf0,
        0x0f, 0xf0, 0x0f, 0xf0, 0x66, 0x66, 0x99, 0x99, 0x99, 0x99, 0x66, 0x66,
        0x66, 0x66, 0x99, 0x99, 0x99, 0x99, 0x66, 0x66, 0x66, 0x66, 0x99, 0x99,
        0x99, 0x99, 0x66, 0x66, 0x66, 0x66, 0x99, 0x99, 0x99, 0x99, 0x66, 0x66,
        0x66, 0x66, 0x99, 0x99, 0x99, 0x99, 0x66, 0x66, 0x66, 0x66, 0x99, 0x99,
        0x99, 0x99, 0x66, 0x66, 0x66, 0x66, 0x99, 0x99, 0x99, 0x99, 0x66, 0x66,
        0x66, 0x66, 0x99, 0x99, 0x99, 0x99, 0x66, 0x66, 0x66, 0x66, 0x99, 0x99,
        0x99, 0x99, 0x66, 0x66, 0x66, 0x66, 0x99, 0x99, 0x99, 0x99, 0x66, 0x66,
        0xaa, 0x55, 0xaa, 0x55, 0xaa, 0x55, 0xaa, 0x55, 0x55, 0xaa, 0x55, 0xaa,
        0x55, 0xaa, 0x55, 0xaa, 0xaa, 0x55, 0xaa, 0x55, 0xaa, 0x55, 0xaa, 0x55,
        0x55, 0xaa, 0x55, 0xaa, 0x55, 0xaa, 0x55, 0xaa, 0xaa, 0x55, 0xaa, 0x55,
        0xaa, 0x55, 0xaa, 0x55, 0x55, 0xaa, 0x55, 0xaa, 0x55, 0xaa, 0x55, 0xaa,
        0xaa, 0x55, 0xaa, 0x55, 0xaa, 0x55, 0xaa, 0x55, 0x55, 0xaa, 0x55, 0xaa,
        0x55, 0xaa, 0x55, 0xaa, 0xaa, 0x55, 0xaa, 0x55, 0xaa, 0x55, 0xaa, 0x55,
        0x55, 0xaa, 0x55, 0xaa, 0x55, 0xaa, 0x55, 0xaa, 0xa5, 0xa5, 0x5a, 0x5a,
        0xa5, 0xa5, 0x5a, 0x5a, 0x5a, 0x5a, 0xa5, 0xa5, 0x5a, 0x5a, 0xa5, 0xa5,
        0xa5, 0xa5, 0x5a, 0x5a, 0xa5, 0xa5, 0x5a, 0x5a, 0x5a, 0x5a, 0xa5, 0xa5,
        0x5a, 0x5a, 0xa5, 0xa5, 0xa5, 0xa5, 0x5a, 0x5a, 0xa5, 0xa5, 0x5a, 0x5a,
        0x5a, 0x5a, 0xa5, 0xa5, 0x5a, 0x5a, 0xa5, 0xa5, 0xa5, 0xa5, 0x5a, 0x5a,
        0xa5, 0xa5, 0x5a, 0x5a, 0x5a, 0x5a, 0xa5, 0xa5, 0x5a, 0x5a, 0xa5, 0xa5,
        0xa5, 0xa5, 0x5a, 0x5a, 0xa5, 0xa5, 0x5a, 0x5a, 0x5a, 0x5a, 0xa5, 0xa5,
        0x5a, 0x5a, 0xa5, 0xa5, 0xf0, 0x0f, 0x0f, 0xf0, 0x0f, 0xf0, 0xf0, 0x0f,
        0x0f, 0xf0, 0xf0, 0x0f, 0xf0, 0x0f, 0x0f, 0xf0, 0xf0, 0x0f, 0x0f, 0xf0,
        0x0f, 0xf0, 0xf0, 0x0f, 0x0f, 0xf0, 0xf0, 0x0f, 0xf0, 0x0f, 0x0f, 0xf0,
        0xf0, 0x0f, 0x0f, 0xf0, 0x0f, 0xf0, 0xf0, 0x0f, 0x0f, 0xf0, 0xf0, 0x0f,
        0xf0, 0x0f, 0x0f, 0xf0, 0xf0, 0x0f, 0x0f, 0xf0, 0x0f, 0xf0, 0xf0, 0x0f,
        0x0f, 0xf0, 0xf0, 0x0f, 0xf0, 0x0f, 0x0f, 0xf0, 0xf0, 0x0f, 0x0f, 0xf0,
        0x0f, 0xf0, 0xf0, 0x0f, 0x0f, 0xf0, 0xf0, 0x0f, 0xf0, 0x0f, 0x0f, 0xf0,
        0xff, 0xff, 0xff, 0xff, 0xff, 0xff, 0xff, 0xff, 0xff, 0xff, 0xff, 0xff,
        0xff, 0xff, 0xff, 0xff, 0xff, 0xff, 0xff, 0xff, 0xff, 0xff, 0xff, 0xff,
        0xff, 0xff, 0xff, 0xff, 0xff, 0xff, 0xff, 0xff, 0xff, 0xff, 0xff, 0xff,
        0xff, 0xff, 0xff, 0xff, 0xff, 0xff, 0xff, 0xff, 0xff, 0xff, 0xff, 0xff,
        0xff, 0xff, 0xff, 0xff, 0xff, 0xff, 0xff, 0xff, 0xff, 0xff, 0xff, 0xff,
        0xff, 0xff, 0xff, 0xff, 0xff, 0xff, 0xff, 0xff, 0xff, 0xff, 0xff, 0xff,
        0xff, 0xff, 0xff, 0xff, 0xff, 0xff, 0xff, 0xff, 0x96, 0x69, 0x69, 0x96,
        0x96, 0x69, 0x69, 0x96, 0x69, 0x96, 0x96, 0x69, 0x69, 0x96, 0x96, 0x69,
        0x96, 0x69, 0x69, 0x96, 0x96, 0x69, 0x69, 0x96, 0x69, 0x96, 0x96, 0x69,
        0x69, 0x96, 0x96, 0x69, 0x96, 0x69, 0x69, 0x96, 0x96, 0x69, 0x69, 0x96,
        0x69, 0x96, 0x96, 0x69, 0x69, 0x96, 0x96, 0x69, 0x96, 0x69, 0x69, 0x96,
        0x96, 0x69, 0x69, 0x96, 0x69, 0x96, 0x96, 0x69, 0x69, 0x96, 0x96, 0x69,
        0x96, 0x69, 0x69, 0x96, 0x96, 0x69, 0x69, 0x96, 0x69, 0x96, 0x96, 0x69,
        0x69, 0x96, 0x96, 0x69, 0x96, 0x96, 0x96, 0x96, 0x96, 0x96, 0x96, 0x96,
        0x96, 0x96, 0x96, 0x96, 0x96, 0x96, 0x96, 0x96, 0x96, 0x96, 0x96, 0x96,
        0x96, 0x96, 0x96, 0x96, 0x96, 0x96, 0x96, 0x96, 0x96, 0x96, 0x96, 0x96,
        0x96, 0x96, 0x96, 0x96, 0x96, 0x96, 0x96, 0x96, 0x96, 0x96, 0x96, 0x96,
        0x96, 0x96, 0x96, 0x96, 0x96, 0x96, 0x96, 0x96, 0x96, 0x96, 0x96, 0x96,
        0x96, 0x96, 0x96, 0x96, 0x96, 0x96, 0x96, 0x96, 0x96, 0x96, 0x96, 0x96,
        0x96, 0x96, 0x96, 0x96, 0x96, 0x96, 0x96, 0x96, 0x96, 0x96, 0x96, 0x96,
        0xaa, 0xaa, 0x55, 0x55, 0x55, 0x55, 0xaa, 0xaa, 0xaa, 0xaa, 0x55, 0x55,
        0x55, 0x55, 0xaa, 0xaa, 0xaa, 0xaa, 0x55, 0x55, 0x55, 0x55, 0xaa, 0xaa,
        0xaa, 0xaa, 0x55, 0x55, 0x55, 0x55, 0xaa, 0xaa, 0xaa, 0xaa, 0x55, 0x55,
        0x55, 0x55, 0xaa, 0xaa, 0xaa, 0xaa, 0x55, 0x55, 0x55, 0x55, 0xaa, 0xaa,
        0xaa, 0xaa, 0x55, 0x55, 0x55, 0x55, 0xaa, 0xaa, 0xaa, 0xaa, 0x55, 0x55,
        0x55, 0x55, 0xaa, 0xaa, 0xaa, 0xaa, 0x55, 0x55, 0x55, 0x55, 0xaa, 0xaa,
        0xaa, 0xaa, 0x55, 0x55, 0x55, 0x55, 0xaa, 0xaa, 0xa5, 0x5a, 0x5a, 0xa5,
        0xa5, 0x5a, 0x5a, 0xa5, 0xa5, 0x5a, 0x5a, 0xa5, 0xa5, 0x5a, 0x5a, 0xa5,
        0xa5, 0x5a, 0x5a, 0xa5, 0xa5, 0x5a, 0x5a, 0xa5, 0xa5, 0x5a, 0x5a, 0xa5,
        0xa5, 0x5a, 0x5a, 0xa5, 0xa5, 0x5a, 0x5a, 0xa5, 0xa5, 0x5a, 0x5a, 0xa5,
        0xa5, 0x5a, 0x5a, 0xa5, 0xa5, 0x5a, 0x5a, 0xa5, 0xa5, 0x5a, 0x5a, 0xa5,
        0xa5, 0x5a, 0x5a, 0xa5, 0xa5, 0x5a, 0x5a, 0xa5, 0xa5, 0x5a, 0x5a, 0xa5,
        0xa5, 0x5a, 0x5a, 0xa5, 0xa5, 0x5a, 0x5a, 0xa5, 0xa5, 0x5a, 0x5a, 0xa5,
        0xa5, 0x5a, 0x5a, 0xa5, 0xf3, 0x1b, 0xd5, 0x39, 0x48, 0xa8, 0x66, 0x8a,
        0x7b, 0x93, 0x5d, 0xb1, 0xc0, 0x10, 0xfe, 0xf2, 0xe3, 0x2b, 0xc5, 0x49,
        0x58, 0x98, 0x76, 0x7a, 0x6b, 0xa3, 0x4d, 0xc1, 0xd0, 0x00, 0x0e, 0xe2,
        0xd3, 0x3b, 0xb5, 0x59, 0x68, 0x88, 0x86, 0x6a, 0x5b, 0xb3, 0x3d, 0xd1,
        0xe0, 0xf0, 0x1e, 0xd2, 0xc3, 0x4b, 0xa5, 0x69, 0x78, 0x78, 0x96, 0x5a,
        0x4b, 0xc3, 0x2d, 0xe1, 0xf0, 0xe0, 0x2e, 0xc2, 0xb3, 0x5b, 0x95, 0x79,
        0x88, 0x68, 0xa6, 0x4a, 0x3b, 0xd3, 0x1d, 0xf1, 0x00, 0xd0, 0x3e, 0xb2,
        0xcc, 0x33, 0xcc, 0x33, 0x33, 0xcc, 0x33, 0xcc, 0x33, 0xcc, 0x33, 0xcc,
        0xcc, 0x33, 0xcc, 0x33, 0xcc, 0x33, 0xcc, 0x33, 0x33, 0xcc, 0x33, 0xcc,
        0x33, 0xcc, 0x33, 0xcc, 0xcc, 0x33, 0xcc, 0x33, 0xcc, 0x33, 0xcc, 0x33,
        0x33, 0xcc, 0x33, 0xcc, 0x33, 0xcc, 0x33, 0xcc, 0xcc, 0x33, 0xcc, 0x33,
        0xcc, 0x33, 0xcc, 0x33, 0x33, 0xcc, 0x33, 0xcc, 0x33, 0xcc, 0x33, 0xcc,
        0xcc, 0x33, 0xcc, 0x33, 0xcc, 0x33, 0xcc, 0x33, 0x33, 0xcc, 0x33, 0xcc,
        0x33, 0xcc, 0x33, 0xcc, 0xcc, 0x33, 0xcc, 0x33, 0x33, 0xcc, 0x33, 0xcc,
        0x33, 0xcc, 0x33, 0xcc, 0xcc, 0x33, 0xcc, 0x33, 0xcc, 0x33, 0xcc, 0x33,
        0x33, 0xcc, 0x33, 0xcc, 0x33, 0xcc, 0x33, 0xcc, 0xcc, 0x33, 0xcc, 0x33,
        0xcc, 0x33, 0xcc, 0x33, 0x33, 0xcc, 0x33, 0xcc, 0x33, 0xcc, 0x33, 0xcc,
        0xcc, 0x33, 0xcc, 0x33, 0xcc, 0x33, 0xcc, 0x33, 0x33, 0xcc, 0x33, 0xcc,
        0x33, 0xcc, 0x33, 0xcc, 0xcc, 0x33, 0xcc, 0x33, 0xcc, 0x33, 0xcc, 0x33,
        0x33, 0xcc, 0x33, 0xcc, 0x33, 0xcc, 0x33, 0xcc, 0xcc, 0x33, 0xcc, 0x33,
        0xcc, 0x33, 0xcc, 0x33, 0xff, 0x00, 0x00, 0xff, 0xff, 0x00, 0x00, 0xff,
        0xff, 0x00, 0x00, 0xff, 0xff, 0x00, 0x00, 0xff, 0xff, 0x00, 0x00, 0xff,
        0xff, 0x00, 0x00, 0xff, 0xff, 0x00, 0x00, 0xff, 0xff, 0x00, 0x00, 0xff,
        0xff, 0x00, 0x00, 0xff, 0xff, 0x00, 0x00, 0xff, 0xff, 0x00, 0x00, 0xff,
        0xff, 0x00, 0x00, 0xff, 0xff, 0x00, 0x00, 0xff, 0xff, 0x00, 0x00, 0xff,
        0xff, 0x00, 0x00, 0xff, 0xff, 0x00, 0x00, 0xff, 0xff, 0x00, 0x00, 0xff,
        0xff, 0x00, 0x00, 0xff, 0xff, 0x00, 0x00, 0xff, 0xff, 0x00, 0x00, 0xff,
        0x5a, 0xa5, 0x5a, 0xa5, 0xa5, 0x5a, 0xa5, 0x5a, 0xa5, 0x5a, 0xa5, 0x5a,
        0x5a, 0xa5, 0x5a, 0xa5, 0x5a, 0xa5, 0x5a, 0xa5, 0xa5, 0x5a, 0xa5, 0x5a,
        0xa5, 0x5a, 0xa5, 0x5a, 0x5a, 0xa5, 0x5a, 0xa5, 0x5a, 0xa5, 0x5a, 0xa5,
        0xa5, 0x5a, 0xa5, 0x5a, 0xa5, 0x5a, 0xa5, 0x5a, 0x5a, 0xa5, 0x5a, 0xa5,
        0x5a, 0xa5, 0x5a, 0xa5, 0xa5, 0x5a, 0xa5, 0x5a, 0xa5, 0x5a, 0xa5, 0x5a,
        0x5a, 0xa5, 0x5a, 0xa5, 0x5a, 0xa5, 0x5a, 0xa5, 0xa5, 0x5a, 0xa5, 0x5a,
        0xa5, 0x5a, 0xa5, 0x5a, 0x5a, 0xa5, 0x5a, 0xa5, 0x69, 0x96, 0x69, 0x96,
        0x96, 0x69, 0x96, 0x69, 0x96, 0x69, 0x96, 0x69, 0x69, 0x96, 0x69, 0x96,
        0x69, 0x96, 0x69, 0x96, 0x96, 0x69, 0x96, 0x69, 0x96, 0x69, 0x96, 0x69,
        0x69, 0x96, 0x69, 0x96, 0x69, 0x96, 0x69, 0x96, 0x96, 0x69, 0x96, 0x69,
        0x96, 0x69, 0x96, 0x69, 0x69, 0x96, 0x69, 0x96, 0x69, 0x96, 0x69, 0x96,
        0x96, 0x69, 0x96, 0x69, 0x96, 0x69, 0x96, 0x69, 0x69, 0x96, 0x69, 0x96,
        0x69, 0x96, 0x69, 0x96, 0x96, 0x69, 0x96, 0x69, 0x96, 0x69, 0x96, 0x69,
        0x69, 0x96, 0x69, 0x96, 0x55, 0xaa, 0x55, 0xaa, 0x55, 0xaa, 0x55, 0xaa,
        0x55, 0xaa, 0x55, 0xaa, 0x55, 0xaa, 0x55, 0xaa, 0x55, 0xaa, 0x55, 0xaa,
        0x55, 0xaa, 0x55, 0xaa, 0x55, 0xaa, 0x55, 0xaa, 0x55, 0xaa, 0x55, 0xaa,
        0x55, 0xaa, 0x55, 0xaa, 0x55, 0xaa, 0x55, 0xaa, 0x55, 0xaa, 0x55, 0xaa,
        0x55, 0xaa, 0x55, 0xaa, 0x55, 0xaa, 0x55, 0xaa, 0x55, 0xaa, 0x55, 0xaa,
        0x55, 0xaa, 0x55, 0xaa, 0x55, 0xaa, 0x55, 0xaa, 0x55, 0xaa, 0x55, 0xaa,
        0x55, 0xaa, 0x55, 0xaa, 0x55, 0xaa, 0x55, 0xaa, 0x55, 0xaa, 0x55, 0xaa,
        0x00, 0xff, 0xff, 0x00, 0xff, 0x00, 0x00, 0xff, 0xff, 0x00, 0x00, 0xff,
        0x00, 0xff, 0xff, 0x00, 0x00, 0xff, 0xff, 0x00, 0xff, 0x00, 0x00, 0xff,
        0xff, 0x00, 0x00, 0xff, 0x00, 0xff, 0xff, 0x00, 0x00, 0xff, 0xff, 0x00,
        0xff, 0x00, 0x00, 0xff, 0xff, 0x00, 0x00, 0xff, 0x00, 0xff, 0xff, 0x00,
        0x00, 0xff, 0xff, 0x00, 0xff, 0x00, 0x00, 0xff, 0xff, 0x00, 0x00, 0xff,
        0x00, 0xff, 0xff, 0x00, 0x00, 0xff, 0xff, 0x00, 0xff, 0x00, 0x00, 0xff,
        0xff, 0x00, 0x00, 0xff, 0x00, 0xff, 0xff, 0x00, 0xaa, 0xaa, 0xaa, 0xaa,
        0x55, 0x55, 0x55, 0x55, 0x55, 0x55, 0x55, 0x55, 0xaa, 0xaa, 0xaa, 0xaa,
        0xaa, 0xaa, 0xaa, 0xaa, 0x55, 0x55, 0x55, 0x55, 0x55, 0x55, 0x55, 0x55,
        0xaa, 0xaa, 0xaa, 0xaa, 0xaa, 0xaa, 0xaa, 0xaa, 0x55, 0x55, 0x55, 0x55,
        0x55, 0x55, 0x55, 0x55, 0xaa, 0xaa, 0xaa, 0xaa, 0xaa, 0xaa, 0xaa, 0xaa,
        0x55, 0x55, 0x55, 0x55, 0x55, 0x55, 0x55, 0x55, 0xaa, 0xaa, 0xaa, 0xaa,
        0xaa, 0xaa, 0xaa, 0xaa, 0x55, 0x55, 0x55, 0x55, 0x55, 0x55, 0x55, 0x55,
        0xaa, 0xaa, 0xaa, 0xaa, 0x0f, 0x0f, 0x0f, 0x0f, 0xf0, 0xf0, 0xf0, 0xf0,
        0xf0, 0xf0, 0xf0, 0xf0, 0x0f, 0x0f, 0x0f, 0x0f, 0x0f, 0x0f, 0x0f, 0x0f,
        0xf0, 0xf0, 0xf0, 0xf0, 0xf0, 0xf0, 0xf0, 0xf0, 0x0f, 0x0f, 0x0f, 0x0f,
        0x0f, 0x0f, 0x0f, 0x0f, 0xf0, 0xf0, 0xf0, 0xf0, 0xf0, 0xf0, 0xf0, 0xf0,
        0x0f, 0x0f, 0x0f, 0x0f, 0x0f, 0x0f, 0x0f, 0x0f, 0xf0, 0xf0, 0xf0, 0xf0,
        0xf0, 0xf0, 0xf0, 0xf0, 0x0f, 0x0f, 0x0f, 0x0f, 0x0f, 0x0f, 0x0f, 0x0f,
        0xf0, 0xf0, 0xf0, 0xf0, 0xf0, 0xf0, 0xf0, 0xf0, 0x0f, 0x0f, 0x0f, 0x0f,
        0x66, 0x66, 0x99, 0x99, 0x99, 0x99, 0x66, 0x66, 0x99, 0x99, 0x66, 0x66,
        0x66, 0x66, 0x99, 0x99, 0x66, 0x66, 0x99, 0x99, 0x99, 0x99, 0x66, 0x66,
        0x99, 0x99, 0x66, 0x66, 0x66, 0x66, 0x99, 0x99, 0x66, 0x66, 0x99, 0x99,
        0x99, 0x99, 0x66, 0x66, 0x99, 0x99, 0x66, 0x66, 0x66, 0x66, 0x99, 0x99,
        0x66, 0x66, 0x99, 0x99, 0x99, 0x99, 0x66, 0x66, 0x99, 0x99, 0x66, 0x66,
        0x66, 0x66, 0x99, 0x99, 0x66, 0x66, 0x99, 0x99, 0x99, 0x99, 0x66, 0x66,
        0x99, 0x99, 0x66, 0x66, 0x66, 0x66, 0x99, 0x99, 0xaa, 0xaa, 0x55, 0x55,
        0x55, 0x55, 0xaa, 0xaa, 0x55, 0x55, 0xaa, 0xaa, 0xaa, 0xaa, 0x55, 0x55,
        0xaa, 0xaa, 0x55, 0x55, 0x55, 0x55, 0xaa, 0xaa, 0x55, 0x55, 0xaa, 0xaa,
        0xaa, 0xaa, 0x55, 0x55, 0xaa, 0xaa, 0x55, 0x55, 0x55, 0x55, 0xaa, 0xaa,
        0x55, 0x55, 0xaa, 0xaa, 0xaa, 0xaa, 0x55, 0x55, 0xaa, 0xaa, 0x55, 0x55,
        0x55, 0x55, 0xaa, 0xaa, 0x55, 0x55, 0xaa, 0xaa, 0xaa, 0xaa, 0x55, 0x55,
        0xaa, 0xaa, 0x55, 0x55, 0x55, 0x55, 0xaa, 0xaa, 0x55, 0x55, 0xaa, 0xaa,
        0xaa, 0xaa, 0x55, 0x55, 0xa5, 0xa5, 0x5a, 0x5a, 0xa5, 0xa5, 0x5a, 0x5a,
        0xa5, 0xa5, 0x5a, 0x5a, 0xa5, 0xa5, 0x5a, 0x5a, 0xa5, 0xa5, 0x5a, 0x5a,
        0xa5, 0xa5, 0x5a, 0x5a, 0xa5, 0xa5, 0x5a, 0x5a, 0xa5, 0xa5, 0x5a, 0x5a,
        0xa5, 0xa5, 0x5a, 0x5a, 0xa5, 0xa5, 0x5a, 0x5a, 0xa5, 0xa5, 0x5a, 0x5a,
        0xa5, 0xa5, 0x5a, 0x5a, 0xa5, 0xa5, 0x5a, 0x5a, 0xa5, 0xa5, 0x5a, 0x5a,
        0xa5, 0xa5, 0x5a, 0x5a, 0xa5, 0xa5, 0x5a, 0x5a, 0xa5, 0xa5, 0x5a, 0x5a,
        0xa5, 0xa5, 0x5a, 0x5a, 0xa5, 0xa5, 0x5a, 0x5a, 0xa5, 0xa5, 0x5a, 0x5a,
        0x5a, 0xa5, 0x5a, 0xa5, 0x5a, 0xa5, 0x5a, 0xa5, 0xa5, 0x5a, 0xa5, 0x5a,
        0xa5, 0x5a, 0xa5, 0x5a, 0x5a, 0xa5, 0x5a, 0xa5, 0x5a, 0xa5, 0x5a, 0xa5,
        0xa5, 0x5a, 0xa5, 0x5a, 0xa5, 0x5a, 0xa5, 0x5a, 0x5a, 0xa5, 0x5a, 0xa5,
        0x5a, 0xa5, 0x5a, 0xa5, 0xa5, 0x5a, 0xa5, 0x5a, 0xa5, 0x5a, 0xa5, 0x5a,
        0x5a, 0xa5, 0x5a, 0xa5, 0x5a, 0xa5, 0x5a, 0xa5, 0xa5, 0x5a, 0xa5, 0x5a,
        0xa5, 0x5a, 0xa5, 0x5a, 0x5a, 0xa5, 0x5a, 0xa5, 0x5a, 0xa5, 0x5a, 0xa5,
        0xa5, 0x5a, 0xa5, 0x5a, 0xa5, 0x5a, 0xa5, 0x5a, 0x3c, 0x3c, 0xc3, 0xc3,
        0xc3, 0xc3, 0x3c, 0x3c, 0x3c, 0x3c, 0xc3, 0xc3, 0xc3, 0xc3, 0x3c, 0x3c,
        0x3c, 0x3c, 0xc3, 0xc3, 0xc3, 0xc3, 0x3c, 0x3c, 0x3c, 0x3c, 0xc3, 0xc3,
        0xc3, 0xc3, 0x3c, 0x3c, 0x3c, 0x3c, 0xc3, 0xc3, 0xc3, 0xc3, 0x3c, 0x3c,
        0x3c, 0x3c, 0xc3, 0xc3, 0xc3, 0xc3, 0x3c, 0x3c, 0x3c, 0x3c, 0xc3, 0xc3,
        0xc3, 0xc3, 0x3c, 0x3c, 0x3c, 0x3c, 0xc3, 0xc3, 0xc3, 0xc3, 0x3c, 0x3c,
        0x3c, 0x3c, 0xc3, 0xc3, 0xc3, 0xc3, 0x3c, 0x3c, 0x3c, 0x3c, 0xc3, 0xc3,
        0xc3, 0xc3, 0x3c, 0x3c, 0xff, 0xff, 0x00, 0x00, 0xff, 0xff, 0x00, 0x00,
        0x00, 0x00, 0xff, 0xff, 0x00, 0x00, 0xff, 0xff, 0xff, 0xff, 0x00, 0x00,
        0xff, 0xff, 0x00, 0x00, 0x00, 0x00, 0xff, 0xff, 0x00, 0x00, 0xff, 0xff,
        0xff, 0xff, 0x00, 0x00, 0xff, 0xff, 0x00, 0x00, 0x00, 0x00, 0xff, 0xff,
        0x00, 0x00, 0xff, 0xff, 0xff, 0xff, 0x00, 0x00, 0xff, 0xff, 0x00, 0x00,
        0x00, 0x00, 0xff, 0xff, 0x00, 0x00, 0xff, 0xff, 0xff, 0xff, 0x00, 0x00,
        0xff, 0xff, 0x00, 0x00, 0x00, 0x00, 0xff, 0xff, 0x00, 0x00, 0xff, 0xff,
        0x4d, 0x5a, 0xd4, 0xc7, 0x09, 0xe6, 0x08, 0x3b, 0xd5, 0xa2, 0x4c, 0x7f,
        0x91, 0x6e, 0x80, 0xb3, 0x5d, 0x2a, 0xc4, 0xf7, 0x19, 0xf6, 0x38, 0x2b,
        0xa5, 0xb2, 0x7c, 0x6f, 0x61, 0x7e, 0xb0, 0xa3, 0x2d, 0x3a, 0xf4, 0xe7,
        0xe9, 0xc6, 0x28, 0x5b, 0xb5, 0x82, 0x6c, 0x9f, 0x71, 0x4e, 0xa0, 0xd3,
        0x3d, 0x0a, 0xe4, 0x17, 0xf9, 0xd6, 0x58, 0x4b, 0x85, 0x92, 0x9c, 0x8f,
        0x41, 0x5e, 0xd0, 0xc3, 0x0d, 0x1a, 0x14, 0x07, 0xc9, 0xa6, 0x48, 0x7b,
        0x95, 0x62, 0x8c, 0xbf, 0x51, 0x2e, 0xc0, 0xf3, 0x33, 0xcc, 0x33, 0xcc,
        0xcc, 0x33, 0xcc, 0x33, 0xcc, 0x33, 0xcc, 0x33, 0x33, 0xcc, 0x33, 0xcc,
        0x33, 0xcc, 0x33, 0xcc, 0xcc, 0x33, 0xcc, 0x33, 0xcc, 0x33, 0xcc, 0x33,
        0x33, 0xcc, 0x33, 0xcc, 0x33, 0xcc, 0x33, 0xcc, 0xcc, 0x33, 0xcc, 0x33,
        0xcc, 0x33, 0xcc, 0x33, 0x33, 0xcc, 0x33, 0xcc, 0x33, 0xcc, 0x33, 0xcc,
        0xcc, 0x33, 0xcc, 0x33, 0xcc, 0x33, 0xcc, 0x33, 0x33, 0xcc, 0x33, 0xcc,
        0x33, 0xcc, 0x33, 0xcc, 0xcc, 0x33, 0xcc, 0x33, 0xcc, 0x33, 0xcc, 0x33,
        0x33, 0xcc, 0x33, 0xcc, 0x3c, 0x3c, 0x3c, 0x3c, 0x3c, 0x3c, 0x3c, 0x3c,
        0xc3, 0xc3, 0xc3, 0xc3, 0xc3, 0xc3, 0xc3, 0xc3, 0x3c, 0x3c, 0x3c, 0x3c,
        0x3c, 0x3c, 0x3c, 0x3c, 0xc3, 0xc3, 0xc3, 0xc3, 0xc3, 0xc3, 0xc3, 0xc3,
        0x3c, 0x3c, 0x3c, 0x3c, 0x3c, 0x3c, 0x3c, 0x3c, 0xc3, 0xc3, 0xc3, 0xc3,
        0xc3, 0xc3, 0xc3, 0xc3, 0x3c, 0x3c, 0x3c, 0x3c, 0x3c, 0x3c, 0x3c, 0x3c,
        0xc3, 0xc3, 0xc3, 0xc3, 0xc3, 0xc3, 0xc3, 0xc3, 0x3c, 0x3c, 0x3c, 0x3c,
        0x3c, 0x3c, 0x3c, 0x3c, 0xc3, 0xc3, 0xc3, 0xc3, 0xc3, 0xc3, 0xc3, 0xc3,
        0x69, 0x69, 0x69, 0x69, 0x69, 0x69, 0x69, 0x69, 0x96, 0x96, 0x96, 0x96,
        0x96, 0x96, 0x96, 0x96, 0x69, 0x69, 0x69, 0x69, 0x69, 0x69, 0x69, 0x69,
        0x96, 0x96, 0x96, 0x96, 0x96, 0x96, 0x96, 0x96, 0x69, 0x69, 0x69, 0x69,
        0x69, 0x69, 0x69, 0x69, 0x96, 0x96, 0x96, 0x96, 0x96, 0x96, 0x96, 0x96,
        0x69, 0x69, 0x69, 0x69, 0x69, 0x69, 0x69, 0x69, 0x96, 0x96, 0x96, 0x96,
        0x96, 0x96, 0x96, 0x96, 0x69, 0x69, 0x69, 0x69, 0x69, 0x69, 0x69, 0x69,
        0x96, 0x96, 0x96, 0x96, 0x96, 0x96, 0x96, 0x96, 0xaa, 0x55, 0x55, 0xaa,
        0x55, 0xaa, 0xaa, 0x55, 0x55, 0xaa, 0xaa, 0x55, 0xaa, 0x55, 0x55, 0xaa,
        0xaa, 0x55, 0x55, 0xaa, 0x55, 0xaa, 0xaa, 0x55, 0x55, 0xaa, 0xaa, 0x55,
        0xaa, 0x55, 0x55, 0xaa, 0xaa, 0x55, 0x55, 0xaa, 0x55, 0xaa, 0xaa, 0x55,
        0x55, 0xaa, 0xaa, 0x55, 0xaa, 0x55, 0x55, 0xaa, 0xaa, 0x55, 0x55, 0xaa,
        0x55, 0xaa, 0xaa, 0x55, 0x55, 0xaa, 0xaa, 0x55, 0xaa, 0x55, 0x55, 0xaa,
        0xaa, 0x55, 0x55, 0xaa, 0x55, 0xaa, 0xaa, 0x55, 0x55, 0xaa, 0xaa, 0x55,
        0xaa, 0x55, 0x55, 0xaa, 0x96, 0x69, 0x96, 0x69, 0x69, 0x96, 0x69, 0x96,
        0x69, 0x96, 0x69, 0x96, 0x96, 0x69, 0x96, 0x69, 0x96, 0x69, 0x96, 0x69,
        0x69, 0x96, 0x69, 0x96, 0x69, 0x96, 0x69, 0x96, 0x96, 0x69, 0x96, 0x69,
        0x96, 0x69, 0x96, 0x69, 0x69, 0x96, 0x69, 0x96, 0x69, 0x96, 0x69, 0x96,
        0x96, 0x69, 0x96, 0x69, 0x96, 0x69, 0x96, 0x69, 0x69, 0x96, 0x69, 0x96,
        0x69, 0x96, 0x69, 0x96, 0x96, 0x69, 0x96, 0x69, 0x96, 0x69, 0x96, 0x69,
        0x69, 0x96, 0x69, 0x96, 0x69, 0x96, 0x69, 0x96, 0x96, 0x69, 0x96, 0x69,
        0x33, 0x33, 0x33, 0x33, 0xcc, 0xcc, 0xcc, 0xcc, 0x33, 0x33, 0x33, 0x33,
        0xcc, 0xcc, 0xcc, 0xcc, 0x33, 0x33, 0x33, 0x33, 0xcc, 0xcc, 0xcc, 0xcc,
        0x33, 0x33, 0x33, 0x33, 0xcc, 0xcc, 0xcc, 0xcc, 0x33, 0x33, 0x33, 0x33,
        0xcc, 0xcc, 0xcc, 0xcc, 0x33, 0x33, 0x33, 0x33, 0xcc, 0xcc, 0xcc, 0xcc,
        0x33, 0x33, 0x33, 0x33, 0xcc, 0xcc, 0xcc, 0xcc, 0x33, 0x33, 0x33, 0x33,
        0xcc, 0xcc, 0xcc, 0xcc, 0x33, 0x33, 0x33, 0x33, 0xcc, 0xcc, 0xcc, 0xcc,
        0x33, 0x33, 0x33, 0x33, 0xcc, 0xcc, 0xcc, 0xcc, 0x96, 0x96, 0x96, 0x96,
        0x69, 0x69, 0x69, 0x69, 0x69, 0x69, 0x69, 0x69, 0x96, 0x96, 0x96, 0x96,
        0x96, 0x96, 0x96, 0x96, 0x69, 0x69, 0x69, 0x69, 0x69, 0x69, 0x69, 0x69,
        0x96, 0x96, 0x96, 0x96, 0x96, 0x96, 0x96, 0x96, 0x69, 0x69, 0x69, 0x69,
        0x69, 0x69, 0x69, 0x69, 0x96, 0x96, 0x96, 0x96, 0x96, 0x96, 0x96, 0x96,
        0x69, 0x69, 0x69, 0x69, 0x69, 0x69, 0x69, 0x69, 0x96, 0x96, 0x96, 0x96,
        0x96, 0x96, 0x96, 0x96, 0x69, 0x69, 0x69, 0x69, 0x69, 0x69, 0x69, 0x69,
        0x96, 0x96, 0x96, 0x96, 0x69, 0x96, 0x69, 0x96, 0x69, 0x96, 0x69, 0x96,
        0x96, 0x69, 0x96, 0x69, 0x96, 0x69, 0x96, 0x69, 0x69, 0x96, 0x69, 0x96,
        0x69, 0x96, 0x69, 0x96, 0x96, 0x69, 0x96, 0x69, 0x96, 0x69, 0x96, 0x69,
        0x69, 0x96, 0x69, 0x96, 0x69, 0x96, 0x69, 0x96, 0x96, 0x69, 0x96, 0x69,
        0x96, 0x69, 0x96, 0x69, 0x69, 0x96, 0x69, 0x96, 0x69, 0x96, 0x69, 0x96,
        0x96, 0x69, 0x96, 0x69, 0x96, 0x69, 0x96, 0x69, 0x69, 0x96, 0x69, 0x96,
        0x69, 0x96, 0x69, 0x96, 0x96, 0x69, 0x96, 0x69, 0x96, 0x69, 0x96, 0x69
    },
    {
        0x00, 0xff, 0xff, 0x00, 0xff, 0x00, 0x00, 0xff, 0xff, 0x00, 0x00, 0xff,
        0x00, 0xff, 0xff, 0x00, 0x00, 0xff, 0xff, 0x00, 0xff, 0x00, 0x00, 0xff,
        0xff, 0x00, 0x00, 0xff, 0x00, 0xff, 0xff, 0x00, 0x00, 0xff, 0xff, 0x00,
        0xff, 0x00, 0x00, 0xff, 0xff, 0x00, 0x00, 0xff, 0x00, 0xff, 0xff, 0x00,
        0x00, 0xff, 0xff, 0x00, 0xff, 0x00, 0x00, 0xff, 0xff, 0x00, 0x00, 0xff,
        0x00, 0xff, 0xff, 0x00, 0x00, 0xff, 0xff, 0x00, 0xff, 0x00, 0x00, 0xff,
        0xff, 0x00, 0x00, 0xff, 0x00, 0xff, 0xff, 0x00, 0xaa, 0x55, 0xaa, 0x55,
        0x55, 0xaa, 0x55, 0xaa, 0x55, 0xaa, 0x55, 0xaa, 0xaa, 0x55, 0xaa, 0x55,
        0xaa, 0x55, 0xaa, 0x55, 0x55, 0xaa, 0x55, 0xaa, 0x55, 0xaa, 0x55, 0xaa,
        0xaa, 0x55, 0xaa, 0x55, 0xaa, 0x55, 0xaa, 0x55, 0x55, 0xaa, 0x55, 0xaa,
        0x55, 0xaa, 0x55, 0xaa, 0xaa, 0x55, 0xaa, 0x55, 0xaa, 0x55, 0xaa, 0x55,
        0x55, 0xaa, 0x55, 0xaa, 0x55, 0xaa, 0x55, 0xaa, 0xaa, 0x55, 0xaa, 0x55,
        0xaa, 0x55, 0xaa, 0x55, 0x55, 0xaa, 0x55, 0xaa, 0x55, 0xaa, 0x55, 0xaa,
        0xaa, 0x55, 0xaa, 0x55, 0x33, 0x33, 0xcc, 0xcc, 0x33, 0x33, 0xcc, 0xcc,
        0x33, 0x33, 0xcc, 0xcc, 0x33, 0x33, 0xcc, 0xcc, 0x33, 0x33, 0xcc, 0xcc,
        0x33, 0x33, 0xcc, 0xcc, 0x33, 0x33, 0xcc, 0xcc, 0x33, 0x33, 0xcc, 0xcc,
        0x33, 0x33, 0xcc, 0xcc, 0x33, 0x33, 0xcc, 0xcc, 0x33, 0x33, 0xcc, 0xcc,
        0x33, 0x33, 0xcc, 0xcc, 0x33, 0x33, 0xcc, 0xcc, 0x33, 0x33, 0xcc, 0xcc,
        0x33, 0x33, 0xcc, 0xcc, 0x33, 0x33, 0xcc, 0xcc, 0x33, 0x33, 0xcc, 0xcc,
        0x33, 0x33, 0xcc, 0xcc, 0x33, 0x33, 0xcc, 0xcc, 0x33, 0x33, 0xcc, 0xcc,
        0xcc, 0x33, 0xcc, 0x33, 0x33, 0xcc, 0x33, 0xcc, 0x33, 0xcc, 0x33, 0xcc,
        0xcc, 0x33, 0xcc, 0x33, 0xcc, 0x33, 0xcc, 0x33, 0x33, 0xcc, 0x33, 0xcc,
        0x33, 0xcc, 0x33, 0xcc, 0xcc, 0x33, 0xcc, 0x33, 0xcc, 0x33, 0xcc, 0x33,
        0x33, 0xcc, 0x33, 0xcc, 0x33, 0xcc, 0x33, 0xcc, 0xcc, 0x33, 0xcc, 0x33,
        0xcc, 0x33, 0xcc, 0x33, 0x33, 0xcc, 0x33, 0xcc, 0x33, 0xcc, 0x33, 0xcc,
        0xcc, 0x33, 0xcc, 0x33, 0xcc, 0x33, 0xcc, 0x33, 0x33, 0xcc, 0x33, 0xcc,
        0x33, 0xcc, 0x33, 0xcc, 0xcc, 0x33, 0xcc, 0x33, 0x00, 0x00, 0x00, 0x00,
        0x00, 0x00, 0x00, 0x00, 0x00, 0x00, 0x00, 0x00, 0x00, 0x00, 0x00, 0x00,
        0x00, 0x00, 0x00, 0x00, 0x00, 0x00, 0x00, 0x00, 0x00, 0x00, 0x00, 0x00,
        0x00, 0x00, 0x00, 0x00, 0x00, 0x00, 0x00, 0x00, 0x00, 0x00, 0x00, 0x00,
        0x00, 0x00, 0x00, 0x00, 0x00, 0x00, 0x00, 0x00, 0x00, 0x00, 0x00, 0x00,
        0x00, 0x00, 0x00, 0x00, 0x00, 0x00, 0x00, 0x00, 0x00, 0x00, 0x00, 0x00,
        0x00, 0x00, 0x00, 0x00, 0x00, 0x00, 0x00, 0x00, 0x00, 0x00, 0x00, 0x00,
        0x00, 0x00, 0x00, 0x00, 0x0f, 0xf0, 0x0f, 0xf0, 0x0f, 0xf0, 0x0f, 0xf0,
        0x0f, 0xf0, 0x0f, 0xf0, 0x0f, 0xf0, 0x0f, 0xf0, 0x0f, 0xf0, 0x0f, 0xf0,
        0x0f, 0xf0, 0x0f, 0xf0, 0x0f, 0xf0, 0x0f, 0xf0, 0x0f, 0xf0, 0x0f, 0xf0,
        0x0f, 0xf0, 0x0f, 0xf0, 0x0f, 0xf0, 0x0f, 0xf0, 0x0f, 0xf0, 0x0f, 0xf0,
        0x0f, 0xf0, 0x0f, 0xf0, 0x0f, 0xf0, 0x0f, 0xf0, 0x0f, 0xf0, 0x0f, 0xf0,
        0x0f, 0xf0, 0x0f, 0xf0, 0x0f, 0xf0, 0x0f, 0xf0, 0x0f, 0xf0, 0x0f, 0xf0,
        0x0f, 0xf0, 0x0f, 0xf0, 0x0f, 0xf0, 0x0f, 0xf0, 0x0f, 0xf0, 0x0f, 0xf0,
        0xff, 0xff, 0xff, 0xff, 0x00, 0x00, 0x00, 0x00, 0xff, 0xff, 0xff, 0xff,
        0x00, 0x00, 0x00, 0x00, 0xff, 0xff, 0xff, 0xff, 0x00, 0x00, 0x00, 0x00,
        0xff, 0xff, 0xff, 0xff, 0x00, 0x00, 0x00, 0x00, 0xff, 0xff, 0xff, 0xff,
        0x00, 0x00, 0x00, 0x00, 0xff, 0xff, 0xff, 0xff, 0x00, 0x00, 0x00, 0x00,
        0xff, 0xff, 0xff, 0xff, 0x00, 0x00, 0x00, 0x00, 0xff, 0xff, 0xff, 0xff,
        0x00, 0x00, 0x00, 0x00, 0xff, 0xff, 0xff, 0xff, 0x00, 0x00, 0x00, 0x00,
        0xff, 0xff, 0xff, 0xff, 0x00, 0x00, 0x00, 0x00, 0x99, 0x66, 0x99, 0x66,
        0x99, 0x66, 0x99, 0x66, 0x99, 0x66, 0x99, 0x66, 0x99, 0x66, 0x99, 0x66,
        0x99, 0x66, 0x99, 0x66, 0x99, 0x66, 0x99, 0x66, 0x99, 0x66, 0x99, 0x66,
        0x99, 0x66, 0x99, 0x66, 0x99, 0x66, 0x99, 0x66, 0x99, 0x66, 0x99, 0x66,
        0x99, 0x66, 0x99, 0x66, 0x99, 0x66, 0x99, 0x66, 0x99, 0x66, 0x99, 0x66,
        0x99, 0x66, 0x99, 0x66, 0x99, 0x66, 0x99, 0x66, 0x99, 0x66, 0x99, 0x66,
        0x99, 0x66, 0x99, 0x66, 0x99, 0x66, 0x99, 0x66, 0x99, 0x66, 0x99, 0x66,
        0x99, 0x66, 0x99, 0x66, 0x66, 0x66, 0x66, 0x66, 0x66, 0x66, 0x66, 0x66,
        0x66, 0x66, 0x66, 0x66, 0x66, 0x66, 0x66, 0x66, 0x66, 0x66, 0x66, 0x66,
        0x66, 0x66, 0x66, 0x66, 0x66, 0x66, 0x66, 0x66, 0x66, 0x66, 0x66, 0x66,
        0x66, 0x66, 0x66, 0x66, 0x66, 0x66, 0x66, 0x66, 0x66, 0x66, 0x66, 0x66,
        0x66, 0x66, 0x66, 0x66, 0x66, 0x66, 0x66, 0x66, 0x66, 0x66, 0x66, 0x66,
        0x66, 0x66, 0x66, 0x66, 0x66, 0x66, 0x66, 0x66, 0x66, 0x66, 0x66, 0x66,
        0x66, 0x66, 0x66, 0x66, 0x66, 0x66, 0x66, 0x66, 0x66, 0x66, 0x66, 0x66,
        0x00, 0xff, 0x00, 0xff, 0xff, 0x00, 0xff, 0x00, 0xff, 0x00, 0xff, 0x00,
        0x00, 0xff, 0x00, 0xff, 0x00, 0xff, 0x00, 0xff, 0xff, 0x00, 0xff, 0x00,
        0xff, 0x00, 0xff, 0x00, 0x00, 0xff, 0x00, 0xff, 0x00, 0xff, 0x00, 0xff,
        0xff, 0x00, 0xff, 0x00, 0xff, 0x00, 0xff, 0x00, 0x00, 0xff, 0x00, 0xff,
        0x00, 0xff, 0x00, 0xff, 0xff, 0x00, 0xff, 0x00, 0xff, 0x00, 0xff, 0x00,
        0x00, 0xff, 0x00, 0xff, 0x00, 0xff, 0x00, 0xff, 0xff, 0x00, 0xff, 0x00,
        0xff, 0x00, 0xff, 0x00, 0x00, 0xff, 0x00, 0xff, 0xaa, 0xaa, 0x55, 0x55,
        0x55, 0x55, 0xaa, 0xaa, 0x55, 0x55, 0xaa, 0xaa, 0xaa, 0xaa, 0x55, 0x55,
        0xaa, 0xaa, 0x55, 0x55, 0x55, 0x55, 0xaa, 0xaa, 0x55, 0x55, 0xaa, 0xaa,
        0xaa, 0xaa, 0x55, 0x55, 0xaa, 0xaa, 0x55, 0x55, 0x55, 0x55, 0xaa, 0xaa,
        0x55, 0x55, 0xaa, 0xaa, 0xaa, 0xaa, 0x55, 0x55, 0xaa, 0xaa, 0x55, 0x55,
        0x55, 0x55, 0xaa, 0xaa, 0x55, 0x55, 0xaa, 0xaa, 0xaa, 0xaa, 0x55, 0x55,
        0xaa, 0xaa, 0x55, 0x55, 0x55, 0x55, 0xaa, 0xaa, 0x55, 0x55, 0xaa, 0xaa,
        0xaa, 0xaa, 0x55, 0x55, 0xa5, 0x5a, 0xa5, 0x5a, 0xa5, 0x5a, 0xa5, 0x5a,
        0xa5, 0x5a, 0xa5, 0x5a, 0xa5, 0x5a, 0xa5, 0x5a, 0xa5, 0x5a, 0xa5, 0x5a,
        0xa5, 0x5a, 0xa5, 0x5a, 0xa5, 0x5a, 0xa5, 0x5a, 0xa5, 0x5a, 0xa5, 0x5a,
        0xa5, 0x5a, 0xa5, 0x5a, 0xa5, 0x5a, 0xa5, 0x5a, 0xa5, 0x5a, 0xa5, 0x5a,
        0xa5, 0x5a, 0xa5, 0x5a, 0xa5, 0x5a, 0xa5, 0x5a, 0xa5, 0x5a, 0xa5, 0x5a,
        0xa5, 0x5a, 0xa5, 0x5a, 0xa5, 0x5a, 0xa5, 0x5a, 0xa5, 0x5a, 0xa5, 0x5a,
        0xa5, 0x5a, 0xa5, 0x5a, 0xa5, 0x5a, 0xa5, 0x5a, 0xa5, 0x5a, 0xa5, 0x5a,
        0x3c, 0xc3, 0xc3, 0x3c, 0x3c, 0xc3, 0xc3, 0x3c, 0x3c, 0xc3, 0xc3, 0x3c,
        0x3c, 0xc3, 0xc3, 0x3c, 0x3c, 0xc3, 0xc3, 0x3c, 0x3c, 0xc3, 0xc3, 0x3c,
        0x3c, 0xc3, 0xc3, 0x3c, 0x3c, 0xc3, 0xc3, 0x3c, 0x3c, 0xc3, 0xc3, 0x3c,
        0x3c, 0xc3, 0xc3, 0x3c, 0x3c, 0xc3, 0xc3, 0x3c, 0x3c, 0xc3, 0xc3, 0x3c,
        0x3c, 0xc3, 0xc3, 0x3c, 0x3c, 0xc3, 0xc3, 0x3c, 0x3c, 0xc3, 0xc3, 0x3c,
        0x3c, 0xc3, 0xc3, 0x3c, 0x3c, 0xc3, 0xc3, 0x3c, 0x3c, 0xc3, 0xc3, 0x3c,
        0x3c, 0xc3, 0xc3, 0x3c, 0x3c, 0xc3, 0xc3, 0x3c, 0xc3, 0xc3, 0x3c, 0x3c,
        0xc3, 0xc3, 0x3c, 0x3c, 0x3c, 0x3c, 0xc3, 0xc3, 0x3c, 0x3c, 0xc3, 0xc3,
        0xc3, 0xc3, 0x3c, 0x3c, 0xc3, 0xc3, 0x3c, 0x3c, 0x3c, 0x3c, 0xc3, 0xc3,
        0x3c, 0x3c, 0xc3, 0xc3, 0xc3, 0xc3, 0x3c, 0x3c, 0xc3, 0xc3, 0x3c, 0x3c,
        0x3c, 0x3c, 0xc3, 0xc3, 0x3c, 0x3c, 0xc3, 0xc3, 0xc3, 0xc3, 0x3c, 0x3c,
        0xc3, 0xc3, 0x3c, 0x3c, 0x3c, 0x3c, 0xc3, 0xc3, 0x3c, 0x3c, 0xc3, 0xc3,
        0xc3, 0xc3, 0x3c, 0x3c, 0xc3, 0xc3, 0x3c, 0x3c, 0x3c, 0x3c, 0xc3, 0xc3,
        0x3c, 0x3c, 0xc3, 0xc3, 0xff, 0x00, 0x00, 0xff, 0xff, 0x00, 0x00, 0xff,
        0xff, 0x00, 0x00, 0xff, 0xff, 0x00, 0x00, 0xff, 0xff, 0x00, 0x00, 0xff,
        0xff, 0x00, 0x00, 0xff, 0xff, 0x00, 0x00, 0xff, 0xff, 0x00, 0x00, 0xff,
        0xff, 0x00, 0x00, 0xff, 0xff, 0x00, 0x00, 0xff, 0xff, 0x00, 0x00, 0xff,
        0xff, 0x00, 0x00, 0xff, 0xff, 0x00, 0x00, 0xff, 0xff, 0x00, 0x00, 0xff,
        0xff, 0x00, 0x00, 0xff, 0xff, 0x00, 0x00, 0xff, 0xff, 0x00, 0x00, 0xff,
        0xff, 0x00, 0x00, 0xff, 0xff, 0x00, 0x00, 0xff, 0xff, 0x00, 0x00, 0xff,
        0xf0, 0x0f, 0xf0, 0x0f, 0x0f, 0xf0, 0x0f, 0xf0, 0x0f, 0xf0, 0x0f, 0xf0,
        0xf0, 0x0f, 0xf0, 0x0f, 0xf0, 0x0f, 0xf0, 0x0f, 0x0f, 0xf0, 0x0f, 0xf0,
        0x0f, 0xf0, 0x0f, 0xf0, 0xf0, 0x0f, 0xf0, 0x0f, 0xf0, 0x0f, 0xf0, 0x0f,
        0x0f, 0xf0, 0x0f, 0xf0, 0x0f, 0xf0, 0x0f, 0xf0, 0xf0, 0x0f, 0xf0, 0x0f,
        0xf0, 0x0f, 0xf0, 0x0f, 0x0f, 0xf0, 0x0f, 0xf0, 0x0f, 0xf0, 0x0f, 0xf0,
        0xf0, 0x0f, 0xf0, 0x0f, 0xf0, 0x0f, 0xf0, 0x0f, 0x0f, 0xf0, 0x0f, 0xf0,
        0x0f, 0xf0, 0x0f, 0xf0, 0xf0, 0x0f, 0xf0, 0x0f, 0x3c, 0x3c, 0xc3, 0xc3,
        0x3c, 0x3c, 0xc3, 0xc3, 0x3c, 0x3c, 0xc3, 0xc3, 0x3c, 0x3c, 0xc3, 0xc3,
        0x3c, 0x3c, 0xc3, 0xc3, 0x3c, 0x3c, 0xc3, 0xc3, 0x3c, 0x3c, 0xc3, 0xc3,
        0x3c, 0x3c, 0xc3, 0xc3, 0x3c, 0x3c, 0xc3, 0xc3, 0x3c, 0x3c, 0xc3, 0xc3,
        0x3c, 0x3c, 0xc3, 0xc3, 0x3c, 0x3c, 0xc3, 0xc3, 0x3c, 0x3c, 0xc3, 0xc3,
        0x3c, 0x3c, 0xc3, 0xc3, 0x3c, 0x3c, 0xc3, 0xc3, 0x3c, 0x3c, 0xc3, 0xc3,
        0x3c, 0x3c, 0xc3, 0xc3, 0x3c, 0x3c, 0xc3, 0xc3, 0x3c, 0x3c, 0xc3, 0xc3,
        0x3c, 0x3c, 0xc3, 0xc3, 0x66, 0x99, 0x66, 0x99, 0x99, 0x66, 0x99, 0x66,
        0x99, 0x66, 0x99, 0x66, 0x66, 0x99, 0x66, 0x99, 0x66, 0x99, 0x66, 0x99,
        0x99, 0x66, 0x99, 0x66, 0x99, 0x66, 0x99, 0x66, 0x66, 0x99, 0x66, 0x99,
        0x66, 0x99, 0x66, 0x99, 0x99, 0x66, 0x99, 0x66, 0x99, 0x66, 0x99, 0x66,
        0x66, 0x99, 0x66, 0x99, 0x66, 0x99, 0x66, 0x99, 0x99, 0x66, 0x99, 0x66,
        0x99, 0x66, 0x99, 0x66, 0x66, 0x99, 0x66, 0x99, 0x66, 0x99, 0x66, 0x99,
        0x99, 0x66, 0x99, 0x66, 0x99, 0x66, 0x99, 0x66, 0x66, 0x99, 0x66, 0x99,
        0xa5, 0x5a, 0x5a, 0xa5, 0x5a, 0xa5, 0xa5, 0x5a, 0x5a, 0xa5, 0xa5, 0x5a,
        0xa5, 0x5a, 0x5a, 0xa5, 0xa5, 0x5a, 0x5a, 0xa5, 0x5a, 0xa5, 0xa5, 0x5a,
        0x5a, 0xa5, 0xa5, 0x5a, 0xa5, 0x5a, 0x5a, 0xa5, 0xa5, 0x5a, 0x5a, 0xa5,
        0x5a, 0xa5, 0xa5, 0x5a, 0x5a, 0xa5, 0xa5, 0x5a, 0xa5, 0x5a, 0x5a, 0xa5,
        0xa5, 0x5a, 0x5a, 0xa5, 0x5a, 0xa5, 0xa5, 0x5a, 0x5a, 0xa5, 0xa5, 0x5a,
        0xa5, 0x5a, 0x5a, 0xa5, 0xa5, 0x5a, 0x5a, 0xa5, 0x5a, 0xa5, 0xa5, 0x5a,
        0x5a, 0xa5, 0xa5, 0x5a, 0xa5, 0x5a, 0x5a, 0xa5, 0x99, 0x99, 0x99, 0x99,
        0x99, 0x99, 0x99, 0x99, 0x66, 0x66, 0x66, 0x66, 0x66, 0x66, 0x66, 0x66,
        0x99, 0x99, 0x99, 0x99, 0x99, 0x99, 0x99, 0x99, 0x66, 0x66, 0x66, 0x66,
        0x66, 0x66, 0x66, 0x66, 0x99, 0x99, 0x99, 0x99, 0x99, 0x99, 0x99, 0x99,
        0x66, 0x66, 0x66, 0x66, 0x66, 0x66, 0x66, 0x66, 0x99, 0x99, 0x99, 0x99,
        0x99, 0x99, 0x99, 0x99, 0x66, 0x66, 0x66, 0x66, 0x66, 0x66, 0x66, 0x66,
        0x99, 0x99, 0x99, 0x99, 0x99, 0x99, 0x99, 0x99, 0x66, 0x66, 0x66, 0x66,
        0x66, 0x66, 0x66, 0x66, 0xaa, 0x55, 0x55, 0xaa, 0x55, 0xaa, 0xaa, 0x55,
        0xaa, 0x55, 0x55, 0xaa, 0x55, 0xaa, 0xaa, 0x55, 0xaa, 0x55, 0x55, 0xaa,
        0x55, 0xaa, 0xaa, 0x55, 0xaa, 0x55, 0x55, 0xaa, 0x55, 0xaa, 0xaa, 0x55,
        0xaa, 0x55, 0x55, 0xaa, 0x55, 0xaa, 0xaa, 0x55, 0xaa, 0x55, 0x55, 0xaa,
        0x55, 0xaa, 0xaa, 0x55, 0xaa, 0x55, 0x55, 0xaa, 0x55, 0xaa, 0xaa, 0x55,
        0xaa, 0x55, 0x55, 0xaa, 0x55, 0xaa, 0xaa, 0x55, 0xaa, 0x55, 0x55, 0xaa,
        0x55, 0xaa, 0xaa, 0x55, 0xaa, 0x55, 0x55, 0xaa, 0x55, 0xaa, 0xaa, 0x55,
        0x66, 0x99, 0x66, 0x99, 0x66, 0x99, 0x66, 0x99, 0x66, 0x99, 0x66, 0x99,
        0x66, 0x99, 0x66, 0x99, 0x66, 0x99, 0x66, 0x99, 0x66, 0x99, 0x66, 0x99,
        0x66, 0x99, 0x66, 0x99, 0x66, 0x99, 0x66, 0x99, 0x66, 0x99, 0x66, 0x99,
        0x66, 0x99, 0x66, 0x99, 0x66, 0x99, 0x66, 0x99, 0x66, 0x99, 0x66, 0x99,
        0x66, 0x99, 0x66, 0x99, 0x66, 0x99, 0x66, 0x99, 0x66, 0x99, 0x66, 0x99,
        0x66, 0x99, 0x66, 0x99, 0x66, 0x99, 0x66, 0x99, 0x66, 0x99, 0x66, 0x99,
        0x66, 0x99, 0x66, 0x99, 0x66, 0x99, 0x66, 0x99, 0x33, 0x33, 0x33, 0x33,
        0xcc, 0xcc, 0xcc, 0xcc, 0xcc, 0xcc, 0xcc, 0xcc, 0x33, 0x33, 0x33, 0x33,
        0x33, 0x33, 0x33, 0x33, 0xcc, 0xcc, 0xcc, 0xcc, 0xcc, 0xcc, 0xcc, 0xcc,
        0x33, 0x33, 0x33, 0x33, 0x33, 0x33, 0x33, 0x33, 0xcc, 0xcc, 0xcc, 0xcc,
        0xcc, 0xcc, 0xcc, 0xcc, 0x33, 0x33, 0x33, 0x33, 0x33, 0x33, 0x33, 0x33,
        0xcc, 0xcc, 0xcc, 0xcc, 0xcc, 0xcc, 0xcc, 0xcc, 0x33, 0x33, 0x33, 0x33,
        0x33, 0x33, 0x33, 0x33, 0xcc, 0xcc, 0xcc, 0xcc, 0xcc, 0xcc, 0xcc, 0xcc,
        0x33, 0x33, 0x33, 0x33, 0xc3, 0x3c, 0x3c, 0xc3, 0xc3, 0x3c, 0x3c, 0xc3,
        0xc3, 0x3c, 0x3c, 0xc3, 0xc3, 0x3c, 0x3c, 0xc3, 0xc3, 0x3c, 0x3c, 0xc3,
        0xc3, 0x3c, 0x3c, 0xc3, 0xc3, 0x3c, 0x3c, 0xc3, 0xc3, 0x3c, 0x3c, 0xc3,
        0xc3, 0x3c, 0x3c, 0xc3, 0xc3, 0x3c, 0x3c, 0xc3, 0xc3, 0x3c, 0x3c, 0xc3,
        0xc3, 0x3c, 0x3c, 0xc3, 0xc3, 0x3c, 0x3c, 0xc3, 0xc3, 0x3c, 0x3c, 0xc3,
        0xc3, 0x3c, 0x3c, 0xc3, 0xc3, 0x3c, 0x3c, 0xc3, 0xc3, 0x3c, 0x3c, 0xc3,
        0xc3, 0x3c, 0x3c, 0xc3, 0xc3, 0x3c, 0x3c, 0xc3, 0xc3, 0x3c, 0x3c, 0xc3,
        0x66, 0x99, 0x99, 0x66, 0x99, 0x66, 0x66, 0x99, 0x99, 0x66, 0x66, 0x99,
        0x66, 0x99, 0x99, 0x66, 0x66, 0x99, 0x99, 0x66, 0x99, 0x66, 0x66, 0x99,
        0x99, 0x66, 0x66, 0x99, 0x66, 0x99, 0x99, 0x66, 0x66, 0x99, 0x99, 0x66,
        0x99, 0x66, 0x66, 0x99, 0x99, 0x66, 0x66, 0x99, 0x66, 0x99, 0x99, 0x66,
        0x66, 0x99, 0x99, 0x66, 0x99, 0x66, 0x66, 0x99, 0x99, 0x66, 0x66, 0x99,
        0x66, 0x99, 0x99, 0x66, 0x66, 0x99, 0x99, 0x66, 0x99, 0x66, 0x66, 0x99,
        0x99, 0x66, 0x66, 0x99, 0x66, 0x99, 0x99, 0x66, 0xf0, 0x0f, 0xf0, 0x0f,
        0xf0, 0x0f, 0xf0, 0x0f, 0xf0, 0x0f, 0xf0, 0x0f, 0xf0, 0x0f, 0xf0, 0x0f,
        0xf0, 0x0f, 0xf0, 0x0f, 0xf0, 0x0f, 0xf0, 0x0f, 0xf0, 0x0f, 0xf0, 0x0f,
        0xf0, 0x0f, 0xf0, 0x0f, 0xf0, 0x0f, 0xf0, 0x0f, 0xf0, 0x0f, 0xf0, 0x0f,
        0xf0, 0x0f, 0xf0, 0x0f, 0xf0, 0x0f, 0xf0, 0x0f, 0xf0, 0x0f, 0xf0, 0x0f,
        0xf0, 0x0f, 0xf0, 0x0f, 0xf0, 0x0f, 0xf0, 0x0f, 0xf0, 0x0f, 0xf0, 0x0f,
        0xf0, 0x0f, 0xf0, 0x0f, 0xf0, 0x0f, 0xf0, 0x0f, 0xf0, 0x0f, 0xf0, 0x0f,
        0xf0, 0x0f, 0xf0, 0x0f, 0x00, 0x00, 0x00, 0x00, 0x00, 0x00, 0x00, 0x00,
        0xff, 0xff, 0xff, 0xff, 0xff, 0xff, 0xff, 0xff, 0x00, 0x00, 0x00, 0x00,
        0x00, 0x00, 0x00, 0x00, 0xff, 0xff, 0xff, 0xff, 0xff, 0xff, 0xff, 0xff,
        0x00, 0x00, 0x00, 0x00, 0x00, 0x00, 0x00, 0x00, 0xff, 0xff, 0xff, 0xff,
        0xff, 0xff, 0xff, 0xff, 0x00, 0x00, 0x00, 0x00, 0x00, 0x00, 0x00, 0x00,
        0xff, 0xff, 0xff, 0xff, 0xff, 0xff, 0xff, 0xff, 0x00, 0x00, 0x00, 0x00,
        0x00, 0x00, 0x00, 0x00, 0xff, 0xff, 0xff, 0xff, 0xff, 0xff, 0xff, 0xff,
        0xcc, 0xcc, 0xcc, 0xcc, 0x33, 0x33, 0x33, 0x33, 0x33, 0x33, 0x33, 0x33,
        0xcc, 0xcc, 0xcc, 0xcc, 0xcc, 0xcc, 0xcc, 0xcc, 0x33, 0x33, 0x33, 0x33,
        0x33, 0x33, 0x33, 0x33, 0xcc, 0xcc, 0xcc, 0xcc, 0xcc, 0xcc, 0xcc, 0xcc,
        0x33, 0x33, 0x33, 0x33, 0x33, 0x33, 0x33, 0x33, 0xcc, 0xcc, 0xcc, 0xcc,
        0xcc, 0xcc, 0xcc, 0xcc, 0x33, 0x33, 0x33, 0x33, 0x33, 0x33, 0x33, 0x33,
        0xcc, 0xcc, 0xcc, 0xcc, 0xcc, 0xcc, 0xcc, 0xcc, 0x33, 0x33, 0x33, 0x33,
        0x33, 0x33, 0x33, 0x33, 0xcc, 0xcc, 0xcc, 0xcc, 0x33, 0x33, 0xcc, 0xcc,
        0xcc, 0xcc, 0x33, 0x33, 0xcc, 0xcc, 0x33, 0x33, 0x33, 0x33, 0xcc, 0xcc,
        0x33, 0x33, 0xcc, 0xcc, 0xcc, 0xcc, 0x33, 0x33, 0xcc, 0xcc, 0x33, 0x33,
        0x33, 0x33, 0xcc, 0xcc, 0x33, 0x33, 0xcc, 0xcc, 0xcc, 0xcc, 0x33, 0x33,
        0xcc, 0xcc, 0x33, 0x33, 0x33, 0x33, 0xcc, 0xcc, 0x33, 0x33, 0xcc, 0xcc,
        0xcc, 0xcc, 0x33, 0x33, 0xcc, 0xcc, 0x33, 0x33, 0x33, 0x33, 0xcc, 0xcc,
        0x33, 0x33, 0xcc, 0xcc, 0xcc, 0xcc, 0x33, 0x33, 0xcc, 0xcc, 0x33, 0x33,
        0x33, 0x33, 0xcc, 0xcc, 0x96, 0x69, 0x69, 0x96, 0x96, 0x69, 0x69, 0x96,
        0x96, 0x69, 0x69, 0x96, 0x96, 0x69, 0x69, 0x96, 0x96, 0x69, 0x69, 0x96,
        0x96, 0x69, 0x69, 0x96, 0x96, 0x69, 0x69, 0x96, 0x96, 0x69, 0x69, 0x96,
        0x96, 0x69, 0x69, 0x96, 0x96, 0x69, 0x69, 0x96, 0x96, 0x69, 0x69, 0x96,
        0x96, 0x69, 0x69, 0x96, 0x96, 0x69, 0x69, 0x96, 0x96, 0x69, 0x69, 0x96,
        0x96, 0x69, 0x69, 0x96, 0x96, 0x69, 0x69, 0x96, 0x96, 0x69, 0x69, 0x96,
        0x96, 0x69, 0x69, 0x96, 0x96, 0x69, 0x69, 0x96, 0x96, 0x69, 0x69, 0x96,
        0xa5, 0xa5, 0x5a, 0x5a, 0x5a, 0x5a, 0xa5, 0xa5, 0x5a, 0x5a, 0xa5, 0xa5,
        0xa5, 0xa5, 0x5a, 0x5a, 0xa5, 0xa5, 0x5a, 0x5a, 0x5a, 0x5a, 0xa5, 0xa5,
        0x5a, 0x5a, 0xa5, 0xa5, 0xa5, 0xa5, 0x5a, 0x5a, 0xa5, 0xa5, 0x5a, 0x5a,
        0x5a, 0x5a, 0xa5, 0xa5, 0x5a, 0x5a, 0xa5, 0xa5, 0xa5, 0xa5, 0x5a, 0x5a,
        0xa5, 0xa5, 0x5a, 0x5a, 0x5a, 0x5a, 0xa5, 0xa5, 0x5a, 0x5a, 0xa5, 0xa5,
        0xa5, 0xa5, 0x5a, 0x5a, 0xa5, 0xa5, 0x5a, 0x5a, 0x5a, 0x5a, 0xa5, 0xa5,
        0x5a, 0x5a, 0xa5, 0xa5, 0xa5, 0xa5, 0x5a, 0x5a, 0xff, 0xff, 0x00, 0x00,
        0xff, 0xff, 0x00, 0x00, 0xff, 0xff, 0x00, 0x00, 0xff, 0xff, 0x00, 0x00,
        0xff, 0xff, 0x00, 0x00, 0xff, 0xff, 0x00, 0x00, 0xff, 0xff, 0x00, 0x00,
        0xff, 0xff, 0x00, 0x00, 0xff, 0xff, 0x00, 0x00, 0xff, 0xff, 0x00, 0x00,
        0xff, 0xff, 0x00, 0x00, 0xff, 0xff, 0x00, 0x00, 0xff, 0xff, 0x00, 0x00,
        0xff, 0xff, 0x00, 0x00, 0xff, 0xff, 0x00, 0x00, 0xff, 0xff, 0x00, 0x00,
        0xff, 0xff, 0x00, 0x00, 0xff, 0xff, 0x00, 0x00, 0xff, 0xff, 0x00, 0x00,
        0xff, 0xff, 0x00, 0x00, 0xd8, 0x10, 0x01, 0x8d, 0x63, 0xb3, 0x42, 0xae,
        0x60, 0x88, 0xf9, 0x15, 0xdb, 0x3b, 0xca, 0x26, 0xe8, 0x00, 0x71, 0x9d,
        0x53, 0x43, 0x52, 0x9e, 0x70, 0xf8, 0xe9, 0x25, 0xcb, 0xcb, 0xda, 0x16,
        0xf8, 0x70, 0x61, 0xad, 0x43, 0x53, 0x62, 0x8e, 0x00, 0xe8, 0xd9, 0x35,
        0x3b, 0xdb, 0xea, 0x06, 0x88, 0x60, 0x51, 0xbd, 0xb3, 0x63, 0x72, 0xfe,
        0x10, 0xd8, 0xc9, 0xc5, 0x2b, 0xeb, 0xfa, 0x76, 0x98, 0x50, 0x41, 0x4d,
        0xa3, 0x73, 0x02, 0xee, 0x20, 0xc8, 0x39, 0xd5, 0x1b, 0xfb, 0x8a, 0x66,
        0xcc, 0xcc, 0xcc, 0xcc, 0x33, 0x33, 0x33, 0x33, 0x33, 0x33, 0x33, 0x33,
        0xcc, 0xcc, 0xcc, 0xcc, 0xcc, 0xcc, 0xcc, 0xcc, 0x33, 0x33, 0x33, 0x33,
        0x33, 0x33, 0x33, 0x33, 0xcc, 0xcc, 0xcc, 0xcc, 0xcc, 0xcc, 0xcc, 0xcc,
        0x33, 0x33, 0x33, 0x33, 0x33, 0x33, 0x33, 0x33, 0xcc, 0xcc, 0xcc, 0xcc,
        0xcc, 0xcc, 0xcc, 0xcc, 0x33, 0x33, 0x33, 0x33, 0x33, 0x33, 0x33, 0x33,
        0xcc, 0xcc, 0xcc, 0xcc, 0xcc, 0xcc, 0xcc, 0xcc, 0x33, 0x33, 0x33, 0x33,
        0x33, 0x33, 0x33, 0x33, 0xcc, 0xcc, 0xcc, 0xcc, 0x66, 0x99, 0x66, 0x99,
        0x99, 0x66, 0x99, 0x66, 0x66, 0x99, 0x66, 0x99, 0x99, 0x66, 0x99, 0x66,
        0x66, 0x99, 0x66, 0x99, 0x99, 0x66, 0x99, 0x66, 0x66, 0x99, 0x66, 0x99,
        0x99, 0x66, 0x99, 0x66, 0x66, 0x99, 0x66, 0x99, 0x99, 0x66, 0x99, 0x66,
        0x66, 0x99, 0x66, 0x99, 0x99, 0x66, 0x99, 0x66, 0x66, 0x99, 0x66, 0x99,
        0x99, 0x66, 0x99, 0x66, 0x66, 0x99, 0x66, 0x99, 0x99, 0x66, 0x99, 0x66,
        0x66, 0x99, 0x66, 0x99, 0x99, 0x66, 0x99, 0x66, 0x66, 0x99, 0x66, 0x99,
        0x99, 0x66, 0x99, 0x66, 0x5a, 0x5a, 0xa5, 0xa5, 0x5a, 0x5a, 0xa5, 0xa5,
        0xa5, 0xa5, 0x5a, 0x5a, 0xa5, 0xa5, 0x5a, 0x5a, 0x5a, 0x5a, 0xa5, 0xa5,
        0x5a, 0x5a, 0xa5, 0xa5, 0xa5, 0xa5, 0x5a, 0x5a, 0xa5, 0xa5, 0x5a, 0x5a,
        0x5a, 0x5a, 0xa5, 0xa5, 0x5a, 0x5a, 0xa5, 0xa5, 0xa5, 0xa5, 0x5a, 0x5a,
        0xa5, 0xa5, 0x5a, 0x5a, 0x5a, 0x5a, 0xa5, 0xa5, 0x5a, 0x5a, 0xa5, 0xa5,
        0xa5, 0xa5, 0x5a, 0x5a, 0xa5, 0xa5, 0x5a, 0x5a, 0x5a, 0x5a, 0xa5, 0xa5,
        0x5a, 0x5a, 0xa5, 0xa5, 0xa5, 0xa5, 0x5a, 0x5a, 0xa5, 0xa5, 0x5a, 0x5a,
        0xd8, 0x18, 0xf6, 0xfa, 0x14, 0xdc, 0x32, 0xbe, 0xaf, 0x7f, 0x71, 0x9d,
        0x53, 0xbb, 0x35, 0xd9, 0xe8, 0x08, 0x06, 0xea, 0x24, 0xcc, 0x42, 0xae,
        0x9f, 0x8f, 0x61, 0xad, 0x43, 0xcb, 0x25, 0xe9, 0xf8, 0xf8, 0x16, 0xda,
        0x34, 0xbc, 0x52, 0x9e, 0x8f, 0x9f, 0x51, 0xbd, 0x33, 0xdb, 0x15, 0xf9,
        0x08, 0xe8, 0x26, 0xca, 0x44, 0xac, 0x62, 0x8e, 0x7f, 0xaf, 0x41, 0xcd,
        0x23, 0xeb, 0x05, 0x09, 0x18, 0xd8, 0x36, 0xba, 0x54, 0x9c, 0x72, 0x7e,
        0x6f, 0xbf, 0x31, 0xdd, 0x13, 0xfb, 0xf5, 0x19, 0x99, 0x66, 0x66, 0x99,
        0x99, 0x66, 0x66, 0x99, 0x66, 0x99, 0x99, 0x66, 0x66, 0x99, 0x99, 0x66,
        0x99, 0x66, 0x66, 0x99, 0x99, 0x66, 0x66, 0x99, 0x66, 0x99, 0x99, 0x66,
        0x66, 0x99, 0x99, 0x66, 0x99, 0x66, 0x66, 0x99, 0x99, 0x66, 0x66, 0x99,
        0x66, 0x99, 0x99, 0x66, 0x66, 0x99, 0x99, 0x66, 0x99, 0x66, 0x66, 0x99,
        0x99, 0x66, 0x66, 0x99, 0x66, 0x99, 0x99, 0x66, 0x66, 0x99, 0x99, 0x66,
        0x99, 0x66, 0x66, 0x99, 0x99, 0x66, 0x66, 0x99, 0x66, 0x99, 0x99, 0x66,
        0x66, 0x99, 0x99, 0x66, 0x33, 0xcc, 0xcc, 0x33, 0x33, 0xcc, 0xcc, 0x33,
        0xcc, 0x33, 0x33, 0xcc, 0xcc, 0x33, 0x33, 0xcc, 0x33, 0xcc, 0xcc, 0x33,
        0x33, 0xcc, 0xcc, 0x33, 0xcc, 0x33, 0x33, 0xcc, 0xcc, 0x33, 0x33, 0xcc,
        0x33, 0xcc, 0xcc, 0x33, 0x33, 0xcc, 0xcc, 0x33, 0xcc, 0x33, 0x33, 0xcc,
        0xcc, 0x33, 0x33, 0xcc, 0x33, 0xcc, 0xcc, 0x33, 0x33, 0xcc, 0xcc, 0x33,
        0xcc, 0x33, 0x33, 0xcc, 0xcc, 0x33, 0x33, 0xcc, 0x33, 0xcc, 0xcc, 0x33,
        0x33, 0xcc, 0xcc, 0x33, 0xcc, 0x33, 0x33, 0xcc, 0xcc, 0x33, 0x33, 0xcc,
        0xcc, 0x33, 0xcc, 0x33, 0xcc, 0x33, 0xcc, 0x33, 0xcc, 0x33, 0xcc, 0x33,
        0xcc, 0x33, 0xcc, 0x33, 0xcc, 0x33, 0xcc, 0x33, 0xcc, 0x33, 0xcc, 0x33,
        0xcc, 0x33, 0xcc, 0x33, 0xcc, 0x33, 0xcc, 0x33, 0xcc, 0x33, 0xcc, 0x33,
        0xcc, 0x33, 0xcc, 0x33, 0xcc, 0x33, 0xcc, 0x33, 0xcc, 0x33, 0xcc, 0x33,
        0xcc, 0x33, 0xcc, 0x33, 0xcc, 0x33, 0xcc, 0x33, 0xcc, 0x33, 0xcc, 0x33,
        0xcc, 0x33, 0xcc, 0x33, 0xcc, 0x33, 0xcc, 0x33, 0xcc, 0x33, 0xcc, 0x33,
        0xcc, 0x33, 0xcc, 0x33, 0xcc, 0x33, 0xcc, 0x33, 0x0f, 0x0f, 0xf0, 0xf0,
        0xf0, 0xf0, 0x0f, 0x0f, 0xf0, 0xf0, 0x0f, 0x0f, 0x0f, 0x0f, 0xf0, 0xf0,
        0x0f, 0x0f, 0xf0, 0xf0, 0xf0, 0xf0, 0x0f, 0x0f, 0xf0, 0xf0, 0x0f, 0x0f,
        0x0f, 0x0f, 0xf0, 0xf0, 0x0f, 0x0f, 0xf0, 0xf0, 0xf0, 0xf0, 0x0f, 0x0f,
        0xf0, 0xf0, 0x0f, 0x0f, 0x0f, 0x0f, 0xf0, 0xf0, 0x0f, 0x0f, 0xf0, 0xf0,
        0xf0, 0xf0, 0x0f, 0x0f, 0xf0, 0xf0, 0x0f, 0x0f, 0x0f, 0x0f, 0xf0, 0xf0,
        0x0f, 0x0f, 0xf0, 0xf0, 0xf0, 0xf0, 0x0f, 0x0f, 0xf0, 0xf0, 0x0f, 0x0f,
        0x0f, 0x0f, 0xf0, 0xf0, 0x55, 0x55, 0x55, 0x55, 0xaa, 0xaa, 0xaa, 0xaa,
        0x55, 0x55, 0x55, 0x55, 0xaa, 0xaa, 0xaa, 0xaa, 0x55, 0x55, 0x55, 0x55,
        0xaa, 0xaa, 0xaa, 0xaa, 0x55, 0x55, 0x55, 0x55, 0xaa, 0xaa, 0xaa, 0xaa,
        0x55, 0x55, 0x55, 0x55, 0xaa, 0xaa, 0xaa, 0xaa, 0x55, 0x55, 0x55, 0x55,
        0xaa, 0xaa, 0xaa, 0xaa, 0x55, 0x55, 0x55, 0x55, 0xaa, 0xaa, 0xaa, 0xaa,
        0x55, 0x55, 0x55, 0x55, 0xaa, 0xaa, 0xaa, 0xaa, 0x55, 0x55, 0x55, 0x55,
        0xaa, 0xaa, 0xaa, 0xaa, 0x55, 0x55, 0x55, 0x55, 0xaa, 0xaa, 0xaa, 0xaa,
        0x66, 0x66, 0x99, 0x99, 0x99, 0x99, 0x66, 0x66, 0x99, 0x99, 0x66, 0x66,
        0x66, 0x66, 0x99, 0x99, 0x66, 0x66, 0x99, 0x99, 0x99, 0x99, 0x66, 0x66,
        0x99, 0x99, 0x66, 0x66, 0x66, 0x66, 0x99, 0x99, 0x66, 0x66, 0x99, 0x99,
        0x99, 0x99, 0x66, 0x66, 0x99, 0x99, 0x66, 0x66, 0x66, 0x66, 0x99, 0x99,
        0x66, 0x66, 0x99, 0x99, 0x99, 0x99, 0x66, 0x66, 0x99, 0x99, 0x66, 0x66,
        0x66, 0x66, 0x99, 0x99, 0x66, 0x66, 0x99, 0x99, 0x99, 0x99, 0x66, 0x66,
        0x99, 0x99, 0x66, 0x66, 0x66, 0x66, 0x99, 0x99, 0x99, 0x66, 0x66, 0x99,
        0x66, 0x99, 0x99, 0x66, 0x66, 0x99, 0x99, 0x66, 0x99, 0x66, 0x66, 0x99,
        0x99, 0x66, 0x66, 0x99, 0x66, 0x99, 0x99, 0x66, 0x66, 0x99, 0x99, 0x66,
        0x99, 0x66, 0x66, 0x99, 0x99, 0x66, 0x66, 0x99, 0x66, 0x99, 0x99, 0x66,
        0x66, 0x99, 0x99, 0x66, 0x99, 0x66, 0x66, 0x99, 0x99, 0x66, 0x66, 0x99,
        0x66, 0x99, 0x99, 0x66, 0x66, 0x99, 0x99, 0x66, 0x99, 0x66, 0x66, 0x99,
        0x99, 0x66, 0x66, 0x99, 0x66, 0x99, 0x99, 0x66, 0x66, 0x99, 0x99, 0x66,
        0x99, 0x66, 0x66, 0x99, 0xff, 0xff, 0x00, 0x00, 0x00, 0x00, 0xff, 0xff,
        0x00, 0x00, 0xff, 0xff, 0xff, 0xff, 0x00, 0x00, 0xff, 0xff, 0x00, 0x00,
        0x00, 0x00, 0xff, 0xff, 0x00, 0x00, 0xff, 0xff, 0xff, 0xff, 0x00, 0x00,
        0xff, 0xff, 0x00, 0x00, 0x00, 0x00, 0xff, 0xff, 0x00, 0x00, 0xff, 0xff,
        0xff, 0xff, 0x00, 0x00, 0xff, 0xff, 0x00, 0x00, 0x00, 0x00, 0xff, 0xff,
        0x00, 0x00, 0xff, 0xff, 0xff, 0xff, 0x00, 0x00, 0xff, 0xff, 0x00, 0x00,
        0x00, 0x00, 0xff, 0xff, 0x00, 0x00, 0xff, 0xff, 0xff, 0xff, 0x00, 0x00,
        0xff, 0x00, 0x00, 0xff, 0x00, 0xff, 0xff, 0x00, 0x00, 0xff, 0xff, 0x00,
        0xff, 0x00, 0x00, 0xff, 0xff, 0x00, 0x00, 0xff, 0x00, 0xff, 0xff, 0x00,
        0x00, 0xff, 0xff, 0x00, 0xff, 0x00, 0x00, 0xff, 0xff, 0x00, 0x00, 0xff,
        0x00, 0xff, 0xff, 0x00, 0x00, 0xff, 0xff, 0x00, 0xff, 0x00, 0x00, 0xff,
        0xff, 0x00, 0x00, 0xff, 0x00, 0xff, 0xff, 0x00, 0x00, 0xff, 0xff, 0x00,
        0xff, 0x00, 0x00, 0xff, 0xff, 0x00, 0x00, 0xff, 0x00, 0xff, 0xff, 0x00,
        0x00, 0xff, 0xff, 0x00, 0xff, 0x00, 0x00, 0xff, 0x96, 0x69, 0x96, 0x69,
        0x96, 0x69, 0x96, 0x69, 0x69, 0x96, 0x69, 0x96, 0x69, 0x96, 0x69, 0x96,
        0x96, 0x69, 0x96, 0x69, 0x96, 0x69, 0x96, 0x69, 0x69, 0x96, 0x69, 0x96,
        0x69, 0x96, 0x69, 0x96, 0x96, 0x69, 0x96, 0x69, 0x96, 0x69, 0x96, 0x69,
        0x69, 0x96, 0x69, 0x96, 0x69, 0x96, 0x69, 0x96, 0x96, 0x69, 0x96, 0x69,
        0x96, 0x69, 0x96, 0x69, 0x69, 0x96, 0x69, 0x96, 0x69, 0x96, 0x69, 0x96,
        0x96, 0x69, 0x96, 0x69, 0x96, 0x69, 0x96, 0x69, 0x69, 0x96, 0x69, 0x96,
        0x69, 0x96, 0x69, 0x96, 0x99, 0x66, 0x99, 0x66, 0x99, 0x66, 0x99, 0x66,
        0x99, 0x66, 0x99, 0x66, 0x99, 0x66, 0x99, 0x66, 0x99, 0x66, 0x99, 0x66,
        0x99, 0x66, 0x99, 0x66, 0x99, 0x66, 0x99, 0x66, 0x99, 0x66, 0x99, 0x66,
        0x99, 0x66, 0x99, 0x66, 0x99, 0x66, 0x99, 0x66, 0x99, 0x66, 0x99, 0x66,
        0x99, 0x66, 0x99, 0x66, 0x99, 0x66, 0x99, 0x66, 0x99, 0x66, 0x99, 0x66,
        0x99, 0x66, 0x99, 0x66, 0x99, 0x66, 0x99, 0x66, 0x99, 0x66, 0x99, 0x66,
        0x99, 0x66, 0x99, 0x66, 0x99, 0x66, 0x99, 0x66, 0x99, 0x66, 0x99, 0x66,
        0x33, 0xcc, 0x33, 0xcc, 0xcc, 0x33, 0xcc, 0x33, 0xcc, 0x33, 0xcc, 0x33,
        0x33, 0xcc, 0x33, 0xcc, 0x33, 0xcc, 0x33, 0xcc, 0xcc, 0x33, 0xcc, 0x33,
        0xcc, 0x33, 0xcc, 0x33, 0x33, 0xcc, 0x33, 0xcc, 0x33, 0xcc, 0x33, 0xcc,
        0xcc, 0x33, 0xcc, 0x33, 0xcc, 0x33, 0xcc, 0x33, 0x33, 0xcc, 0x33, 0xcc,
        0x33, 0xcc, 0x33, 0xcc, 0xcc, 0x33, 0xcc, 0x33, 0xcc, 0x33, 0xcc, 0x33,
        0x33, 0xcc, 0x33, 0xcc, 0x33, 0xcc, 0x33, 0xcc, 0xcc, 0x33, 0xcc, 0x33,
        0xcc, 0x33, 0xcc, 0x33, 0x33, 0xcc, 0x33, 0xcc, 0x35, 0xe5, 0x6b, 0x87,
        0xb6, 0x5e, 0x50, 0xbc, 0x8d, 0x6d, 0xe3, 0x0f, 0x3e, 0xd6, 0xd8, 0x34,
        0x05, 0x95, 0x7b, 0xb7, 0xa6, 0xae, 0x40, 0x8c, 0x9d, 0x1d, 0xf3, 0x3f,
        0x2e, 0x26, 0xc8, 0x04, 0x15, 0x85, 0x4b, 0xa7, 0x56, 0xbe, 0x70, 0x9c,
        0xed, 0x0d, 0xc3, 0x2f, 0xde, 0x36, 0xf8, 0x14, 0x65, 0xb5, 0x5b, 0x57,
        0x46, 0x8e, 0x60, 0xec, 0xfd, 0x3d, 0xd3, 0xdf, 0xce, 0x06, 0xe8, 0x64,
        0x75, 0xa5, 0xab, 0x47, 0x76, 0x9e, 0x10, 0xfc, 0xcd, 0x2d, 0x23, 0xcf,
        0xfe, 0x16, 0x98, 0x74, 0xff, 0xff, 0xff, 0xff, 0xff, 0xff, 0xff, 0xff,
        0xff, 0xff, 0xff, 0xff, 0xff, 0xff, 0xff, 0xff, 0xff, 0xff, 0xff, 0xff,
        0xff, 0xff, 0xff, 0xff, 0xff, 0xff, 0xff, 0xff, 0xff, 0xff, 0xff, 0xff,
        0xff, 0xff, 0xff, 0xff, 0xff, 0xff, 0xff, 0xff, 0xff, 0xff, 0xff, 0xff,
        0xff, 0xff, 0xff, 0xff, 0xff, 0xff, 0xff, 0xff, 0xff, 0xff, 0xff, 0xff,
        0xff, 0xff, 0xff, 0xff, 0xff, 0xff, 0xff, 0xff, 0xff, 0xff, 0xff, 0xff,
        0xff, 0xff, 0xff, 0xff, 0xff, 0xff, 0xff, 0xff, 0xff, 0xff, 0xff, 0xff,
        0x55, 0xaa, 0x55, 0xaa, 0x55, 0xaa, 0x55, 0xaa, 0x55, 0xaa, 0x55, 0xaa,
        0x55, 0xaa, 0x55, 0xaa, 0x55, 0xaa, 0x55, 0xaa, 0x55, 0xaa, 0x55, 0xaa,
        0x55, 0xaa, 0x55, 0xaa, 0x55, 0xaa, 0x55, 0xaa, 0x55, 0xaa, 0x55, 0xaa,
        0x55, 0xaa, 0x55, 0xaa, 0x55, 0xaa, 0x55, 0xaa, 0x55, 0xaa, 0x55, 0xaa,
        0x55, 0xaa, 0x55, 0xaa, 0x55, 0xaa, 0x55, 0xaa, 0x55, 0xaa, 0x55, 0xaa,
        0x55, 0xaa, 0x55, 0xaa, 0x55, 0xaa, 0x55, 0xaa, 0x55, 0xaa, 0x55, 0xaa,
        0x55, 0xaa, 0x55, 0xaa, 0x55, 0xaa, 0x55, 0xaa, 0x5a, 0xa5, 0xa5, 0x5a,
        0xa5, 0x5a, 0x5a, 0xa5, 0x5a, 0xa5, 0xa5, 0x5a, 0xa5, 0x5a, 0x5a, 0xa5,
        0x5a, 0xa5, 0xa5, 0x5a, 0xa5, 0x5a, 0x5a, 0xa5, 0x5a, 0xa5, 0xa5, 0x5a,
        0xa5, 0x5a, 0x5a, 0xa5, 0x5a, 0xa5, 0xa5, 0x5a, 0xa5, 0x5a, 0x5a, 0xa5,
        0x5a, 0xa5, 0xa5, 0x5a, 0xa5, 0x5a, 0x5a, 0xa5, 0x5a, 0xa5, 0xa5, 0x5a,
        0xa5, 0x5a, 0x5a, 0xa5, 0x5a, 0xa5, 0xa5, 0x5a, 0xa5, 0x5a, 0x5a, 0xa5,
        0x5a, 0xa5, 0xa5, 0x5a, 0xa5, 0x5a, 0x5a, 0xa5, 0x5a, 0xa5, 0xa5, 0x5a,
        0xa5, 0x5a, 0x5a, 0xa5, 0x63, 0x8f, 0x41, 0xa9, 0x58, 0xb4, 0x7a, 0xea,
        0x04, 0xc8, 0x26, 0x2e, 0x3f, 0xf3, 0x1d, 0x9d, 0x73, 0xbf, 0x51, 0x59,
        0x48, 0x84, 0x6a, 0xfa, 0x34, 0xd8, 0xd6, 0x3e, 0x0f, 0xe3, 0x6d, 0x8d,
        0x43, 0xaf, 0xa1, 0x49, 0x78, 0x94, 0x1a, 0xca, 0x24, 0x28, 0xc6, 0x0e,
        0x1f, 0x93, 0x7d, 0xbd, 0x53, 0x5f, 0xb1, 0x79, 0x68, 0xe4, 0x0a, 0xda,
        0xd4, 0x38, 0xf6, 0x1e, 0x6f, 0x83, 0x4d, 0xad, 0xa3, 0x4f, 0x81, 0x69,
        0x18, 0xf4, 0x3a, 0x2a, 0xc4, 0x08, 0xe6, 0x6e, 0x7f, 0xb3, 0x5d, 0x5d,
        0x0f, 0x78, 0x69, 0x5a, 0xb4, 0x4b, 0x5a, 0x69, 0x78, 0x0f, 0x1e, 0x2d,
        0xc3, 0x2c, 0x1d, 0x0e, 0x7f, 0x68, 0x59, 0x4a, 0x44, 0x5b, 0x6a, 0x79,
        0x08, 0x1f, 0x2e, 0x3d, 0x33, 0x1c, 0x0d, 0x7e, 0x6f, 0x58, 0x49, 0xba,
        0x54, 0x6b, 0x7a, 0x09, 0x18, 0x2f, 0x3e, 0xcd, 0x23, 0x0c, 0x7d, 0x6e,
        0x5f, 0x48, 0xb9, 0xaa, 0x64, 0x7b, 0x0a, 0x19, 0x28, 0x3f, 0xce, 0xdd,
        0x13, 0x7c, 0x6d, 0x5e, 0x4f, 0xb8, 0xa9, 0x9a, 0x74, 0x0b, 0x1a, 0x29,
        0x38, 0xcf, 0xde, 0xed, 0x03, 0x6c, 0x5d, 0x4e, 0x3c, 0x3c, 0xc3, 0xc3,
        0x3c, 0x3c, 0xc3, 0xc3, 0xc3, 0xc3, 0x3c, 0x3c, 0xc3, 0xc3, 0x3c, 0x3c,
        0x3c, 0x3c, 0xc3, 0xc3, 0x3c, 0x3c, 0xc3, 0xc3, 0xc3, 0xc3, 0x3c, 0x3c,
        0xc3, 0xc3, 0x3c, 0x3c, 0x3c, 0x3c, 0xc3, 0xc3, 0x3c, 0x3c, 0xc3, 0xc3,
        0xc3, 0xc3, 0x3c, 0x3c, 0xc3, 0xc3, 0x3c, 0x3c, 0x3c, 0x3c, 0xc3, 0xc3,
        0x3c, 0x3c, 0xc3, 0xc3, 0xc3, 0xc3, 0x3c, 0x3c, 0xc3, 0xc3, 0x3c, 0x3c,
        0x3c, 0x3c, 0xc3, 0xc3, 0x3c, 0x3c, 0xc3, 0xc3, 0xc3, 0xc3, 0x3c, 0x3c,
        0xc3, 0xc3, 0x3c, 0x3c, 0x0f, 0x0f, 0xf0, 0xf0, 0x0f, 0x0f, 0xf0, 0xf0,
        0xf0, 0xf0, 0x0f, 0x0f, 0xf0, 0xf0, 0x0f, 0x0f, 0x0f, 0x0f, 0xf0, 0xf0,
        0x0f, 0x0f, 0xf0, 0xf0, 0xf0, 0xf0, 0x0f, 0x0f, 0xf0, 0xf0, 0x0f, 0x0f,
        0x0f, 0x0f, 0xf0, 0xf0, 0x0f, 0x0f, 0xf0, 0xf0, 0xf0, 0xf0, 0x0f, 0x0f,
        0xf0, 0xf0, 0x0f, 0x0f, 0x0f, 0x0f, 0xf0, 0xf0, 0x0f, 0x0f, 0xf0, 0xf0,
        0xf0, 0xf0, 0x0f, 0x0f, 0xf0, 0xf0, 0x0f, 0x0f, 0x0f, 0x0f, 0xf0, 0xf0,
        0x0f, 0x0f, 0xf0, 0xf0, 0xf0, 0xf0, 0x0f, 0x0f, 0xf0, 0xf0, 0x0f, 0x0f,
        0x66, 0x99, 0x66, 0x99, 0x66, 0x99, 0x66, 0x99, 0x99, 0x66, 0x99, 0x66,
        0x99, 0x66, 0x99, 0x66, 0x66, 0x99, 0x66, 0x99, 0x66, 0x99, 0x66, 0x99,
        0x99, 0x66, 0x99, 0x66, 0x99, 0x66, 0x99, 0x66, 0x66, 0x99, 0x66, 0x99,
        0x66, 0x99, 0x66, 0x99, 0x99, 0x66, 0x99, 0x66, 0x99, 0x66, 0x99, 0x66,
        0x66, 0x99, 0x66, 0x99, 0x66, 0x99, 0x66, 0x99, 0x99, 0x66, 0x99, 0x66,
        0x99, 0x66, 0x99, 0x66, 0x66, 0x99, 0x66, 0x99, 0x66, 0x99, 0x66, 0x99,
        0x99, 0x66, 0x99, 0x66, 0x99, 0x66, 0x99, 0x66, 0xaa, 0x55, 0x55, 0xaa,
        0xaa, 0x55, 0x55, 0xaa, 0x55, 0xaa, 0xaa, 0x55, 0x55, 0xaa, 0xaa, 0x55,
        0xaa, 0x55, 0x55, 0xaa, 0xaa, 0x55, 0x55, 0xaa, 0x55, 0xaa, 0xaa, 0x55,
        0x55, 0xaa, 0xaa, 0x55, 0xaa, 0x55, 0x55, 0xaa, 0xaa, 0x55, 0x55, 0xaa,
        0x55, 0xaa, 0xaa, 0x55, 0x55, 0xaa, 0xaa, 0x55, 0xaa, 0x55, 0x55, 0xaa,
        0xaa, 0x55, 0x55, 0xaa, 0x55, 0xaa, 0xaa, 0x55, 0x55, 0xaa, 0xaa, 0x55,
        0xaa, 0x55, 0x55, 0xaa, 0xaa, 0x55, 0x55, 0xaa, 0x55, 0xaa, 0xaa, 0x55,
        0x55, 0xaa, 0xaa, 0x55, 0xff, 0xff, 0xff, 0xff, 0xff, 0xff, 0xff, 0xff,
        0x00, 0x00, 0x00, 0x00, 0x00, 0x00, 0x00, 0x00, 0xff, 0xff, 0xff, 0xff,
        0xff, 0xff, 0xff, 0xff, 0x00, 0x00, 0x00, 0x00, 0x00, 0x00, 0x00, 0x00,
        0xff, 0xff, 0xff, 0xff, 0xff, 0xff, 0xff, 0xff, 0x00, 0x00, 0x00, 0x00,
        0x00, 0x00, 0x00, 0x00, 0xff, 0xff, 0xff, 0xff, 0xff, 0xff, 0xff, 0xff,
        0x00, 0x00, 0x00, 0x00, 0x00, 0x00, 0x00, 0x00, 0xff, 0xff, 0xff, 0xff,
        0xff, 0xff, 0xff, 0xff, 0x00, 0x00, 0x00, 0x00, 0x00, 0x00, 0x00, 0x00,
        0xaa, 0x55, 0xaa, 0x55, 0x55, 0xaa, 0x55, 0xaa, 0x55, 0xaa, 0x55, 0xaa,
        0xaa, 0x55, 0xaa, 0x55, 0xaa, 0x55, 0xaa, 0x55, 0x55, 0xaa, 0x55, 0xaa,
        0x55, 0xaa, 0x55, 0xaa, 0xaa, 0x55, 0xaa, 0x55, 0xaa, 0x55, 0xaa, 0x55,
        0x55, 0xaa, 0x55, 0xaa, 0x55, 0xaa, 0x55, 0xaa, 0xaa, 0x55, 0xaa, 0x55,
        0xaa, 0x55, 0xaa, 0x55, 0x55, 0xaa, 0x55, 0xaa, 0x55, 0xaa, 0x55, 0xaa,
        0xaa, 0x55, 0xaa, 0x55, 0xaa, 0x55, 0xaa, 0x55, 0x55, 0xaa, 0x55, 0xaa,
        0x55, 0xaa, 0x55, 0xaa, 0xaa, 0x55, 0xaa, 0x55, 0xcc, 0x33, 0x33, 0xcc,
        0x33, 0xcc, 0xcc, 0x33, 0xcc, 0x33, 0x33, 0xcc, 0x33, 0xcc, 0xcc, 0x33,
        0xcc, 0x33, 0x33, 0xcc, 0x33, 0xcc, 0xcc, 0x33, 0xcc, 0x33, 0x33, 0xcc,
        0x33, 0xcc, 0xcc, 0x33, 0xcc, 0x33, 0x33, 0xcc, 0x33, 0xcc, 0xcc, 0x33,
        0xcc, 0x33, 0x33, 0xcc, 0x33, 0xcc, 0xcc, 0x33, 0xcc, 0x33, 0x33, 0xcc,
        0x33, 0xcc, 0xcc, 0x33, 0xcc, 0x33, 0x33, 0xcc, 0x33, 0xcc, 0xcc, 0x33,
        0xcc, 0x33, 0x33, 0xcc, 0x33, 0xcc, 0xcc, 0x33, 0xcc, 0x33, 0x33, 0xcc,
        0x33, 0xcc, 0xcc, 0x33, 0x3c, 0x3c, 0x3c, 0x3c, 0x3c, 0x3c, 0x3c, 0x3c,
        0xc3, 0xc3, 0xc3, 0xc3, 0xc3, 0xc3, 0xc3, 0xc3, 0x3c, 0x3c, 0x3c, 0x3c,
        0x3c, 0x3c, 0x3c, 0x3c, 0xc3, 0xc3, 0xc3, 0xc3, 0xc3, 0xc3, 0xc3, 0xc3,
        0x3c, 0x3c, 0x3c, 0x3c, 0x3c, 0x3c, 0x3c, 0x3c, 0xc3, 0xc3, 0xc3, 0xc3,
        0xc3, 0xc3, 0xc3, 0xc3, 0x3c, 0x3c, 0x3c, 0x3c, 0x3c, 0x3c, 0x3c, 0x3c,
        0xc3, 0xc3, 0xc3, 0xc3, 0xc3, 0xc3, 0xc3, 0xc3, 0x3c, 0x3c, 0x3c, 0x3c,
        0x3c, 0x3c, 0x3c, 0x3c, 0xc3, 0xc3, 0xc3, 0xc3, 0xc3, 0xc3, 0xc3, 0xc3,
        0x55, 0x55, 0xaa, 0xaa, 0xaa, 0xaa, 0x55, 0x55, 0x55, 0x55, 0xaa, 0xaa,
        0xaa, 0xaa, 0x55, 0x55, 0x55, 0x55, 0xaa, 0xaa, 0xaa, 0xaa, 0x55, 0x55,
        0x55, 0x55, 0xaa, 0xaa, 0xaa, 0xaa, 0x55, 0x55, 0x55, 0x55, 0xaa, 0xaa,
        0xaa, 0xaa, 0x55, 0x55, 0x55, 0x55, 0xaa, 0xaa, 0xaa, 0xaa, 0x55, 0x55,
        0x55, 0x55, 0xaa, 0xaa, 0xaa, 0xaa, 0x55, 0x55, 0x55, 0x55, 0xaa, 0xaa,
        0xaa, 0xaa, 0x55, 0x55, 0x55, 0x55, 0xaa, 0xaa, 0xaa, 0xaa, 0x55, 0x55,
        0x55, 0x55, 0xaa, 0xaa, 0xaa, 0xaa, 0x55, 0x55, 0x00, 0x00, 0xff, 0xff,
        0xff, 0xff, 0x00, 0x00, 0x00, 0x00, 0xff, 0xff, 0xff, 0xff, 0x00, 0x00,
        0x00, 0x00, 0xff, 0xff, 0xff, 0xff, 0x00, 0x00, 0x00, 0x00, 0xff, 0xff,
        0xff, 0xff, 0x00, 0x00, 0x00, 0x00, 0xff, 0xff, 0xff, 0xff, 0x00, 0x00,
        0x00, 0x00, 0xff, 0xff, 0xff, 0xff, 0x00, 0x00, 0x00, 0x00, 0xff, 0xff,
        0xff, 0xff, 0x00, 0x00, 0x00, 0x00, 0xff, 0xff, 0xff, 0xff, 0x00, 0x00,
        0x00, 0x00, 0xff, 0xff, 0xff, 0xff, 0x00, 0x00, 0x00, 0x00, 0xff, 0xff,
        0xff, 0xff, 0x00, 0x00, 0xc3, 0x3c, 0x3c, 0xc3, 0xc3, 0x3c, 0x3c, 0xc3,
        0xc3, 0x3c, 0x3c, 0xc3, 0xc3, 0x3c, 0x3c, 0xc3, 0xc3, 0x3c, 0x3c, 0xc3,
        0xc3, 0x3c, 0x3c, 0xc3, 0xc3, 0x3c, 0x3c, 0xc3, 0xc3, 0x3c, 0x3c, 0xc3,
        0xc3, 0x3c, 0x3c, 0xc3, 0xc3, 0x3c, 0x3c, 0xc3, 0xc3, 0x3c, 0x3c, 0xc3,
        0xc3, 0x3c, 0x3c, 0xc3, 0xc3, 0x3c, 0x3c, 0xc3, 0xc3, 0x3c, 0x3c, 0xc3,
        0xc3, 0x3c, 0x3c, 0xc3, 0xc3, 0x3c, 0x3c, 0xc3, 0xc3, 0x3c, 0x3c, 0xc3,
        0xc3, 0x3c, 0x3c, 0xc3, 0xc3, 0x3c, 0x3c, 0xc3, 0xc3, 0x3c, 0x3c, 0xc3,
        0x55, 0x55, 0xaa, 0xaa, 0xaa, 0xaa, 0x55, 0x55, 0xaa, 0xaa, 0x55, 0x55,
        0x55, 0x55, 0xaa, 0xaa, 0x55, 0x55, 0xaa, 0xaa, 0xaa, 0xaa, 0x55, 0x55,
        0xaa, 0xaa, 0x55, 0x55, 0x55, 0x55, 0xaa, 0xaa, 0x55, 0x55, 0xaa, 0xaa,
        0xaa, 0xaa, 0x55, 0x55, 0xaa, 0xaa, 0x55, 0x55, 0x55, 0x55, 0xaa, 0xaa,
        0x55, 0x55, 0xaa, 0xaa, 0xaa, 0xaa, 0x55, 0x55, 0xaa, 0xaa, 0x55, 0x55,
        0x55, 0x55, 0xaa, 0xaa, 0x55, 0x55, 0xaa, 0xaa, 0xaa, 0xaa, 0x55, 0x55,
        0xaa, 0xaa, 0x55, 0x55, 0x55, 0x55, 0xaa, 0xaa, 0x00, 0xff, 0xff, 0x00,
        0x00, 0xff, 0xff, 0x00, 0xff, 0x00, 0x00, 0xff, 0xff, 0x00, 0x00, 0xff,
        0x00, 0xff, 0xff, 0x00, 0x00, 0xff, 0xff, 0x00, 0xff, 0x00, 0x00, 0xff,
        0xff, 0x00, 0x00, 0xff, 0x00, 0xff, 0xff, 0x00, 0x00, 0xff, 0xff, 0x00,
        0xff, 0x00, 0x00, 0xff, 0xff, 0x00, 0x00, 0xff, 0x00, 0xff, 0xff, 0x00,
        0x00, 0xff, 0xff, 0x00, 0xff, 0x00, 0x00, 0xff, 0xff, 0x00, 0x00, 0xff,
        0x00, 0xff, 0xff, 0x00, 0x00, 0xff, 0xff, 0x00, 0xff, 0x00, 0x00, 0xff,
        0xff, 0x00, 0x00, 0xff, 0x00, 0xff, 0xff, 0x00, 0xff, 0x00, 0x00, 0xff,
        0xff, 0x00, 0x00, 0xff, 0x00, 0xff, 0xff, 0x00, 0x00, 0xff, 0xff, 0x00,
        0xff, 0x00, 0x00, 0xff, 0xff, 0x00, 0x00, 0xff, 0x00, 0xff, 0xff, 0x00,
        0x00, 0xff, 0xff, 0x00, 0xff, 0x00, 0x00, 0xff, 0xff, 0x00, 0x00, 0xff,
        0x00, 0xff, 0xff, 0x00, 0x00, 0xff, 0xff, 0x00, 0xff, 0x00, 0x00, 0xff,
        0xff, 0x00, 0x00, 0xff, 0x00, 0xff, 0xff, 0x00, 0x00, 0xff, 0xff, 0x00,
        0xff, 0x00, 0x00, 0xff, 0xff, 0x00, 0x00, 0xff, 0x00, 0xff, 0xff, 0x00,
        0x99, 0x99, 0x99, 0x99, 0x66, 0x66, 0x66, 0x66, 0x66, 0x66, 0x66, 0x66,
        0x99, 0x99, 0x99, 0x99, 0x99, 0x99, 0x99, 0x99, 0x66, 0x66, 0x66, 0x66,
        0x66, 0x66, 0x66, 0x66, 0x99, 0x99, 0x99, 0x99, 0x99, 0x99, 0x99, 0x99,
        0x66, 0x66, 0x66, 0x66, 0x66, 0x66, 0x66, 0x66, 0x99, 0x99, 0x99, 0x99,
        0x99, 0x99, 0x99, 0x99, 0x66, 0x66, 0x66, 0x66, 0x66, 0x66, 0x66, 0x66,
        0x99, 0x99, 0x99, 0x99, 0x99, 0x99, 0x99, 0x99, 0x66, 0x66, 0x66, 0x66,
        0x66, 0x66, 0x66, 0x66, 0x99, 0x99, 0x99, 0x99, 0xf0, 0x0f, 0xf0, 0x0f,
        0x0f, 0xf0, 0x0f, 0xf0, 0x0f, 0xf0, 0x0f, 0xf0, 0xf0, 0x0f, 0xf0, 0x0f,
        0xf0, 0x0f, 0xf0, 0x0f, 0x0f, 0xf0, 0x0f, 0xf0, 0x0f, 0xf0, 0x0f, 0xf0,
        0xf0, 0x0f, 0xf0, 0x0f, 0xf0, 0x0f, 0xf0, 0x0f, 0x0f, 0xf0, 0x0f, 0xf0,
        0x0f, 0xf0, 0x0f, 0xf0, 0xf0, 0x0f, 0xf0, 0x0f, 0xf0, 0x0f, 0xf0, 0x0f,
        0x0f, 0xf0, 0x0f, 0xf0, 0x0f, 0xf0, 0x0f, 0xf0, 0xf0, 0x0f, 0xf0, 0x0f,
        0xf0, 0x0f, 0xf0, 0x0f, 0x0f, 0xf0, 0x0f, 0xf0, 0x0f, 0xf0, 0x0f, 0xf0,
        0xf0, 0x0f, 0xf0, 0x0f, 0x99, 0x66, 0x99, 0x66, 0x66, 0x99, 0x66, 0x99,
        0x99, 0x66, 0x99, 0x66, 0x66, 0x99, 0x66, 0x99, 0x99, 0x66, 0x99, 0x66,
        0x66, 0x99, 0x66, 0x99, 0x99, 0x66, 0x99, 0x66, 0x66, 0x99, 0x66, 0x99,
        0x99, 0x66, 0x99, 0x66, 0x66, 0x99, 0x66, 0x99, 0x99, 0x66, 0x99, 0x66,
        0x66, 0x99, 0x66, 0x99, 0x99, 0x66, 0x99, 0x66, 0x66, 0x99, 0x66, 0x99,
        0x99, 0x66, 0x99, 0x66, 0x66, 0x99, 0x66, 0x99, 0x99, 0x66, 0x99, 0x66,
        0x66, 0x99, 0x66, 0x99, 0x99, 0x66, 0x99, 0x66, 0x66, 0x99, 0x66, 0x99,
        0x55, 0x55, 0x55, 0x55, 0x55, 0x55, 0x55, 0x55, 0xaa, 0xaa, 0xaa, 0xaa,
        0xaa, 0xaa, 0xaa, 0xaa, 0x55, 0x55, 0x55, 0x55, 0x55, 0x55, 0x55, 0x55,
        0xaa, 0xaa, 0xaa, 0xaa, 0xaa, 0xaa, 0xaa, 0xaa, 0x55, 0x55, 0x55, 0x55,
        0x55, 0x55, 0x55, 0x55, 0xaa, 0xaa, 0xaa, 0xaa, 0xaa, 0xaa, 0xaa, 0xaa,
        0x55, 0x55, 0x55, 0x55, 0x55, 0x55, 0x55, 0x55, 0xaa, 0xaa, 0xaa, 0xaa,
        0xaa, 0xaa, 0xaa, 0xaa, 0x55, 0x55, 0x55, 0x55, 0x55, 0x55, 0x55, 0x55,
        0xaa, 0xaa, 0xaa, 0xaa, 0xaa, 0xaa, 0xaa, 0xaa, 0x5a, 0x5a, 0xa5, 0xa5,
        0xa5, 0xa5, 0x5a, 0x5a, 0xa5, 0xa5, 0x5a, 0x5a, 0x5a, 0x5a, 0xa5, 0xa5,
        0x5a, 0x5a, 0xa5, 0xa5, 0xa5, 0xa5, 0x5a, 0x5a, 0xa5, 0xa5, 0x5a, 0x5a,
        0x5a, 0x5a, 0xa5, 0xa5, 0x5a, 0x5a, 0xa5, 0xa5, 0xa5, 0xa5, 0x5a, 0x5a,
        0xa5, 0xa5, 0x5a, 0x5a, 0x5a, 0x5a, 0xa5, 0xa5, 0x5a, 0x5a, 0xa5, 0xa5,
        0xa5, 0xa5, 0x5a, 0x5a, 0xa5, 0xa5, 0x5a, 0x5a, 0x5a, 0x5a, 0xa5, 0xa5,
        0x5a, 0x5a, 0xa5, 0xa5, 0xa5, 0xa5, 0x5a, 0x5a, 0xa5, 0xa5, 0x5a, 0x5a,
        0x5a, 0x5a, 0xa5, 0xa5, 0x3c, 0xc3, 0xc3, 0x3c, 0x3c, 0xc3, 0xc3, 0x3c,
        0xc3, 0x3c, 0x3c, 0xc3, 0xc3, 0x3c, 0x3c, 0xc3, 0x3c, 0xc3, 0xc3, 0x3c,
        0x3c, 0xc3, 0xc3, 0x3c, 0xc3, 0x3c, 0x3c, 0xc3, 0xc3, 0x3c, 0x3c, 0xc3,
        0x3c, 0xc3, 0xc3, 0x3c, 0x3c, 0xc3, 0xc3, 0x3c, 0xc3, 0x3c, 0x3c, 0xc3,
        0xc3, 0x3c, 0x3c, 0xc3, 0x3c, 0xc3, 0xc3, 0x3c, 0x3c, 0xc3, 0xc3, 0x3c,
        0xc3, 0x3c, 0x3c, 0xc3, 0xc3, 0x3c, 0x3c, 0xc3, 0x3c, 0xc3, 0xc3, 0x3c,
        0x3c, 0xc3, 0xc3, 0x3c, 0xc3, 0x3c, 0x3c, 0xc3, 0xc3, 0x3c, 0x3c, 0xc3,
        0xcc, 0x33, 0xcc, 0x33, 0x33, 0xcc, 0x33, 0xcc, 0xcc, 0x33, 0xcc, 0x33,
        0x33, 0xcc, 0x33, 0xcc, 0xcc, 0x33, 0xcc, 0x33, 0x33, 0xcc, 0x33, 0xcc,
        0xcc, 0x33, 0xcc, 0x33, 0x33, 0xcc, 0x33, 0xcc, 0xcc, 0x33, 0xcc, 0x33,
        0x33, 0xcc, 0x33, 0xcc, 0xcc, 0x33, 0xcc, 0x33, 0x33, 0xcc, 0x33, 0xcc,
        0xcc, 0x33, 0xcc, 0x33, 0x33, 0xcc, 0x33, 0xcc, 0xcc, 0x33, 0xcc, 0x33,
        0x33, 0xcc, 0x33, 0xcc, 0xcc, 0x33, 0xcc, 0x33, 0x33, 0xcc, 0x33, 0xcc,
        0xcc, 0x33, 0xcc, 0x33, 0x33, 0xcc, 0x33, 0xcc, 0x0f, 0xf0, 0xf0, 0x0f,
        0xf0, 0x0f, 0x0f, 0xf0, 0xf0, 0x0f, 0x0f, 0xf0, 0x0f, 0xf0, 0xf0, 0x0f,
        0x0f, 0xf0, 0xf0, 0x0f, 0xf0, 0x0f, 0x0f, 0xf0, 0xf0, 0x0f, 0x0f, 0xf0,
        0x0f, 0xf0, 0xf0, 0x0f, 0x0f, 0xf0, 0xf0, 0x0f, 0xf0, 0x0f, 0x0f, 0xf0,
        0xf0, 0x0f, 0x0f, 0xf0, 0x0f, 0xf0, 0xf0, 0x0f, 0x0f, 0xf0, 0xf0, 0x0f,
        0xf0, 0x0f, 0x0f, 0xf0, 0xf0, 0x0f, 0x0f, 0xf0, 0x0f, 0xf0, 0xf0, 0x0f,
        0x0f, 0xf0, 0xf0, 0x0f, 0xf0, 0x0f, 0x0f, 0xf0, 0xf0, 0x0f, 0x0f, 0xf0,
        0x0f, 0xf0, 0xf0, 0x0f, 0xff, 0xff, 0xff, 0xff, 0x00, 0x00, 0x00, 0x00,
        0x00, 0x00, 0x00, 0x00, 0xff, 0xff, 0xff, 0xff, 0xff, 0xff, 0xff, 0xff,
        0x00, 0x00, 0x00, 0x00, 0x00, 0x00, 0x00, 0x00, 0xff, 0xff, 0xff, 0xff,
        0xff, 0xff, 0xff, 0xff, 0x00, 0x00, 0x00, 0x00, 0x00, 0x00, 0x00, 0x00,
        0xff, 0xff, 0xff, 0xff, 0xff, 0xff, 0xff, 0xff, 0x00, 0x00, 0x00, 0x00,
        0x00, 0x00, 0x00, 0x00, 0xff, 0xff, 0xff, 0xff, 0xff, 0xff, 0xff, 0xff,
        0x00, 0x00, 0x00, 0x00, 0x00, 0x00, 0x00, 0x00, 0xff, 0xff, 0xff, 0xff,
        0x99, 0x99, 0x66, 0x66, 0x66, 0x66, 0x99, 0x99, 0x66, 0x66, 0x99, 0x99,
        0x99, 0x99, 0x66, 0x66, 0x99, 0x99, 0x66, 0x66, 0x66, 0x66, 0x99, 0x99,
        0x66, 0x66, 0x99, 0x99, 0x99, 0x99, 0x66, 0x66, 0x99, 0x99, 0x66, 0x66,
        0x66, 0x66, 0x99, 0x99, 0x66, 0x66, 0x99, 0x99, 0x99, 0x99, 0x66, 0x66,
        0x99, 0x99, 0x66, 0x66, 0x66, 0x66, 0x99, 0x99, 0x66, 0x66, 0x99, 0x99,
        0x99, 0x99, 0x66, 0x66, 0x99, 0x99, 0x66, 0x66, 0x66, 0x66, 0x99, 0x99,
        0x66, 0x66, 0x99, 0x99, 0x99, 0x99, 0x66, 0x66, 0xa9, 0x39, 0xf7, 0x1b,
        0x15, 0xfd, 0x33, 0xdf, 0x51, 0xb1, 0x7f, 0x93, 0x9d, 0x75, 0xbb, 0x57,
        0xd9, 0x09, 0xe7, 0xeb, 0x05, 0xcd, 0x23, 0xaf, 0x41, 0x81, 0x6f, 0x63,
        0x8d, 0x45, 0xab, 0x27, 0xc9, 0x19, 0x17, 0xfb, 0x35, 0xdd, 0x53, 0xbf,
        0x71, 0x91, 0x9f, 0x73, 0xbd, 0x55, 0xdb, 0x37, 0xf9, 0xe9, 0x07, 0xcb,
        0x25, 0xad, 0x43, 0x8f, 0x61, 0x61, 0x8f, 0x43, 0xad, 0x25, 0xcb, 0x07,
        0xe9, 0xf9, 0x37, 0xdb, 0x55, 0xbd, 0x73, 0x9f, 0x91, 0x71, 0xbf, 0x53,
        0xdd, 0x35, 0xfb, 0x17, 0xcc, 0xcc, 0x33, 0x33, 0x33, 0x33, 0xcc, 0xcc,
        0x33, 0x33, 0xcc, 0xcc, 0xcc, 0xcc, 0x33, 0x33, 0xcc, 0xcc, 0x33, 0x33,
        0x33, 0x33, 0xcc, 0xcc, 0x33, 0x33, 0xcc, 0xcc, 0xcc, 0xcc, 0x33, 0x33,
        0xcc, 0xcc, 0x33, 0x33, 0x33, 0x33, 0xcc, 0xcc, 0x33, 0x33, 0xcc, 0xcc,
        0xcc, 0xcc, 0x33, 0x33, 0xcc, 0xcc, 0x33, 0x33, 0x33, 0x33, 0xcc, 0xcc,
        0x33, 0x33, 0xcc, 0xcc, 0xcc, 0xcc, 0x33, 0x33, 0xcc, 0xcc, 0x33, 0x33,
        0x33, 0x33, 0xcc, 0xcc, 0x33, 0x33, 0xcc, 0xcc, 0xcc, 0xcc, 0x33, 0x33,
        0x3c, 0xc3, 0xc3, 0x3c, 0x3c, 0xc3, 0xc3, 0x3c, 0xc3, 0x3c, 0x3c, 0xc3,
        0xc3, 0x3c, 0x3c, 0xc3, 0x3c, 0xc3, 0xc3, 0x3c, 0x3c, 0xc3, 0xc3, 0x3c,
        0xc3, 0x3c, 0x3c, 0xc3, 0xc3, 0x3c, 0x3c, 0xc3, 0x3c, 0xc3, 0xc3, 0x3c,
        0x3c, 0xc3, 0xc3, 0x3c, 0xc3, 0x3c, 0x3c, 0xc3, 0xc3, 0x3c, 0x3c, 0xc3,
        0x3c, 0xc3, 0xc3, 0x3c, 0x3c, 0xc3, 0xc3, 0x3c, 0xc3, 0x3c, 0x3c, 0xc3,
        0xc3, 0x3c, 0x3c, 0xc3, 0x3c, 0xc3, 0xc3, 0x3c, 0x3c, 0xc3, 0xc3, 0x3c,
        0xc3, 0x3c, 0x3c, 0xc3, 0xc3, 0x3c, 0x3c, 0xc3, 0xff, 0xff, 0xff, 0xff,
        0xff, 0xff, 0xff, 0xff, 0x00, 0x00, 0x00, 0x00, 0x00, 0x00, 0x00, 0x00,
        0xff, 0xff, 0xff, 0xff, 0xff, 0xff, 0xff, 0xff, 0x00, 0x00, 0x00, 0x00,
        0x00, 0x00, 0x00, 0x00, 0xff, 0xff, 0xff, 0xff, 0xff, 0xff, 0xff, 0xff,
        0x00, 0x00, 0x00, 0x00, 0x00, 0x00, 0x00, 0x00, 0xff, 0xff, 0xff, 0xff,
        0xff, 0xff, 0xff, 0xff, 0x00, 0x00, 0x00, 0x00, 0x00, 0x00, 0x00, 0x00,
        0xff, 0xff, 0xff, 0xff, 0xff, 0xff, 0xff, 0xff, 0x00, 0x00, 0x00, 0x00,
        0x00, 0x00, 0x00, 0x00, 0xc3, 0xc3, 0xc3, 0xc3, 0xc3, 0xc3, 0xc3, 0xc3,
        0xc3, 0xc3, 0xc3, 0xc3, 0xc3, 0xc3, 0xc3, 0xc3, 0xc3, 0xc3, 0xc3, 0xc3,
        0xc3, 0xc3, 0xc3, 0xc3, 0xc3, 0xc3, 0xc3, 0xc3, 0xc3, 0xc3, 0xc3, 0xc3,
        0xc3, 0xc3, 0xc3, 0xc3, 0xc3, 0xc3, 0xc3, 0xc3, 0xc3, 0xc3, 0xc3, 0xc3,
        0xc3, 0xc3, 0xc3, 0xc3, 0xc3, 0xc3, 0xc3, 0xc3, 0xc3, 0xc3, 0xc3, 0xc3,
        0xc3, 0xc3, 0xc3, 0xc3, 0xc3, 0xc3, 0xc3, 0xc3, 0xc3, 0xc3, 0xc3, 0xc3,
        0xc3, 0xc3, 0xc3, 0xc3, 0xc3, 0xc3, 0xc3, 0xc3, 0xc3, 0xc3, 0xc3, 0xc3,
        0x55, 0x55, 0xaa, 0xaa, 0xaa, 0xaa, 0x55, 0x55, 0xaa, 0xaa, 0x55, 0x55,
        0x55, 0x55, 0xaa, 0xaa, 0x55, 0x55, 0xaa, 0xaa, 0xaa, 0xaa, 0x55, 0x55,
        0xaa, 0xaa, 0x55, 0x55, 0x55, 0x55, 0xaa, 0xaa, 0x55, 0x55, 0xaa, 0xaa,
        0xaa, 0xaa, 0x55, 0x55, 0xaa, 0xaa, 0x55, 0x55, 0x55, 0x55, 0xaa, 0xaa,
        0x55, 0x55, 0xaa, 0xaa, 0xaa, 0xaa, 0x55, 0x55, 0xaa, 0xaa, 0x55, 0x55,
        0x55, 0x55, 0xaa, 0xaa, 0x55, 0x55, 0xaa, 0xaa, 0xaa, 0xaa, 0x55, 0x55,
        0xaa, 0xaa, 0x55, 0x55, 0x55, 0x55, 0xaa, 0xaa, 0x69, 0x96, 0x96, 0x69,
        0x69, 0x96, 0x96, 0x69, 0x96, 0x69, 0x69, 0x96, 0x96, 0x69, 0x69, 0x96,
        0x69, 0x96, 0x96, 0x69, 0x69, 0x96, 0x96, 0x69, 0x96, 0x69, 0x69, 0x96,
        0x96, 0x69, 0x69, 0x96, 0x69, 0x96, 0x96, 0x69, 0x69, 0x96, 0x96, 0x69,
        0x96, 0x69, 0x69, 0x96, 0x96, 0x69, 0x69, 0x96, 0x69, 0x96, 0x96, 0x69,
        0x69, 0x96, 0x96, 0x69, 0x96, 0x69, 0x69, 0x96, 0x96, 0x69, 0x69, 0x96,
        0x69, 0x96, 0x96, 0x69, 0x69, 0x96, 0x96, 0x69, 0x96, 0x69, 0x69, 0x96,
        0x96, 0x69, 0x69, 0x96, 0xaa, 0xaa, 0xaa, 0xaa, 0xaa, 0xaa, 0xaa, 0xaa,
        0x55, 0x55, 0x55, 0x55, 0x55, 0x55, 0x55, 0x55, 0xaa, 0xaa, 0xaa, 0xaa,
        0xaa, 0xaa, 0xaa, 0xaa, 0x55, 0x55, 0x55, 0x55, 0x55, 0x55, 0x55, 0x55,
        0xaa, 0xaa, 0xaa, 0xaa, 0xaa, 0xaa, 0xaa, 0xaa, 0x55, 0x55, 0x55, 0x55,
        0x55, 0x55, 0x55, 0x55, 0xaa, 0xaa, 0xaa, 0xaa, 0xaa, 0xaa, 0xaa, 0xaa,
        0x55, 0x55, 0x55, 0x55, 0x55, 0x55, 0x55, 0x55, 0xaa, 0xaa, 0xaa, 0xaa,
        0xaa, 0xaa, 0xaa, 0xaa, 0x55, 0x55, 0x55, 0x55, 0x55, 0x55, 0x55, 0x55,
        0x66, 0x66, 0x66, 0x66, 0x99, 0x99, 0x99, 0x99, 0x99, 0x99, 0x99, 0x99,
        0x66, 0x66, 0x66, 0x66, 0x66, 0x66, 0x66, 0x66, 0x99, 0x99, 0x99, 0x99,
        0x99, 0x99, 0x99, 0x99, 0x66, 0x66, 0x66, 0x66, 0x66, 0x66, 0x66, 0x66,
        0x99, 0x99, 0x99, 0x99, 0x99, 0x99, 0x99, 0x99, 0x66, 0x66, 0x66, 0x66,
        0x66, 0x66, 0x66, 0x66, 0x99, 0x99, 0x99, 0x99, 0x99, 0x99, 0x99, 0x99,
        0x66, 0x66, 0x66, 0x66, 0x66, 0x66, 0x66, 0x66, 0x99, 0x99, 0x99, 0x99,
        0x99, 0x99, 0x99, 0x99, 0x66, 0x66, 0x66, 0x66, 0xa5, 0xa5, 0x5a, 0x5a,
        0xa5, 0xa5, 0x5a, 0x5a, 0xa5, 0xa5, 0x5a, 0x5a, 0xa5, 0xa5, 0x5a, 0x5a,
        0xa5, 0xa5, 0x5a, 0x5a, 0xa5, 0xa5, 0x5a, 0x5a, 0xa5, 0xa5, 0x5a, 0x5a,
        0xa5, 0xa5, 0x5a, 0x5a, 0xa5, 0xa5, 0x5a, 0x5a, 0xa5, 0xa5, 0x5a, 0x5a,
        0xa5, 0xa5, 0x5a, 0x5a, 0xa5, 0xa5, 0x5a, 0x5a, 0xa5, 0xa5, 0x5a, 0x5a,
        0xa5, 0xa5, 0x5a, 0x5a, 0xa5, 0xa5, 0x5a, 0x5a, 0xa5, 0xa5, 0x5a, 0x5a,
        0xa5, 0xa5, 0x5a, 0x5a, 0xa5, 0xa5, 0x5a, 0x5a, 0xa5, 0xa5, 0x5a, 0x5a,
        0xa5, 0xa5, 0x5a, 0x5a, 0xc3, 0xc3, 0xc3, 0xc3, 0xc3, 0xc3, 0xc3, 0xc3,
        0xc3, 0xc3, 0xc3, 0xc3, 0xc3, 0xc3, 0xc3, 0xc3, 0xc3, 0xc3, 0xc3, 0xc3,
        0xc3, 0xc3, 0xc3, 0xc3, 0xc3, 0xc3, 0xc3, 0xc3, 0xc3, 0xc3, 0xc3, 0xc3,
        0xc3, 0xc3, 0xc3, 0xc3, 0xc3, 0xc3, 0xc3, 0xc3, 0xc3, 0xc3, 0xc3, 0xc3,
        0xc3, 0xc3, 0xc3, 0xc3, 0xc3, 0xc3, 0xc3, 0xc3, 0xc3, 0xc3, 0xc3, 0xc3,
        0xc3, 0xc3, 0xc3, 0xc3, 0xc3, 0xc3, 0xc3, 0xc3, 0xc3, 0xc3, 0xc3, 0xc3,
        0xc3, 0xc3, 0xc3, 0xc3, 0xc3, 0xc3, 0xc3, 0xc3, 0xc3, 0xc3, 0xc3, 0xc3
    },
    {
        0x66, 0x99, 0x66, 0x99, 0x66, 0x99, 0x66, 0x99, 0x66, 0x99, 0x66, 0x99,
        0x66, 0x99, 0x66, 0x99, 0x66, 0x99, 0x66, 0x99, 0x66, 0x99, 0x66, 0x99,
        0x66, 0x99, 0x66, 0x99, 0x66, 0x99, 0x66, 0x99, 0x66, 0x99, 0x66, 0x99,
        0x66, 0x99, 0x66, 0x99, 0x66, 0x99, 0x66, 0x99, 0x66, 0x99, 0x66, 0x99,
        0x66, 0x99, 0x66, 0x99, 0x66, 0x99, 0x66, 0x99, 0x66, 0x99, 0x66, 0x99,
        0x66, 0x99, 0x66, 0x99, 0x66, 0x99, 0x66, 0x99, 0x66, 0x99, 0x66, 0x99,
        0x66, 0x99, 0x66, 0x99, 0x66, 0x99, 0x66, 0x99, 0xaa, 0x55, 0x55, 0xaa,
        0xaa, 0x55, 0x55, 0xaa, 0xaa, 0x55, 0x55, 0xaa, 0xaa, 0x55, 0x55, 0xaa,
        0xaa, 0x55, 0x55, 0xaa, 0xaa, 0x55, 0x55, 0xaa, 0xaa, 0x55, 0x55, 0xaa,
        0xaa, 0x55, 0x55, 0xaa, 0xaa, 0x55, 0x55, 0xaa, 0xaa, 0x55, 0x55, 0xaa,
        0xaa, 0x55, 0x55, 0xaa, 0xaa, 0x55, 0x55, 0xaa, 0xaa, 0x55, 0x55, 0xaa,
        0xaa, 0x55, 0x55, 0xaa, 0xaa, 0x55, 0x55, 0xaa, 0xaa, 0x55, 0x55, 0xaa,
        0xaa, 0x55, 0x55, 0xaa, 0xaa, 0x55, 0x55, 0xaa, 0xaa, 0x55, 0x55, 0xaa,
        0xaa, 0x55, 0x55, 0xaa, 0xa5, 0x5a, 0x5a, 0xa5, 0x5a, 0xa5, 0xa5, 0x5a,
        0x5a, 0xa5, 0xa5, 0x5a, 0xa5, 0x5a, 0x5a, 0xa5, 0xa5, 0x5a, 0x5a, 0xa5,
        0x5a, 0xa5, 0xa5, 0x5a, 0x5a, 0xa5, 0xa5, 0x5a, 0xa5, 0x5a, 0x5a, 0xa5,
        0xa5, 0x5a, 0x5a, 0xa5, 0x5a, 0xa5, 0xa5, 0x5a, 0x5a, 0xa5, 0xa5, 0x5a,
        0xa5, 0x5a, 0x5a, 0xa5, 0xa5, 0x5a, 0x5a, 0xa5, 0x5a, 0xa5, 0xa5, 0x5a,
        0x5a, 0xa5, 0xa5, 0x5a, 0xa5, 0x5a, 0x5a, 0xa5, 0xa5, 0x5a, 0x5a, 0xa5,
        0x5a, 0xa5, 0xa5, 0x5a, 0x5a, 0xa5, 0xa5, 0x5a, 0xa5, 0x5a, 0x5a, 0xa5,
        0x96, 0x69, 0x96, 0x69, 0x96, 0x69, 0x96, 0x69, 0x69, 0x96, 0x69, 0x96,
        0x69, 0x96, 0x69, 0x96, 0x96, 0x69, 0x96, 0x69, 0x96, 0x69, 0x96, 0x69,
        0x69, 0x96, 0x69, 0x96, 0x69, 0x96, 0x69, 0x96, 0x96, 0x69, 0x96, 0x69,
        0x96, 0x69, 0x96, 0x69, 0x69, 0x96, 0x69, 0x96, 0x69, 0x96, 0x69, 0x96,
        0x96, 0x69, 0x96, 0x69, 0x96, 0x69, 0x96, 0x69, 0x69, 0x96, 0x69, 0x96,
        0x69, 0x96, 0x69, 0x96, 0x96, 0x69, 0x96, 0x69, 0x96, 0x69, 0x96, 0x69,
        0x69, 0x96, 0x69, 0x96, 0x69, 0x96, 0x69, 0x96, 0x55, 0x55, 0x55, 0x55,
        0xaa, 0xaa, 0xaa, 0xaa, 0x55, 0x55, 0x55, 0x55, 0xaa, 0xaa, 0xaa, 0xaa,
        0x55, 0x55, 0x55, 0x55, 0xaa, 0xaa, 0xaa, 0xaa, 0x55, 0x55, 0x55, 0x55,
        0xaa, 0xaa, 0xaa, 0xaa, 0x55, 0x55, 0x55, 0x55, 0xaa, 0xaa, 0xaa, 0xaa,
        0x55, 0x55, 0x55, 0x55, 0xaa, 0xaa, 0xaa, 0xaa, 0x55, 0x55, 0x55, 0x55,
        0xaa, 0xaa, 0xaa, 0xaa, 0x55, 0x55, 0x55, 0x55, 0xaa, 0xaa, 0xaa, 0xaa,
        0x55, 0x55, 0x55, 0x55, 0xaa, 0xaa, 0xaa, 0xaa, 0x55, 0x55, 0x55, 0x55,
        0xaa, 0xaa, 0xaa, 0xaa, 0x99, 0x99, 0x99, 0x99, 0x99, 0x99, 0x99, 0x99,
        0x99, 0x99, 0x99, 0x99, 0x99, 0x99, 0x99, 0x99, 0x99, 0x99, 0x99, 0x99,
        0x99, 0x99, 0x99, 0x99, 0x99, 0x99, 0x99, 0x99, 0x99, 0x99, 0x99, 0x99,
        0x99, 0x99, 0x99, 0x99, 0x99, 0x99, 0x99, 0x99, 0x99, 0x99, 0x99, 0x99,
        0x99, 0x99, 0x99, 0x99, 0x99, 0x99, 0x99, 0x99, 0x99, 0x99, 0x99, 0x99,
        0x99, 0x99, 0x99, 0x99, 0x99, 0x99, 0x99, 0x99, 0x99, 0x99, 0x99, 0x99,
        0x99, 0x99, 0x99, 0x99, 0x99, 0x99, 0x99, 0x99, 0x99, 0x99, 0x99, 0x99,
        0x00, 0xff, 0xff, 0x00, 0xff, 0x00, 0x00, 0xff, 0x00, 0xff, 0xff, 0x00,
        0xff, 0x00, 0x00, 0xff, 0x00, 0xff, 0xff, 0x00, 0xff, 0x00, 0x00, 0xff,
        0x00, 0xff, 0xff, 0x00, 0xff, 0x00, 0x00, 0xff, 0x00, 0xff, 0xff, 0x00,
        0xff, 0x00, 0x00, 0xff, 0x00, 0xff, 0xff, 0x00, 0xff, 0x00, 0x00, 0xff,
        0x00, 0xff, 0xff, 0x00, 0xff, 0x00, 0x00, 0xff, 0x00, 0xff, 0xff, 0x00,
        0xff, 0x00, 0x00, 0xff, 0x00, 0xff, 0xff, 0x00, 0xff, 0x00, 0x00, 0xff,
        0x00, 0xff, 0xff, 0x00, 0xff, 0x00, 0x00, 0xff, 0x5a, 0xa5, 0xa5, 0x5a,
        0xa5, 0x5a, 0x5a, 0xa5, 0xa5, 0x5a, 0x5a, 0xa5, 0x5a, 0xa5, 0xa5, 0x5a,
        0x5a, 0xa5, 0xa5, 0x5a, 0xa5, 0x5a, 0x5a, 0xa5, 0xa5, 0x5a, 0x5a, 0xa5,
        0x5a, 0xa5, 0xa5, 0x5a, 0x5a, 0xa5, 0xa5, 0x5a, 0xa5, 0x5a, 0x5a, 0xa5,
        0xa5, 0x5a, 0x5a, 0xa5, 0x5a, 0xa5, 0xa5, 0x5a, 0x5a, 0xa5, 0xa5, 0x5a,
        0xa5, 0x5a, 0x5a, 0xa5, 0xa5, 0x5a, 0x5a, 0xa5, 0x5a, 0xa5, 0xa5, 0x5a,
        0x5a, 0xa5, 0xa5, 0x5a, 0xa5, 0x5a, 0x5a, 0xa5, 0xa5, 0x5a, 0x5a, 0xa5,
        0x5a, 0xa5, 0xa5, 0x5a, 0xc3, 0x3c, 0x3c, 0xc3, 0x3c, 0xc3, 0xc3, 0x3c,
        0x3c, 0xc3, 0xc3, 0x3c, 0xc3, 0x3c, 0x3c, 0xc3, 0xc3, 0x3c, 0x3c, 0xc3,
        0x3c, 0xc3, 0xc3, 0x3c, 0x3c, 0xc3, 0xc3, 0x3c, 0xc3, 0x3c, 0x3c, 0xc3,
        0xc3, 0x3c, 0x3c, 0xc3, 0x3c, 0xc3, 0xc3, 0x3c, 0x3c, 0xc3, 0xc3, 0x3c,
        0xc3, 0x3c, 0x3c, 0xc3, 0xc3, 0x3c, 0x3c, 0xc3, 0x3c, 0xc3, 0xc3, 0x3c,
        0x3c, 0xc3, 0xc3, 0x3c, 0xc3, 0x3c, 0x3c, 0xc3, 0xc3, 0x3c, 0x3c, 0xc3,
        0x3c, 0xc3, 0xc3, 0x3c, 0x3c, 0xc3, 0xc3, 0x3c, 0xc3, 0x3c, 0x3c, 0xc3,
        0x33, 0x33, 0xcc, 0xcc, 0x33, 0x33, 0xcc, 0xcc, 0xcc, 0xcc, 0x33, 0x33,
        0xcc, 0xcc, 0x33, 0x33, 0x33, 0x33, 0xcc, 0xcc, 0x33, 0x33, 0xcc, 0xcc,
        0xcc, 0xcc, 0x33, 0x33, 0xcc, 0xcc, 0x33, 0x33, 0x33, 0x33, 0xcc, 0xcc,
        0x33, 0x33, 0xcc, 0xcc, 0xcc, 0xcc, 0x33, 0x33, 0xcc, 0xcc, 0x33, 0x33,
        0x33, 0x33, 0xcc, 0xcc, 0x33, 0x33, 0xcc, 0xcc, 0xcc, 0xcc, 0x33, 0x33,
        0xcc, 0xcc, 0x33, 0x33, 0x33, 0x33, 0xcc, 0xcc, 0x33, 0x33, 0xcc, 0xcc,
        0xcc, 0xcc, 0x33, 0x33, 0xcc, 0xcc, 0x33, 0x33, 0xaa, 0xaa, 0x55, 0x55,
        0xaa, 0xaa, 0x55, 0x55, 0xaa, 0xaa, 0x55, 0x55, 0xaa, 0xaa, 0x55, 0x55,
        0xaa, 0xaa, 0x55, 0x55, 0xaa, 0xaa, 0x55, 0x55, 0xaa, 0xaa, 0x55, 0x55,
        0xaa, 0xaa, 0x55, 0x55, 0xaa, 0xaa, 0x55, 0x55, 0xaa, 0xaa, 0x55, 0x55,
        0xaa, 0xaa, 0x55, 0x55, 0xaa, 0xaa, 0x55, 0x55, 0xaa, 0xaa, 0x55, 0x55,
        0xaa, 0xaa, 0x55, 0x55, 0xaa, 0xaa, 0x55, 0x55, 0xaa, 0xaa, 0x55, 0x55,
        0xaa, 0xaa, 0x55, 0x55, 0xaa, 0xaa, 0x55, 0x55, 0xaa, 0xaa, 0x55, 0x55,
        0xaa, 0xaa, 0x55, 0x55, 0xaa, 0x55, 0x55, 0xaa, 0xaa, 0x55, 0x55, 0xaa,
        0x55, 0xaa, 0xaa, 0x55, 0x55, 0xaa, 0xaa, 0x55, 0xaa, 0x55, 0x55, 0xaa,
        0xaa, 0x55, 0x55, 0xaa, 0x55, 0xaa, 0xaa, 0x55, 0x55, 0xaa, 0xaa, 0x55,
        0xaa, 0x55, 0x55, 0xaa, 0xaa, 0x55, 0x55, 0xaa, 0x55, 0xaa, 0xaa, 0x55,
        0x55, 0xaa, 0xaa, 0x55, 0xaa, 0x55, 0x55, 0xaa, 0xaa, 0x55, 0x55, 0xaa,
        0x55, 0xaa, 0xaa, 0x55, 0x55, 0xaa, 0xaa, 0x55, 0xaa, 0x55, 0x55, 0xaa,
        0xaa, 0x55, 0x55, 0xaa, 0x55, 0xaa, 0xaa, 0x55, 0x55, 0xaa, 0xaa, 0x55,
        0xf0, 0xf0, 0x0f, 0x0f, 0x0f, 0x0f, 0xf0, 0xf0, 0xf0, 0xf0, 0x0f, 0x0f,
        0x0f, 0x0f, 0xf0, 0xf0, 0xf0, 0xf0, 0x0f, 0x0f, 0x0f, 0x0f, 0xf0, 0xf0,
        0xf0, 0xf0, 0x0f, 0x0f, 0x0f, 0x0f, 0xf0, 0xf0, 0xf0, 0xf0, 0x0f, 0x0f,
        0x0f, 0x0f, 0xf0, 0xf0, 0xf0, 0xf0, 0x0f, 0x0f, 0x0f, 0x0f, 0xf0, 0xf0,
        0xf0, 0xf0, 0x0f, 0x0f, 0x0f, 0x0f, 0xf0, 0xf0, 0xf0, 0xf0, 0x0f, 0x0f,
        0x0f, 0x0f, 0xf0, 0xf0, 0xf0, 0xf0, 0x0f, 0x0f, 0x0f, 0x0f, 0xf0, 0xf0,
        0xf0, 0xf0, 0x0f, 0x0f, 0x0f, 0x0f, 0xf0, 0xf0, 0xff, 0xff, 0xff, 0xff,
        0xff, 0xff, 0xff, 0xff, 0xff, 0xff, 0xff, 0xff, 0xff, 0xff, 0xff, 0xff,
        0xff, 0xff, 0xff, 0xff, 0xff, 0xff, 0xff, 0xff, 0xff, 0xff, 0xff, 0xff,
        0xff, 0xff, 0xff, 0xff, 0xff, 0xff, 0xff, 0xff, 0xff, 0xff, 0xff, 0xff,
        0xff, 0xff, 0xff, 0xff, 0xff, 0xff, 0xff, 0xff, 0xff, 0xff, 0xff, 0xff,
        0xff, 0xff, 0xff, 0xff, 0xff, 0xff, 0xff, 0xff, 0xff, 0xff, 0xff, 0xff,
        0xff, 0xff, 0xff, 0xff, 0xff, 0xff, 0xff, 0xff, 0xff, 0xff, 0xff, 0xff,
        0xff, 0xff, 0xff, 0xff, 0xc3, 0xc3, 0xc3, 0xc3, 0xc3, 0xc3, 0xc3, 0xc3,
        0x3c, 0x3c, 0x3c, 0x3c, 0x3c, 0x3c, 0x3c, 0x3c, 0xc3, 0xc3, 0xc3, 0xc3,
        0xc3, 0xc3, 0xc3, 0xc3, 0x3c, 0x3c, 0x3c, 0x3c, 0x3c, 0x3c, 0x3c, 0x3c,
        0xc3, 0xc3, 0xc3, 0xc3, 0xc3, 0xc3, 0xc3, 0xc3, 0x3c, 0x3c, 0x3c, 0x3c,
        0x3c, 0x3c, 0x3c, 0x3c, 0xc3, 0xc3, 0xc3, 0xc3, 0xc3, 0xc3, 0xc3, 0xc3,
        0x3c, 0x3c, 0x3c, 0x3c, 0x3c, 0x3c, 0x3c, 0x3c, 0xc3, 0xc3, 0xc3, 0xc3,
        0xc3, 0xc3, 0xc3, 0xc3, 0x3c, 0x3c, 0x3c, 0x3c, 0x3c, 0x3c, 0x3c, 0x3c,
        0x0f, 0x0f, 0x0f, 0x0f, 0xf0, 0xf0, 0xf0, 0xf0, 0x0f, 0x0f, 0x0f, 0x0f,
        0xf0, 0xf0, 0xf0, 0xf0, 0x0f, 0x0f, 0x0f, 0x0f, 0xf0, 0xf0, 0xf0, 0xf0,
        0x0f, 0x0f, 0x0f, 0x0f, 0xf0, 0xf0, 0xf0, 0xf0, 0x0f, 0x0f, 0x0f, 0x0f,
        0xf0, 0xf0, 0xf0, 0xf0, 0x0f, 0x0f, 0x0f, 0x0f, 0xf0, 0xf0, 0xf0, 0xf0,
        0x0f, 0x0f, 0x0f, 0x0f, 0xf0, 0xf0, 0xf0, 0xf0, 0x0f, 0x0f, 0x0f, 0x0f,
        0xf0, 0xf0, 0xf0, 0xf0, 0x0f, 0x0f, 0x0f, 0x0f, 0xf0, 0xf0, 0xf0, 0xf0,
        0x0f, 0x0f, 0x0f, 0x0f, 0xf0, 0xf0, 0xf0, 0xf0, 0x3c, 0x3c, 0x3c, 0x3c,
        0x3c, 0x3c, 0x3c, 0x3c, 0xc3, 0xc3, 0xc3, 0xc3, 0xc3, 0xc3, 0xc3, 0xc3,
        0x3c, 0x3c, 0x3c, 0x3c, 0x3c, 0x3c, 0x3c, 0x3c, 0xc3, 0xc3, 0xc3, 0xc3,
        0xc3, 0xc3, 0xc3, 0xc3, 0x3c, 0x3c, 0x3c, 0x3c, 0x3c, 0x3c, 0x3c, 0x3c,
        0xc3, 0xc3, 0xc3, 0xc3, 0xc3, 0xc3, 0xc3, 0xc3, 0x3c, 0x3c, 0x3c, 0x3c,
        0x3c, 0x3c, 0x3c, 0x3c, 0xc3, 0xc3, 0xc3, 0xc3, 0xc3, 0xc3, 0xc3, 0xc3,
        0x3c, 0x3c, 0x3c, 0x3c, 0x3c, 0x3c, 0x3c, 0x3c, 0xc3, 0xc3, 0xc3, 0xc3,
        0xc3, 0xc3, 0xc3, 0xc3, 0xa5, 0x5a, 0xa5, 0x5a, 0xa5, 0x5a, 0xa5, 0x5a,
        0xa5, 0x5a, 0xa5, 0x5a, 0xa5, 0x5a, 0xa5, 0x5a, 0xa5, 0x5a, 0xa5, 0x5a,
        0xa5, 0x5a, 0xa5, 0x5a, 0xa5, 0x5a, 0xa5, 0x5a, 0xa5, 0x5a, 0xa5, 0x5a,
        0xa5, 0x5a, 0xa5, 0x5a, 0xa5, 0x5a, 0xa5, 0x5a, 0xa5, 0x5a, 0xa5, 0x5a,
        0xa5, 0x5a, 0xa5, 0x5a, 0xa5, 0x5a, 0xa5, 0x5a, 0xa5, 0x5a, 0xa5, 0x5a,
        0xa5, 0x5a, 0xa5, 0x5a, 0xa5, 0x5a, 0xa5, 0x5a, 0xa5, 0x5a, 0xa5, 0x5a,
        0xa5, 0x5a, 0xa5, 0x5a, 0xa5, 0x5a, 0xa5, 0x5a, 0xa5, 0x5a, 0xa5, 0x5a,
        0x0f, 0x0f, 0x0f, 0x0f, 0xf0, 0xf0, 0xf0, 0xf0, 0x0f, 0x0f, 0x0f, 0x0f,
        0xf0, 0xf0, 0xf0, 0xf0, 0x0f, 0x0f, 0x0f, 0x0f, 0xf0, 0xf0, 0xf0, 0xf0,
        0x0f, 0x0f, 0x0f, 0x0f, 0xf0, 0xf0, 0xf0, 0xf0, 0x0f, 0x0f, 0x0f, 0x0f,
        0xf0, 0xf0, 0xf0, 0xf0, 0x0f, 0x0f, 0x0f, 0x0f, 0xf0, 0xf0, 0xf0, 0xf0,
        0x0f, 0x0f, 0x0f, 0x0f, 0xf0, 0xf0, 0xf0, 0xf0, 0x0f, 0x0f, 0x0f, 0x0f,
        0xf0, 0xf0, 0xf0, 0xf0, 0x0f, 0x0f, 0x0f, 0x0f, 0xf0, 0xf0, 0xf0, 0xf0,
        0x0f, 0x0f, 0x0f, 0x0f, 0xf0, 0xf0, 0xf0, 0xf0, 0x99, 0x99, 0x99, 0x99,
        0x66, 0x66, 0x66, 0x66, 0x99, 0x99, 0x99, 0x99, 0x66, 0x66, 0x66, 0x66,
        0x99, 0x99, 0x99, 0x99, 0x66, 0x66, 0x66, 0x66, 0x99, 0x99, 0x99, 0x99,
        0x66, 0x66, 0x66, 0x66, 0x99, 0x99, 0x99, 0x99, 0x66, 0x66, 0x66, 0x66,
        0x99, 0x99, 0x99, 0x99, 0x66, 0x66, 0x66, 0x66, 0x99, 0x99, 0x99, 0x99,
        0x66, 0x66, 0x66, 0x66, 0x99, 0x99, 0x99, 0x99, 0x66, 0x66, 0x66, 0x66,
        0x99, 0x99, 0x99, 0x99, 0x66, 0x66, 0x66, 0x66, 0x99, 0x99, 0x99, 0x99,
        0x66, 0x66, 0x66, 0x66, 0x3c, 0xc3, 0x3c, 0xc3, 0x3c, 0xc3, 0x3c, 0xc3,
        0xc3, 0x3c, 0xc3, 0x3c, 0xc3, 0x3c, 0xc3, 0x3c, 0x3c, 0xc3, 0x3c, 0xc3,
        0x3c, 0xc3, 0x3c, 0xc3, 0xc3, 0x3c, 0xc3, 0x3c, 0xc3, 0x3c, 0xc3, 0x3c,
        0x3c, 0xc3, 0x3c, 0xc3, 0x3c, 0xc3, 0x3c, 0xc3, 0xc3, 0x3c, 0xc3, 0x3c,
        0xc3, 0x3c, 0xc3, 0x3c, 0x3c, 0xc3, 0x3c, 0xc3, 0x3c, 0xc3, 0x3c, 0xc3,
        0xc3, 0x3c, 0xc3, 0x3c, 0xc3, 0x3c, 0xc3, 0x3c, 0x3c, 0xc3, 0x3c, 0xc3,
        0x3c, 0xc3, 0x3c, 0xc3, 0xc3, 0x3c, 0xc3, 0x3c, 0xc3, 0x3c, 0xc3, 0x3c,
        0xaa, 0xaa, 0x55, 0x55, 0xaa, 0xaa, 0x55, 0x55, 0xaa, 0xaa, 0x55, 0x55,
        0xaa, 0xaa, 0x55, 0x55, 0xaa, 0xaa, 0x55, 0x55, 0xaa, 0xaa, 0x55, 0x55,
        0xaa, 0xaa, 0x55, 0x55, 0xaa, 0xaa, 0x55, 0x55, 0xaa, 0xaa, 0x55, 0x55,
        0xaa, 0xaa, 0x55, 0x55, 0xaa, 0xaa, 0x55, 0x55, 0xaa, 0xaa, 0x55, 0x55,
        0xaa, 0xaa, 0x55, 0x55, 0xaa, 0xaa, 0x55, 0x55, 0xaa, 0xaa, 0x55, 0x55,
        0xaa, 0xaa, 0x55, 0x55, 0xaa, 0xaa, 0x55, 0x55, 0xaa, 0xaa, 0x55, 0x55,
        0xaa, 0xaa, 0x55, 0x55, 0xaa, 0xaa, 0x55, 0x55, 0x0f, 0xf0, 0x0f, 0xf0,
        0xf0, 0x0f, 0xf0, 0x0f, 0x0f, 0xf0, 0x0f, 0xf0, 0xf0, 0x0f, 0xf0, 0x0f,
        0x0f, 0xf0, 0x0f, 0xf0, 0xf0, 0x0f, 0xf0, 0x0f, 0x0f, 0xf0, 0x0f, 0xf0,
        0xf0, 0x0f, 0xf0, 0x0f, 0x0f, 0xf0, 0x0f, 0xf0, 0xf0, 0x0f, 0xf0, 0x0f,
        0x0f, 0xf0, 0x0f, 0xf0, 0xf0, 0x0f, 0xf0, 0x0f, 0x0f, 0xf0, 0x0f, 0xf0,
        0xf0, 0x0f, 0xf0, 0x0f, 0x0f, 0xf0, 0x0f, 0xf0, 0xf0, 0x0f, 0xf0, 0x0f,
        0x0f, 0xf0, 0x0f, 0xf0, 0xf0, 0x0f, 0xf0, 0x0f, 0x0f, 0xf0, 0x0f, 0xf0,
        0xf0, 0x0f, 0xf0, 0x0f, 0x0f, 0x0f, 0xf0, 0xf0, 0xf0, 0xf0, 0x0f, 0x0f,
        0xf0, 0xf0, 0x0f, 0x0f, 0x0f, 0x0f, 0xf0, 0xf0, 0x0f, 0x0f, 0xf0, 0xf0,
        0xf0, 0xf0, 0x0f, 0x0f, 0xf0, 0xf0, 0x0f, 0x0f, 0x0f, 0x0f, 0xf0, 0xf0,
        0x0f, 0x0f, 0xf0, 0xf0, 0xf0, 0xf0, 0x0f, 0x0f, 0xf0, 0xf0, 0x0f, 0x0f,
        0x0f, 0x0f, 0xf0, 0xf0, 0x0f, 0x0f, 0xf0, 0xf0, 0xf0, 0xf0, 0x0f, 0x0f,
        0xf0, 0xf0, 0x0f, 0x0f, 0x0f, 0x0f, 0xf0, 0xf0, 0x0f, 0x0f, 0xf0, 0xf0,
        0xf0, 0xf0, 0x0f, 0x0f, 0xf0, 0xf0, 0x0f, 0x0f, 0x0f, 0x0f, 0xf0, 0xf0,
        0x0f, 0x0f, 0xf0, 0xf0, 0xf0, 0xf0, 0x0f, 0x0f, 0x0f, 0x0f, 0xf0, 0xf0,
        0xf0, 0xf0, 0x0f, 0x0f, 0x0f, 0x0f, 0xf0, 0xf0, 0xf0, 0xf0, 0x0f, 0x0f,
        0x0f, 0x0f, 0xf0, 0xf0, 0xf0, 0xf0, 0x0f, 0x0f, 0x0f, 0x0f, 0xf0, 0xf0,
        0xf0, 0xf0, 0x0f, 0x0f, 0x0f, 0x0f, 0xf0, 0xf0, 0xf0, 0xf0, 0x0f, 0x0f,
        0x0f, 0x0f, 0xf0, 0xf0, 0xf0, 0xf0, 0x0f, 0x0f, 0x0f, 0x0f, 0xf0, 0xf0,
        0xf0, 0xf0, 0x0f, 0x0f, 0x0f, 0x0f, 0xf0, 0xf0, 0xf0, 0xf0, 0x0f, 0x0f,
        0x0f, 0x0f, 0xf0, 0xf0, 0xf0, 0xf0, 0x0f, 0x0f, 0xa5, 0x5a, 0xa5, 0x5a,
        0x5a, 0xa5, 0x5a, 0xa5, 0x5a, 0xa5, 0x5a, 0xa5, 0xa5, 0x5a, 0xa5, 0x5a,
        0xa5, 0x5a, 0xa5, 0x5a, 0x5a, 0xa5, 0x5a, 0xa5, 0x5a, 0xa5, 0x5a, 0xa5,
        0xa5, 0x5a, 0xa5, 0x5a, 0xa5, 0x5a, 0xa5, 0x5a, 0x5a, 0xa5, 0x5a, 0xa5,
        0x5a, 0xa5, 0x5a, 0xa5, 0xa5, 0x5a, 0xa5, 0x5a, 0xa5, 0x5a, 0xa5, 0x5a,
        0x5a, 0xa5, 0x5a, 0xa5, 0x5a, 0xa5, 0x5a, 0xa5, 0xa5, 0x5a, 0xa5, 0x5a,
        0xa5, 0x5a, 0xa5, 0x5a, 0x5a, 0xa5, 0x5a, 0xa5, 0x5a, 0xa5, 0x5a, 0xa5,
        0xa5, 0x5a, 0xa5, 0x5a, 0x66, 0x66, 0x66, 0x66, 0x66, 0x66, 0x66, 0x66,
        0x99, 0x99, 0x99, 0x99, 0x99, 0x99, 0x99, 0x99, 0x66, 0x66, 0x66, 0x66,
        0x66, 0x66, 0x66, 0x66, 0x99, 0x99, 0x99, 0x99, 0x99, 0x99, 0x99, 0x99,
        0x66, 0x66, 0x66, 0x66, 0x66, 0x66, 0x66, 0x66, 0x99, 0x99, 0x99, 0x99,
        0x99, 0x99, 0x99, 0x99, 0x66, 0x66, 0x66, 0x66, 0x66, 0x66, 0x66, 0x66,
        0x99, 0x99, 0x99, 0x99, 0x99, 0x99, 0x99, 0x99, 0x66, 0x66, 0x66, 0x66,
        0x66, 0x66, 0x66, 0x66, 0x99, 0x99, 0x99, 0x99, 0x99, 0x99, 0x99, 0x99,
        0xbf, 0x90, 0x7e, 0x8d, 0x9c, 0xab, 0x45, 0x36, 0xd8, 0xe7, 0x09, 0xfa,
        0xeb, 0xdc, 0x32, 0x41, 0xaf, 0x80, 0x8e, 0x9d, 0xac, 0xbb, 0x35, 0x26,
        0xe8, 0xf7, 0xf9, 0xea, 0xdb, 0xcc, 0x42, 0x51, 0x9f, 0x70, 0x9e, 0xad,
        0xbc, 0xcb, 0x25, 0x16, 0xf8, 0x07, 0xe9, 0xda, 0xcb, 0xbc, 0x52, 0x61,
        0x8f, 0x60, 0xae, 0xbd, 0xcc, 0xdb, 0x15, 0x06, 0x08, 0x17, 0xd9, 0xca,
        0xbb, 0xac, 0x62, 0x71, 0x7f, 0x50, 0xbe, 0xcd, 0xdc, 0xeb, 0x05, 0xf6,
        0x18, 0x27, 0xc9, 0xba, 0xab, 0x9c, 0x72, 0x81, 0xcc, 0xcc, 0xcc, 0xcc,
        0x33, 0x33, 0x33, 0x33, 0x33, 0x33, 0x33, 0x33, 0xcc, 0xcc, 0xcc, 0xcc,
        0xcc, 0xcc, 0xcc, 0xcc, 0x33, 0x33, 0x33, 0x33, 0x33, 0x33, 0x33, 0x33,
        0xcc, 0xcc, 0xcc, 0xcc, 0xcc, 0xcc, 0xcc, 0xcc, 0x33, 0x33, 0x33, 0x33,
        0x33, 0x33, 0x33, 0x33, 0xcc, 0xcc, 0xcc, 0xcc, 0xcc, 0xcc, 0xcc, 0xcc,
        0x33, 0x33, 0x33, 0x33, 0x33, 0x33, 0x33, 0x33, 0xcc, 0xcc, 0xcc, 0xcc,
        0xcc, 0xcc, 0xcc, 0xcc, 0x33, 0x33, 0x33, 0x33, 0x33, 0x33, 0x33, 0x33,
        0xcc, 0xcc, 0xcc, 0xcc, 0x00, 0x00, 0x00, 0x00, 0x00, 0x00, 0x00, 0x00,
        0xff, 0xff, 0xff, 0xff, 0xff, 0xff, 0xff, 0xff, 0x00, 0x00, 0x00, 0x00,
        0x00, 0x00, 0x00, 0x00, 0xff, 0xff, 0xff, 0xff, 0xff, 0xff, 0xff, 0xff,
        0x00, 0x00, 0x00, 0x00, 0x00, 0x00, 0x00, 0x00, 0xff, 0xff, 0xff, 0xff,
        0xff, 0xff, 0xff, 0xff, 0x00, 0x00, 0x00, 0x00, 0x00, 0x00, 0x00, 0x00,
        0xff, 0xff, 0xff, 0xff, 0xff, 0xff, 0xff, 0xff, 0x00, 0x00, 0x00, 0x00,
        0x00, 0x00, 0x00, 0x00, 0xff, 0xff, 0xff, 0xff, 0xff, 0xff, 0xff, 0xff,
        0xc3, 0xc3, 0xc3, 0xc3, 0xc3, 0xc3, 0xc3, 0xc3, 0x3c, 0x3c, 0x3c, 0x3c,
        0x3c, 0x3c, 0x3c, 0x3c, 0xc3, 0xc3, 0xc3, 0xc3, 0xc3, 0xc3, 0xc3, 0xc3,
        0x3c, 0x3c, 0x3c, 0x3c, 0x3c, 0x3c, 0x3c, 0x3c, 0xc3, 0xc3, 0xc3, 0xc3,
        0xc3, 0xc3, 0xc3, 0xc3, 0x3c, 0x3c, 0x3c, 0x3c, 0x3c, 0x3c, 0x3c, 0x3c,
        0xc3, 0xc3, 0xc3, 0xc3, 0xc3, 0xc3, 0xc3, 0xc3, 0x3c, 0x3c, 0x3c, 0x3c,
        0x3c, 0x3c, 0x3c, 0x3c, 0xc3, 0xc3, 0xc3, 0xc3, 0xc3, 0xc3, 0xc3, 0xc3,
        0x3c, 0x3c, 0x3c, 0x3c, 0x3c, 0x3c, 0x3c, 0x3c, 0xc3, 0xc3, 0x3c, 0x3c,
        0x3c, 0x3c, 0xc3, 0xc3, 0x3c, 0x3c, 0xc3, 0xc3, 0xc3, 0xc3, 0x3c, 0x3c,
        0xc3, 0xc3, 0x3c, 0x3c, 0x3c, 0x3c, 0xc3, 0xc3, 0x3c, 0x3c, 0xc3, 0xc3,
        0xc3, 0xc3, 0x3c, 0x3c, 0xc3, 0xc3, 0x3c, 0x3c, 0x3c, 0x3c, 0xc3, 0xc3,
        0x3c, 0x3c, 0xc3, 0xc3, 0xc3, 0xc3, 0x3c, 0x3c, 0xc3, 0xc3, 0x3c, 0x3c,
        0x3c, 0x3c, 0xc3, 0xc3, 0x3c, 0x3c, 0xc3, 0xc3, 0xc3, 0xc3, 0x3c, 0x3c,
        0xc3, 0xc3, 0x3c, 0x3c, 0x3c, 0x3c, 0xc3, 0xc3, 0x3c, 0x3c, 0xc3, 0xc3,
        0xc3, 0xc3, 0x3c, 0x3c, 0x33, 0xcc, 0x33, 0xcc, 0xcc, 0x33, 0xcc, 0x33,
        0xcc, 0x33, 0xcc, 0x33, 0x33, 0xcc, 0x33, 0xcc, 0x33, 0xcc, 0x33, 0xcc,
        0xcc, 0x33, 0xcc, 0x33, 0xcc, 0x33, 0xcc, 0x33, 0x33, 0xcc, 0x33, 0xcc,
        0x33, 0xcc, 0x33, 0xcc, 0xcc, 0x33, 0xcc, 0x33, 0xcc, 0x33, 0xcc, 0x33,
        0x33, 0xcc, 0x33, 0xcc, 0x33, 0xcc, 0x33, 0xcc, 0xcc, 0x33, 0xcc, 0x33,
        0xcc, 0x33, 0xcc, 0x33, 0x33, 0xcc, 0x33, 0xcc, 0x33, 0xcc, 0x33, 0xcc,
        0xcc, 0x33, 0xcc, 0x33, 0xcc, 0x33, 0xcc, 0x33, 0x33, 0xcc, 0x33, 0xcc,
        0x33, 0xcc, 0x33, 0xcc, 0x33, 0xcc, 0x33, 0xcc, 0x33, 0xcc, 0x33, 0xcc,
        0x33, 0xcc, 0x33, 0xcc, 0x33, 0xcc, 0x33, 0xcc, 0x33, 0xcc, 0x33, 0xcc,
        0x33, 0xcc, 0x33, 0xcc, 0x33, 0xcc, 0x33, 0xcc, 0x33, 0xcc, 0x33, 0xcc,
        0x33, 0xcc, 0x33, 0xcc, 0x33, 0xcc, 0x33, 0xcc, 0x33, 0xcc, 0x33, 0xcc,
        0x33, 0xcc, 0x33, 0xcc, 0x33, 0xcc, 0x33, 0xcc, 0x33, 0xcc, 0x33, 0xcc,
        0x33, 0xcc, 0x33, 0xcc, 0x33, 0xcc, 0x33, 0xcc, 0x33, 0xcc, 0x33, 0xcc,
        0x33, 0xcc, 0x33, 0xcc, 0x33, 0xcc, 0x33, 0xcc, 0xff, 0xff, 0xff, 0xff,
        0xff, 0xff, 0xff, 0xff, 0xff, 0xff, 0xff, 0xff, 0xff, 0xff, 0xff, 0xff,
        0xff, 0xff, 0xff, 0xff, 0xff, 0xff, 0xff, 0xff, 0xff, 0xff, 0xff, 0xff,
        0xff, 0xff, 0xff, 0xff, 0xff, 0xff, 0xff, 0xff, 0xff, 0xff, 0xff, 0xff,
        0xff, 0xff, 0xff, 0xff, 0xff, 0xff, 0xff, 0xff, 0xff, 0xff, 0xff, 0xff,
        0xff, 0xff, 0xff, 0xff, 0xff, 0xff, 0xff, 0xff, 0xff, 0xff, 0xff, 0xff,
        0xff, 0xff, 0xff, 0xff, 0xff, 0xff, 0xff, 0xff, 0xff, 0xff, 0xff, 0xff,
        0xff, 0xff, 0xff, 0xff, 0xfe, 0x1e, 0xef, 0x03, 0x32, 0xda, 0xab, 0x47,
        0x76, 0x66, 0x77, 0xbb, 0xaa, 0x22, 0x33, 0xff, 0xee, 0xee, 0xff, 0x33,
        0x22, 0xaa, 0xbb, 0x77, 0x66, 0x76, 0x47, 0xab, 0xda, 0x32, 0x03, 0xef,
        0x1e, 0xfe, 0xcf, 0x23, 0x52, 0xba, 0x8b, 0x67, 0x96, 0x46, 0x57, 0xdb,
        0xca, 0x02, 0x13, 0x1f, 0x0e, 0xce, 0xdf, 0x53, 0x42, 0x8a, 0x9b, 0x97,
        0x86, 0x56, 0x27, 0xcb, 0xfa, 0x12, 0xe3, 0x0f, 0x3e, 0xde, 0xaf, 0x43,
        0x72, 0x9a, 0x6b, 0x87, 0xb6, 0x26, 0x37, 0xfb, 0xea, 0xe2, 0xf3, 0x3f,
        0xaa, 0xaa, 0x55, 0x55, 0xaa, 0xaa, 0x55, 0x55, 0xaa, 0xaa, 0x55, 0x55,
        0xaa, 0xaa, 0x55, 0x55, 0xaa, 0xaa, 0x55, 0x55, 0xaa, 0xaa, 0x55, 0x55,
        0xaa, 0xaa, 0x55, 0x55, 0xaa, 0xaa, 0x55, 0x55, 0xaa, 0xaa, 0x55, 0x55,
        0xaa, 0xaa, 0x55, 0x55, 0xaa, 0xaa, 0x55, 0x55, 0xaa, 0xaa, 0x55, 0x55,
        0xaa, 0xaa, 0x55, 0x55, 0xaa, 0xaa, 0x55, 0x55, 0xaa, 0xaa, 0x55, 0x55,
        0xaa, 0xaa, 0x55, 0x55, 0xaa, 0xaa, 0x55, 0x55, 0xaa, 0xaa, 0x55, 0x55,
        0xaa, 0xaa, 0x55, 0x55, 0xaa, 0xaa, 0x55, 0x55, 0x50, 0xb8, 0x49, 0xa5,
        0x6b, 0x8b, 0xfa, 0x16, 0xd8, 0x30, 0xc1, 0x2d, 0xe3, 0x73, 0x62, 0xae,
        0x40, 0x48, 0x59, 0x95, 0x7b, 0xfb, 0xea, 0x26, 0xc8, 0xc0, 0xd1, 0x1d,
        0xf3, 0x63, 0x52, 0xbe, 0xb0, 0x58, 0x69, 0x85, 0x0b, 0xeb, 0xda, 0x36,
        0x38, 0xd0, 0xe1, 0x0d, 0x83, 0x53, 0x42, 0x4e, 0xa0, 0x68, 0x79, 0xf5,
        0x1b, 0xdb, 0xca, 0xc6, 0x28, 0xe0, 0xf1, 0x7d, 0x93, 0x43, 0xb2, 0x5e,
        0x90, 0x78, 0x09, 0xe5, 0x2b, 0xcb, 0x3a, 0xd6, 0x18, 0xf0, 0x81, 0x6d,
        0xa3, 0xb3, 0xa2, 0x6e, 0x5a, 0xa5, 0xa5, 0x5a, 0x5a, 0xa5, 0xa5, 0x5a,
        0xa5, 0x5a, 0x5a, 0xa5, 0xa5, 0x5a, 0x5a, 0xa5, 0x5a, 0xa5, 0xa5, 0x5a,
        0x5a, 0xa5, 0xa5, 0x5a, 0xa5, 0x5a, 0x5a, 0xa5, 0xa5, 0x5a, 0x5a, 0xa5,
        0x5a, 0xa5, 0xa5, 0x5a, 0x5a, 0xa5, 0xa5, 0x5a, 0xa5, 0x5a, 0x5a, 0xa5,
        0xa5, 0x5a, 0x5a, 0xa5, 0x5a, 0xa5, 0xa5, 0x5a, 0x5a, 0xa5, 0xa5, 0x5a,
        0xa5, 0x5a, 0x5a, 0xa5, 0xa5, 0x5a, 0x5a, 0xa5, 0x5a, 0xa5, 0xa5, 0x5a,
        0x5a, 0xa5, 0xa5, 0x5a, 0xa5, 0x5a, 0x5a, 0xa5, 0xa5, 0x5a, 0x5a, 0xa5,
        0xc3, 0xc3, 0xc3, 0xc3, 0x3c, 0x3c, 0x3c, 0x3c, 0xc3, 0xc3, 0xc3, 0xc3,
        0x3c, 0x3c, 0x3c, 0x3c, 0xc3, 0xc3, 0xc3, 0xc3, 0x3c, 0x3c, 0x3c, 0x3c,
        0xc3, 0xc3, 0xc3, 0xc3, 0x3c, 0x3c, 0x3c, 0x3c, 0xc3, 0xc3, 0xc3, 0xc3,
        0x3c, 0x3c, 0x3c, 0x3c, 0xc3, 0xc3, 0xc3, 0xc3, 0x3c, 0x3c, 0x3c, 0x3c,
        0xc3, 0xc3, 0xc3, 0xc3, 0x3c, 0x3c, 0x3c, 0x3c, 0xc3, 0xc3, 0xc3, 0xc3,
        0x3c, 0x3c, 0x3c, 0x3c, 0xc3, 0xc3, 0xc3, 0xc3, 0x3c, 0x3c, 0x3c, 0x3c,
        0xc3, 0xc3, 0xc3, 0xc3, 0x3c, 0x3c, 0x3c, 0x3c, 0x8f, 0xf8, 0xe9, 0xda,
        0x34, 0xcb, 0xda, 0xe9, 0x07, 0x70, 0x61, 0x52, 0xbc, 0x53, 0x62, 0x71,
        0xff, 0xe8, 0xd9, 0xca, 0xc4, 0xdb, 0xea, 0xf9, 0x77, 0x60, 0x51, 0x42,
        0x4c, 0x63, 0x72, 0x01, 0xef, 0xd8, 0xc9, 0x3a, 0xd4, 0xeb, 0xfa, 0x89,
        0x67, 0x50, 0x41, 0xb2, 0x5c, 0x73, 0x02, 0x11, 0xdf, 0xc8, 0x39, 0x2a,
        0xe4, 0xfb, 0x8a, 0x99, 0x57, 0x40, 0xb1, 0xa2, 0x6c, 0x03, 0x12, 0x21,
        0xcf, 0x38, 0x29, 0x1a, 0xf4, 0x8b, 0x9a, 0xa9, 0x47, 0xb0, 0xa1, 0x92,
        0x7c, 0x13, 0x22, 0x31, 0x96, 0x69, 0x69, 0x96, 0x69, 0x96, 0x96, 0x69,
        0x96, 0x69, 0x69, 0x96, 0x69, 0x96, 0x96, 0x69, 0x96, 0x69, 0x69, 0x96,
        0x69, 0x96, 0x96, 0x69, 0x96, 0x69, 0x69, 0x96, 0x69, 0x96, 0x96, 0x69,
        0x96, 0x69, 0x69, 0x96, 0x69, 0x96, 0x96, 0x69, 0x96, 0x69, 0x69, 0x96,
        0x69, 0x96, 0x96, 0x69, 0x96, 0x69, 0x69, 0x96, 0x69, 0x96, 0x96, 0x69,
        0x96, 0x69, 0x69, 0x96, 0x69, 0x96, 0x96, 0x69, 0x96, 0x69, 0x69, 0x96,
        0x69, 0x96, 0x96, 0x69, 0x96, 0x69, 0x69, 0x96, 0x69, 0x96, 0x96, 0x69,
        0x0f, 0x0f, 0xf0, 0xf0, 0xf0, 0xf0, 0x0f, 0x0f, 0x0f, 0x0f, 0xf0, 0xf0,
        0xf0, 0xf0, 0x0f, 0x0f, 0x0f, 0x0f, 0xf0, 0xf0, 0xf0, 0xf0, 0x0f, 0x0f,
        0x0f, 0x0f, 0xf0, 0xf0, 0xf0, 0xf0, 0x0f, 0x0f, 0x0f, 0x0f, 0xf0, 0xf0,
        0xf0, 0xf0, 0x0f, 0x0f, 0x0f, 0x0f, 0xf0, 0xf0, 0xf0, 0xf0, 0x0f, 0x0f,
        0x0f, 0x0f, 0xf0, 0xf0, 0xf0, 0xf0, 0x0f, 0x0f, 0x0f, 0x0f, 0xf0, 0xf0,
        0xf0, 0xf0, 0x0f, 0x0f, 0x0f, 0x0f, 0xf0, 0xf0, 0xf0, 0xf0, 0x0f, 0x0f,
        0x0f, 0x0f, 0xf0, 0xf0, 0xf0, 0xf0, 0x0f, 0x0f, 0x96, 0x96, 0x69, 0x69,
        0x69, 0x69, 0x96, 0x96, 0x69, 0x69, 0x96, 0x96, 0x96, 0x96, 0x69, 0x69,
        0x96, 0x96, 0x69, 0x69, 0x69, 0x69, 0x96, 0x96, 0x69, 0x69, 0x96, 0x96,
        0x96, 0x96, 0x69, 0x69, 0x96, 0x96, 0x69, 0x69, 0x69, 0x69, 0x96, 0x96,
        0x69, 0x69, 0x96, 0x96, 0x96, 0x96, 0x69, 0x69, 0x96, 0x96, 0x69, 0x69,
        0x69, 0x69, 0x96, 0x96, 0x69, 0x69, 0x96, 0x96, 0x96, 0x96, 0x69, 0x69,
        0x96, 0x96, 0x69, 0x69, 0x69, 0x69, 0x96, 0x96, 0x69, 0x69, 0x96, 0x96,
        0x96, 0x96, 0x69, 0x69, 0x3c, 0xc3, 0xc3, 0x3c, 0xc3, 0x3c, 0x3c, 0xc3,
        0xc3, 0x3c, 0x3c, 0xc3, 0x3c, 0xc3, 0xc3, 0x3c, 0x3c, 0xc3, 0xc3, 0x3c,
        0xc3, 0x3c, 0x3c, 0xc3, 0xc3, 0x3c, 0x3c, 0xc3, 0x3c, 0xc3, 0xc3, 0x3c,
        0x3c, 0xc3, 0xc3, 0x3c, 0xc3, 0x3c, 0x3c, 0xc3, 0xc3, 0x3c, 0x3c, 0xc3,
        0x3c, 0xc3, 0xc3, 0x3c, 0x3c, 0xc3, 0xc3, 0x3c, 0xc3, 0x3c, 0x3c, 0xc3,
        0xc3, 0x3c, 0x3c, 0xc3, 0x3c, 0xc3, 0xc3, 0x3c, 0x3c, 0xc3, 0xc3, 0x3c,
        0xc3, 0x3c, 0x3c, 0xc3, 0xc3, 0x3c, 0x3c, 0xc3, 0x3c, 0xc3, 0xc3, 0x3c,
        0x96, 0x69, 0x69, 0x96, 0x96, 0x69, 0x69, 0x96, 0x69, 0x96, 0x96, 0x69,
        0x69, 0x96, 0x96, 0x69, 0x96, 0x69, 0x69, 0x96, 0x96, 0x69, 0x69, 0x96,
        0x69, 0x96, 0x96, 0x69, 0x69, 0x96, 0x96, 0x69, 0x96, 0x69, 0x69, 0x96,
        0x96, 0x69, 0x69, 0x96, 0x69, 0x96, 0x96, 0x69, 0x69, 0x96, 0x96, 0x69,
        0x96, 0x69, 0x69, 0x96, 0x96, 0x69, 0x69, 0x96, 0x69, 0x96, 0x96, 0x69,
        0x69, 0x96, 0x96, 0x69, 0x96, 0x69, 0x69, 0x96, 0x96, 0x69, 0x69, 0x96,
        0x69, 0x96, 0x96, 0x69, 0x69, 0x96, 0x96, 0x69, 0xaa, 0x55, 0x55, 0xaa,
        0x55, 0xaa, 0xaa, 0x55, 0xaa, 0x55, 0x55, 0xaa, 0x55, 0xaa, 0xaa, 0x55,
        0xaa, 0x55, 0x55, 0xaa, 0x55, 0xaa, 0xaa, 0x55, 0xaa, 0x55, 0x55, 0xaa,
        0x55, 0xaa, 0xaa, 0x55, 0xaa, 0x55, 0x55, 0xaa, 0x55, 0xaa, 0xaa, 0x55,
        0xaa, 0x55, 0x55, 0xaa, 0x55, 0xaa, 0xaa, 0x55, 0xaa, 0x55, 0x55, 0xaa,
        0x55, 0xaa, 0xaa, 0x55, 0xaa, 0x55, 0x55, 0xaa, 0x55, 0xaa, 0xaa, 0x55,
        0xaa, 0x55, 0x55, 0xaa, 0x55, 0xaa, 0xaa, 0x55, 0xaa, 0x55, 0x55, 0xaa,
        0x55, 0xaa, 0xaa, 0x55, 0x66, 0x55, 0xbb, 0x44, 0x55, 0x66, 0x88, 0xff,
        0xee, 0xdd, 0x33, 0xdc, 0xed, 0xfe, 0x70, 0x67, 0x56, 0x45, 0x4b, 0x54,
        0x65, 0x76, 0xf8, 0xef, 0xde, 0xcd, 0xc3, 0xec, 0xfd, 0x8e, 0x60, 0x57,
        0x46, 0xb5, 0x5b, 0x64, 0x75, 0x06, 0xe8, 0xdf, 0xce, 0x3d, 0xd3, 0xfc,
        0x8d, 0x9e, 0x50, 0x47, 0xb6, 0xa5, 0x6b, 0x74, 0x05, 0x16, 0xd8, 0xcf,
        0x3e, 0x2d, 0xe3, 0x8c, 0x9d, 0xae, 0x40, 0xb7, 0xa6, 0x95, 0x7b, 0x04,
        0x15, 0x26, 0xc8, 0x3f, 0x2e, 0x1d, 0xf3, 0x9c, 0xad, 0xbe, 0xb0, 0xa7,
        0xf0, 0x0f, 0x0f, 0xf0, 0xf0, 0x0f, 0x0f, 0xf0, 0x0f, 0xf0, 0xf0, 0x0f,
        0x0f, 0xf0, 0xf0, 0x0f, 0xf0, 0x0f, 0x0f, 0xf0, 0xf0, 0x0f, 0x0f, 0xf0,
        0x0f, 0xf0, 0xf0, 0x0f, 0x0f, 0xf0, 0xf0, 0x0f, 0xf0, 0x0f, 0x0f, 0xf0,
        0xf0, 0x0f, 0x0f, 0xf0, 0x0f, 0xf0, 0xf0, 0x0f, 0x0f, 0xf0, 0xf0, 0x0f,
        0xf0, 0x0f, 0x0f, 0xf0, 0xf0, 0x0f, 0x0f, 0xf0, 0x0f, 0xf0, 0xf0, 0x0f,
        0x0f, 0xf0, 0xf0, 0x0f, 0xf0, 0x0f, 0x0f, 0xf0, 0xf0, 0x0f, 0x0f, 0xf0,
        0x0f, 0xf0, 0xf0, 0x0f, 0x0f, 0xf0, 0xf0, 0x0f, 0x00, 0x00, 0x00, 0x00,
        0x00, 0x00, 0x00, 0x00, 0x00, 0x00, 0x00, 0x00, 0x00, 0x00, 0x00, 0x00,
        0x00, 0x00, 0x00, 0x00, 0x00, 0x00, 0x00, 0x00, 0x00, 0x00, 0x00, 0x00,
        0x00, 0x00, 0x00, 0x00, 0x00, 0x00, 0x00, 0x00, 0x00, 0x00, 0x00, 0x00,
        0x00, 0x00, 0x00, 0x00, 0x00, 0x00, 0x00, 0x00, 0x00, 0x00, 0x00, 0x00,
        0x00, 0x00, 0x00, 0x00, 0x00, 0x00, 0x00, 0x00, 0x00, 0x00, 0x00, 0x00,
        0x00, 0x00, 0x00, 0x00, 0x00, 0x00, 0x00, 0x00, 0x00, 0x00, 0x00, 0x00,
        0x00, 0x00, 0x00, 0x00, 0x5a, 0xa5, 0x5a, 0xa5, 0xa5, 0x5a, 0xa5, 0x5a,
        0xa5, 0x5a, 0xa5, 0x5a, 0x5a, 0xa5, 0x5a, 0xa5, 0x5a, 0xa5, 0x5a, 0xa5,
        0xa5, 0x5a, 0xa5, 0x5a, 0xa5, 0x5a, 0xa5, 0x5a, 0x5a, 0xa5, 0x5a, 0xa5,
        0x5a, 0xa5, 0x5a, 0xa5, 0xa5, 0x5a, 0xa5, 0x5a, 0xa5, 0x5a, 0xa5, 0x5a,
        0x5a, 0xa5, 0x5a, 0xa5, 0x5a, 0xa5, 0x5a, 0xa5, 0xa5, 0x5a, 0xa5, 0x5a,
        0xa5, 0x5a, 0xa5, 0x5a, 0x5a, 0xa5, 0x5a, 0xa5, 0x5a, 0xa5, 0x5a, 0xa5,
        0xa5, 0x5a, 0xa5, 0x5a, 0xa5, 0x5a, 0xa5, 0x5a, 0x5a, 0xa5, 0x5a, 0xa5,
        0x0f, 0x0f, 0x0f, 0x0f, 0xf0, 0xf0, 0xf0, 0xf0, 0xf0, 0xf0, 0xf0, 0xf0,
        0x0f, 0x0f, 0x0f, 0x0f, 0x0f, 0x0f, 0x0f, 0x0f, 0xf0, 0xf0, 0xf0, 0xf0,
        0xf0, 0xf0, 0xf0, 0xf0, 0x0f, 0x0f, 0x0f, 0x0f, 0x0f, 0x0f, 0x0f, 0x0f,
        0xf0, 0xf0, 0xf0, 0xf0, 0xf0, 0xf0, 0xf0, 0xf0, 0x0f, 0x0f, 0x0f, 0x0f,
        0x0f, 0x0f, 0x0f, 0x0f, 0xf0, 0xf0, 0xf0, 0xf0, 0xf0, 0xf0, 0xf0, 0xf0,
        0x0f, 0x0f, 0x0f, 0x0f, 0x0f, 0x0f, 0x0f, 0x0f, 0xf0, 0xf0, 0xf0, 0xf0,
        0xf0, 0xf0, 0xf0, 0xf0, 0x0f, 0x0f, 0x0f, 0x0f, 0xff, 0x00, 0xff, 0x00,
        0x00, 0xff, 0x00, 0xff, 0x00, 0xff, 0x00, 0xff, 0xff, 0x00, 0xff, 0x00,
        0xff, 0x00, 0xff, 0x00, 0x00, 0xff, 0x00, 0xff, 0x00, 0xff, 0x00, 0xff,
        0xff, 0x00, 0xff, 0x00, 0xff, 0x00, 0xff, 0x00, 0x00, 0xff, 0x00, 0xff,
        0x00, 0xff, 0x00, 0xff, 0xff, 0x00, 0xff, 0x00, 0xff, 0x00, 0xff, 0x00,
        0x00, 0xff, 0x00, 0xff, 0x00, 0xff, 0x00, 0xff, 0xff, 0x00, 0xff, 0x00,
        0xff, 0x00, 0xff, 0x00, 0x00, 0xff, 0x00, 0xff, 0x00, 0xff, 0x00, 0xff,
        0xff, 0x00, 0xff, 0x00, 0x33, 0xcc, 0xcc, 0x33, 0xcc, 0x33, 0x33, 0xcc,
        0x33, 0xcc, 0xcc, 0x33, 0xcc, 0x33, 0x33, 0xcc, 0x33, 0xcc, 0xcc, 0x33,
        0xcc, 0x33, 0x33, 0xcc, 0x33, 0xcc, 0xcc, 0x33, 0xcc, 0x33, 0x33, 0xcc,
        0x33, 0xcc, 0xcc, 0x33, 0xcc, 0x33, 0x33, 0xcc, 0x33, 0xcc, 0xcc, 0x33,
        0xcc, 0x33, 0x33, 0xcc, 0x33, 0xcc, 0xcc, 0x33, 0xcc, 0x33, 0x33, 0xcc,
        0x33, 0xcc, 0xcc, 0x33, 0xcc, 0x33, 0x33, 0xcc, 0x33, 0xcc, 0xcc, 0x33,
        0xcc, 0x33, 0x33, 0xcc, 0x33, 0xcc, 0xcc, 0x33, 0xcc, 0x33, 0x33, 0xcc,
        0x55, 0xaa, 0xaa, 0x55, 0xaa, 0x55, 0x55, 0xaa, 0x55, 0xaa, 0xaa, 0x55,
        0xaa, 0x55, 0x55, 0xaa, 0x55, 0xaa, 0xaa, 0x55, 0xaa, 0x55, 0x55, 0xaa,
        0x55, 0xaa, 0xaa, 0x55, 0xaa, 0x55, 0x55, 0xaa, 0x55, 0xaa, 0xaa, 0x55,
        0xaa, 0x55, 0x55, 0xaa, 0x55, 0xaa, 0xaa, 0x55, 0xaa, 0x55, 0x55, 0xaa,
        0x55, 0xaa, 0xaa, 0x55, 0xaa, 0x55, 0x55, 0xaa, 0x55, 0xaa, 0xaa, 0x55,
        0xaa, 0x55, 0x55, 0xaa, 0x55, 0xaa, 0xaa, 0x55, 0xaa, 0x55, 0x55, 0xaa,
        0x55, 0xaa, 0xaa, 0x55, 0xaa, 0x55, 0x55, 0xaa, 0xcc, 0x33, 0x33, 0xcc,
        0x33, 0xcc, 0xcc, 0x33, 0x33, 0xcc, 0xcc, 0x33, 0xcc, 0x33, 0x33, 0xcc,
        0xcc, 0x33, 0x33, 0xcc, 0x33, 0xcc, 0xcc, 0x33, 0x33, 0xcc, 0xcc, 0x33,
        0xcc, 0x33, 0x33, 0xcc, 0xcc, 0x33, 0x33, 0xcc, 0x33, 0xcc, 0xcc, 0x33,
        0x33, 0xcc, 0xcc, 0x33, 0xcc, 0x33, 0x33, 0xcc, 0xcc, 0x33, 0x33, 0xcc,
        0x33, 0xcc, 0xcc, 0x33, 0x33, 0xcc, 0xcc, 0x33, 0xcc, 0x33, 0x33, 0xcc,
        0xcc, 0x33, 0x33, 0xcc, 0x33, 0xcc, 0xcc, 0x33, 0x33, 0xcc, 0xcc, 0x33,
        0xcc, 0x33, 0x33, 0xcc, 0x55, 0x55, 0x55, 0x55, 0x55, 0x55, 0x55, 0x55,
        0x55, 0x55, 0x55, 0x55, 0x55, 0x55, 0x55, 0x55, 0x55, 0x55, 0x55, 0x55,
        0x55, 0x55, 0x55, 0x55, 0x55, 0x55, 0x55, 0x55, 0x55, 0x55, 0x55, 0x55,
        0x55, 0x55, 0x55, 0x55, 0x55, 0x55, 0x55, 0x55, 0x55, 0x55, 0x55, 0x55,
        0x55, 0x55, 0x55, 0x55, 0x55, 0x55, 0x55, 0x55, 0x55, 0x55, 0x55, 0x55,
        0x55, 0x55, 0x55, 0x55, 0x55, 0x55, 0x55, 0x55, 0x55, 0x55, 0x55, 0x55,
        0x55, 0x55, 0x55, 0x55, 0x55, 0x55, 0x55, 0x55, 0x55, 0x55, 0x55, 0x55,
        0xc3, 0xc3, 0xc3, 0xc3, 0x3c, 0x3c, 0x3c, 0x3c, 0x3c, 0x3c, 0x3c, 0x3c,
        0xc3, 0xc3, 0xc3, 0xc3, 0xc3, 0xc3, 0xc3, 0xc3, 0x3c, 0x3c, 0x3c, 0x3c,
        0x3c, 0x3c, 0x3c, 0x3c, 0xc3, 0xc3, 0xc3, 0xc3, 0xc3, 0xc3, 0xc3, 0xc3,
        0x3c, 0x3c, 0x3c, 0x3c, 0x3c, 0x3c, 0x3c, 0x3c, 0xc3, 0xc3, 0xc3, 0xc3,
        0xc3, 0xc3, 0xc3, 0xc3, 0x3c, 0x3c, 0x3c, 0x3c, 0x3c, 0x3c, 0x3c, 0x3c,
        0xc3, 0xc3, 0xc3, 0xc3, 0xc3, 0xc3, 0xc3, 0xc3, 0x3c, 0x3c, 0x3c, 0x3c,
        0x3c, 0x3c, 0x3c, 0x3c, 0xc3, 0xc3, 0xc3, 0xc3, 0x19, 0x6e, 0x80, 0xb3,
        0x5d, 0xa2, 0x4c, 0x7f, 0x91, 0xe6, 0x08, 0x3b, 0xd5, 0x3a, 0xf4, 0xe7,
        0x69, 0x7e, 0xb0, 0xa3, 0xad, 0xb2, 0x7c, 0x6f, 0xe1, 0xf6, 0x38, 0x2b,
        0x25, 0x0a, 0xe4, 0x97, 0x79, 0x4e, 0xa0, 0x53, 0xbd, 0x82, 0x6c, 0x1f,
        0xf1, 0xc6, 0x28, 0xdb, 0x35, 0x1a, 0x94, 0x87, 0x49, 0x5e, 0x50, 0x43,
        0x8d, 0x92, 0x1c, 0x0f, 0xc1, 0xd6, 0xd8, 0xcb, 0x05, 0x6a, 0x84, 0xb7,
        0x59, 0xae, 0x40, 0x73, 0x9d, 0xe2, 0x0c, 0x3f, 0xd1, 0x26, 0xc8, 0xfb,
        0x15, 0x7a, 0xb4, 0xa7, 0x66, 0x99, 0x99, 0x66, 0x66, 0x99, 0x99, 0x66,
        0x99, 0x66, 0x66, 0x99, 0x99, 0x66, 0x66, 0x99, 0x66, 0x99, 0x99, 0x66,
        0x66, 0x99, 0x99, 0x66, 0x99, 0x66, 0x66, 0x99, 0x99, 0x66, 0x66, 0x99,
        0x66, 0x99, 0x99, 0x66, 0x66, 0x99, 0x99, 0x66, 0x99, 0x66, 0x66, 0x99,
        0x99, 0x66, 0x66, 0x99, 0x66, 0x99, 0x99, 0x66, 0x66, 0x99, 0x99, 0x66,
        0x99, 0x66, 0x66, 0x99, 0x99, 0x66, 0x66, 0x99, 0x66, 0x99, 0x99, 0x66,
        0x66, 0x99, 0x99, 0x66, 0x99, 0x66, 0x66, 0x99, 0x99, 0x66, 0x66, 0x99,
        0x69, 0x96, 0x69, 0x96, 0x96, 0x69, 0x96, 0x69, 0x96, 0x69, 0x96, 0x69,
        0x69, 0x96, 0x69, 0x96, 0x69, 0x96, 0x69, 0x96, 0x96, 0x69, 0x96, 0x69,
        0x96, 0x69, 0x96, 0x69, 0x69, 0x96, 0x69, 0x96, 0x69, 0x96, 0x69, 0x96,
        0x96, 0x69, 0x96, 0x69, 0x96, 0x69, 0x96, 0x69, 0x69, 0x96, 0x69, 0x96,
        0x69, 0x96, 0x69, 0x96, 0x96, 0x69, 0x96, 0x69, 0x96, 0x69, 0x96, 0x69,
        0x69, 0x96, 0x69, 0x96, 0x69, 0x96, 0x69, 0x96, 0x96, 0x69, 0x96, 0x69,
        0x96, 0x69, 0x96, 0x69, 0x69, 0x96, 0x69, 0x96, 0x69, 0x69, 0x69, 0x69,
        0x69, 0x69, 0x69, 0x69, 0x69, 0x69, 0x69, 0x69, 0x69, 0x69, 0x69, 0x69,
        0x69, 0x69, 0x69, 0x69, 0x69, 0x69, 0x69, 0x69, 0x69, 0x69, 0x69, 0x69,
        0x69, 0x69, 0x69, 0x69, 0x69, 0x69, 0x69, 0x69, 0x69, 0x69, 0x69, 0x69,
        0x69, 0x69, 0x69, 0x69, 0x69, 0x69, 0x69, 0x69, 0x69, 0x69, 0x69, 0x69,
        0x69, 0x69, 0x69, 0x69, 0x69, 0x69, 0x69, 0x69, 0x69, 0x69, 0x69, 0x69,
        0x69, 0x69, 0x69, 0x69, 0x69, 0x69, 0x69, 0x69, 0x69, 0x69, 0x69, 0x69,
        0x69, 0x69, 0x69, 0x69, 0x3c, 0x3c, 0x3c, 0x3c, 0xc3, 0xc3, 0xc3, 0xc3,
        0x3c, 0x3c, 0x3c, 0x3c, 0xc3, 0xc3, 0xc3, 0xc3, 0x3c, 0x3c, 0x3c, 0x3c,
        0xc3, 0xc3, 0xc3, 0xc3, 0x3c, 0x3c, 0x3c, 0x3c, 0xc3, 0xc3, 0xc3, 0xc3,
        0x3c, 0x3c, 0x3c, 0x3c, 0xc3, 0xc3, 0xc3, 0xc3, 0x3c, 0x3c, 0x3c, 0x3c,
        0xc3, 0xc3, 0xc3, 0xc3, 0x3c, 0x3c, 0x3c, 0x3c, 0xc3, 0xc3, 0xc3, 0xc3,
        0x3c, 0x3c, 0x3c, 0x3c, 0xc3, 0xc3, 0xc3, 0xc3, 0x3c, 0x3c, 0x3c, 0x3c,
        0xc3, 0xc3, 0xc3, 0xc3, 0x3c, 0x3c, 0x3c, 0x3c, 0xc3, 0xc3, 0xc3, 0xc3,
        0x69, 0x96, 0x69, 0x96, 0x96, 0x69, 0x96, 0x69, 0x69, 0x96, 0x69, 0x96,
        0x96, 0x69, 0x96, 0x69, 0x69, 0x96, 0x69, 0x96, 0x96, 0x69, 0x96, 0x69,
        0x69, 0x96, 0x69, 0x96, 0x96, 0x69, 0x96, 0x69, 0x69, 0x96, 0x69, 0x96,
        0x96, 0x69, 0x96, 0x69, 0x69, 0x96, 0x69, 0x96, 0x96, 0x69, 0x96, 0x69,
        0x69, 0x96, 0x69, 0x96, 0x96, 0x69, 0x96, 0x69, 0x69, 0x96, 0x69, 0x96,
        0x96, 0x69, 0x96, 0x69, 0x69, 0x96, 0x69, 0x96, 0x96, 0x69, 0x96, 0x69,
        0x69, 0x96, 0x69, 0x96, 0x96, 0x69, 0x96, 0x69, 0xff, 0xff, 0x00, 0x00,
        0xff, 0xff, 0x00, 0x00, 0x00, 0x00, 0xff, 0xff, 0x00, 0x00, 0xff, 0xff,
        0xff, 0xff, 0x00, 0x00, 0xff, 0xff, 0x00, 0x00, 0x00, 0x00, 0xff, 0xff,
        0x00, 0x00, 0xff, 0xff, 0xff, 0xff, 0x00, 0x00, 0xff, 0xff, 0x00, 0x00,
        0x00, 0x00, 0xff, 0xff, 0x00, 0x00, 0xff, 0xff, 0xff, 0xff, 0x00, 0x00,
        0xff, 0xff, 0x00, 0x00, 0x00, 0x00, 0xff, 0xff, 0x00, 0x00, 0xff, 0xff,
        0xff, 0xff, 0x00, 0x00, 0xff, 0xff, 0x00, 0x00, 0x00, 0x00, 0xff, 0xff,
        0x00, 0x00, 0xff, 0xff, 0x00, 0x00, 0xff, 0xff, 0x00, 0x00, 0xff, 0xff,
        0x00, 0x00, 0xff, 0xff, 0x00, 0x00, 0xff, 0xff, 0x00, 0x00, 0xff, 0xff,
        0x00, 0x00, 0xff, 0xff, 0x00, 0x00, 0xff, 0xff, 0x00, 0x00, 0xff, 0xff,
        0x00, 0x00, 0xff, 0xff, 0x00, 0x00, 0xff, 0xff, 0x00, 0x00, 0xff, 0xff,
        0x00, 0x00, 0xff, 0xff, 0x00, 0x00, 0xff, 0xff, 0x00, 0x00, 0xff, 0xff,
        0x00, 0x00, 0xff, 0xff, 0x00, 0x00, 0xff, 0xff, 0x00, 0x00, 0xff, 0xff,
        0x00, 0x00, 0xff, 0xff, 0x00, 0x00, 0xff, 0xff, 0x00, 0x00, 0xff, 0xff,
        0x66, 0x99, 0x99, 0x66, 0x99, 0x66, 0x66, 0x99, 0x66, 0x99, 0x99, 0x66,
        0x99, 0x66, 0x66, 0x99, 0x66, 0x99, 0x99, 0x66, 0x99, 0x66, 0x66, 0x99,
        0x66, 0x99, 0x99, 0x66, 0x99, 0x66, 0x66, 0x99, 0x66, 0x99, 0x99, 0x66,
        0x99, 0x66, 0x66, 0x99, 0x66, 0x99, 0x99, 0x66, 0x99, 0x66, 0x66, 0x99,
        0x66, 0x99, 0x99, 0x66, 0x99, 0x66, 0x66, 0x99, 0x66, 0x99, 0x99, 0x66,
        0x99, 0x66, 0x66, 0x99, 0x66, 0x99, 0x99, 0x66, 0x99, 0x66, 0x66, 0x99,
        0x66, 0x99, 0x99, 0x66, 0x99, 0x66, 0x66, 0x99, 0x55, 0xaa, 0xaa, 0x55,
        0xaa, 0x55, 0x55, 0xaa, 0x55, 0xaa, 0xaa, 0x55, 0xaa, 0x55, 0x55, 0xaa,
        0x55, 0xaa, 0xaa, 0x55, 0xaa, 0x55, 0x55, 0xaa, 0x55, 0xaa, 0xaa, 0x55,
        0xaa, 0x55, 0x55, 0xaa, 0x55, 0xaa, 0xaa, 0x55, 0xaa, 0x55, 0x55, 0xaa,
        0x55, 0xaa, 0xaa, 0x55, 0xaa, 0x55, 0x55, 0xaa, 0x55, 0xaa, 0xaa, 0x55,
        0xaa, 0x55, 0x55, 0xaa, 0x55, 0xaa, 0xaa, 0x55, 0xaa, 0x55, 0x55, 0xaa,
        0x55, 0xaa, 0xaa, 0x55, 0xaa, 0x55, 0x55, 0xaa, 0x55, 0xaa, 0xaa, 0x55,
        0xaa, 0x55, 0x55, 0xaa, 0xcc, 0x33, 0xcc, 0x33, 0xcc, 0x33, 0xcc, 0x33,
        0x33, 0xcc, 0x33, 0xcc, 0x33, 0xcc, 0x33, 0xcc, 0xcc, 0x33, 0xcc, 0x33,
        0xcc, 0x33, 0xcc, 0x33, 0x33, 0xcc, 0x33, 0xcc, 0x33, 0xcc, 0x33, 0xcc,
        0xcc, 0x33, 0xcc, 0x33, 0xcc, 0x33, 0xcc, 0x33, 0x33, 0xcc, 0x33, 0xcc,
        0x33, 0xcc, 0x33, 0xcc, 0xcc, 0x33, 0xcc, 0x33, 0xcc, 0x33, 0xcc, 0x33,
        0x33, 0xcc, 0x33, 0xcc, 0x33, 0xcc, 0x33, 0xcc, 0xcc, 0x33, 0xcc, 0x33,
        0xcc, 0x33, 0xcc, 0x33, 0x33, 0xcc, 0x33, 0xcc, 0x33, 0xcc, 0x33, 0xcc,
        0x0f, 0xf0, 0x0f, 0xf0, 0xf0, 0x0f, 0xf0, 0x0f, 0x0f, 0xf0, 0x0f, 0xf0,
        0xf0, 0x0f, 0xf0, 0x0f, 0x0f, 0xf0, 0x0f, 0xf0, 0xf0, 0x0f, 0xf0, 0x0f,
        0x0f, 0xf0, 0x0f, 0xf0, 0xf0, 0x0f, 0xf0, 0x0f, 0x0f, 0xf0, 0x0f, 0xf0,
        0xf0, 0x0f, 0xf0, 0x0f, 0x0f, 0xf0, 0x0f, 0xf0, 0xf0, 0x0f, 0xf0, 0x0f,
        0x0f, 0xf0, 0x0f, 0xf0, 0xf0, 0x0f, 0xf0, 0x0f, 0x0f, 0xf0, 0x0f, 0xf0,
        0xf0, 0x0f, 0xf0, 0x0f, 0x0f, 0xf0, 0x0f, 0xf0, 0xf0, 0x0f, 0xf0, 0x0f,
        0x0f, 0xf0, 0x0f, 0xf0, 0xf0, 0x0f, 0xf0, 0x0f, 0x69, 0x69, 0x96, 0x96,
        0x69, 0x69, 0x96, 0x96, 0x96, 0x96, 0x69, 0x69, 0x96, 0x96, 0x69, 0x69,
        0x69, 0x69, 0x96, 0x96, 0x69, 0x69, 0x96, 0x96, 0x96, 0x96, 0x69, 0x69,
        0x96, 0x96, 0x69, 0x69, 0x69, 0x69, 0x96, 0x96, 0x69, 0x69, 0x96, 0x96,
        0x96, 0x96, 0x69, 0x69, 0x96, 0x96, 0x69, 0x69, 0x69, 0x69, 0x96, 0x96,
        0x69, 0x69, 0x96, 0x96, 0x96, 0x96, 0x69, 0x69, 0x96, 0x96, 0x69, 0x69,
        0x69, 0x69, 0x96, 0x96, 0x69, 0x69, 0x96, 0x96, 0x96, 0x96, 0x69, 0x69,
        0x96, 0x96, 0x69, 0x69, 0xf0, 0xf0, 0xf0, 0xf0, 0xf0, 0xf0, 0xf0, 0xf0,
        0x0f, 0x0f, 0x0f, 0x0f, 0x0f, 0x0f, 0x0f, 0x0f, 0xf0, 0xf0, 0xf0, 0xf0,
        0xf0, 0xf0, 0xf0, 0xf0, 0x0f, 0x0f, 0x0f, 0x0f, 0x0f, 0x0f, 0x0f, 0x0f,
        0xf0, 0xf0, 0xf0, 0xf0, 0xf0, 0xf0, 0xf0, 0xf0, 0x0f, 0x0f, 0x0f, 0x0f,
        0x0f, 0x0f, 0x0f, 0x0f, 0xf0, 0xf0, 0xf0, 0xf0, 0xf0, 0xf0, 0xf0, 0xf0,
        0x0f, 0x0f, 0x0f, 0x0f, 0x0f, 0x0f, 0x0f, 0x0f, 0xf0, 0xf0, 0xf0, 0xf0,
        0xf0, 0xf0, 0xf0, 0xf0, 0x0f, 0x0f, 0x0f, 0x0f, 0x0f, 0x0f, 0x0f, 0x0f,
        0x5a, 0xa5, 0x5a, 0xa5, 0x5a, 0xa5, 0x5a, 0xa5, 0x5a, 0xa5, 0x5a, 0xa5,
        0x5a, 0xa5, 0x5a, 0xa5, 0x5a, 0xa5, 0x5a, 0xa5, 0x5a, 0xa5, 0x5a, 0xa5,
        0x5a, 0xa5, 0x5a, 0xa5, 0x5a, 0xa5, 0x5a, 0xa5, 0x5a, 0xa5, 0x5a, 0xa5,
        0x5a, 0xa5, 0x5a, 0xa5, 0x5a, 0xa5, 0x5a, 0xa5, 0x5a, 0xa5, 0x5a, 0xa5,
        0x5a, 0xa5, 0x5a, 0xa5, 0x5a, 0xa5, 0x5a, 0xa5, 0x5a, 0xa5, 0x5a, 0xa5,
        0x5a, 0xa5, 0x5a, 0xa5, 0x5a, 0xa5, 0x5a, 0xa5, 0x5a, 0xa5, 0x5a, 0xa5,
        0x5a, 0xa5, 0x5a, 0xa5, 0x5a, 0xa5, 0x5a, 0xa5, 0x00, 0x00, 0xff, 0xff,
        0x00, 0x00, 0xff, 0xff, 0x00, 0x00, 0xff, 0xff, 0x00, 0x00, 0xff, 0xff,
        0x00, 0x00, 0xff, 0xff, 0x00, 0x00, 0xff, 0xff, 0x00, 0x00, 0xff, 0xff,
        0x00, 0x00, 0xff, 0xff, 0x00, 0x00, 0xff, 0xff, 0x00, 0x00, 0xff, 0xff,
        0x00, 0x00, 0xff, 0xff, 0x00, 0x00, 0xff, 0xff, 0x00, 0x00, 0xff, 0xff,
        0x00, 0x00, 0xff, 0xff, 0x00, 0x00, 0xff, 0xff, 0x00, 0x00, 0xff, 0xff,
        0x00, 0x00, 0xff, 0xff, 0x00, 0x00, 0xff, 0xff, 0x00, 0x00, 0xff, 0xff,
        0x00, 0x00, 0xff, 0xff, 0x33, 0x33, 0x33, 0x33, 0x33, 0x33, 0x33, 0x33,
        0x33, 0x33, 0x33, 0x33, 0x33, 0x33, 0x33, 0x33, 0x33, 0x33, 0x33, 0x33,
        0x33, 0x33, 0x33, 0x33, 0x33, 0x33, 0x33, 0x33, 0x33, 0x33, 0x33, 0x33,
        0x33, 0x33, 0x33, 0x33, 0x33, 0x33, 0x33, 0x33, 0x33, 0x33, 0x33, 0x33,
        0x33, 0x33, 0x33, 0x33, 0x33, 0x33, 0x33, 0x33, 0x33, 0x33, 0x33, 0x33,
        0x33, 0x33, 0x33, 0x33, 0x33, 0x33, 0x33, 0x33, 0x33, 0x33, 0x33, 0x33,
        0x33, 0x33, 0x33, 0x33, 0x33, 0x33, 0x33, 0x33, 0x33, 0x33, 0x33, 0x33,
        0x6b, 0x87, 0xb6, 0x26, 0x37, 0xfb, 0xea, 0xe2, 0x0c, 0xc0, 0xd1, 0x51,
        0x40, 0x8c, 0x9d, 0x95, 0x7b, 0xb7, 0xa6, 0x36, 0x07, 0xeb, 0x1a, 0xf2,
        0x3c, 0xd0, 0xa1, 0x41, 0x70, 0x9c, 0x6d, 0x85, 0x4b, 0xa7, 0xd6, 0x06,
        0x17, 0x1b, 0x0a, 0xc2, 0x2c, 0xa0, 0xb1, 0x71, 0x60, 0x6c, 0x7d, 0xb5,
        0x5b, 0xd7, 0xc6, 0x16, 0xe7, 0x0b, 0x3a, 0xd2, 0x5c, 0xb0, 0x81, 0x61,
        0x90, 0x7c, 0x4d, 0xa5, 0x2b, 0xc7, 0xf6, 0xe6, 0xf7, 0x3b, 0x2a, 0xa2,
        0x4c, 0x80, 0x91, 0x91, 0x80, 0x4c, 0x5d, 0xd5, 0x33, 0x33, 0x33, 0x33,
        0x33, 0x33, 0x33, 0x33, 0xcc, 0xcc, 0xcc, 0xcc, 0xcc, 0xcc, 0xcc, 0xcc,
        0x33, 0x33, 0x33, 0x33, 0x33, 0x33, 0x33, 0x33, 0xcc, 0xcc, 0xcc, 0xcc,
        0xcc, 0xcc, 0xcc, 0xcc, 0x33, 0x33, 0x33, 0x33, 0x33, 0x33, 0x33, 0x33,
        0xcc, 0xcc, 0xcc, 0xcc, 0xcc, 0xcc, 0xcc, 0xcc, 0x33, 0x33, 0x33, 0x33,
        0x33, 0x33, 0x33, 0x33, 0xcc, 0xcc, 0xcc, 0xcc, 0xcc, 0xcc, 0xcc, 0xcc,
        0x33, 0x33, 0x33, 0x33, 0x33, 0x33, 0x33, 0x33, 0xcc, 0xcc, 0xcc, 0xcc,
        0xcc, 0xcc, 0xcc, 0xcc, 0x69, 0x69, 0x69, 0x69, 0x96, 0x96, 0x96, 0x96,
        0x96, 0x96, 0x96, 0x96, 0x69, 0x69, 0x69, 0x69, 0x69, 0x69, 0x69, 0x69,
        0x96, 0x96, 0x96, 0x96, 0x96, 0x96, 0x96, 0x96, 0x69, 0x69, 0x69, 0x69,
        0x69, 0x69, 0x69, 0x69, 0x96, 0x96, 0x96, 0x96, 0x96, 0x96, 0x96, 0x96,
        0x69, 0x69, 0x69, 0x69, 0x69, 0x69, 0x69, 0x69, 0x96, 0x96, 0x96, 0x96,
        0x96, 0x96, 0x96, 0x96, 0x69, 0x69, 0x69, 0x69, 0x69, 0x69, 0x69, 0x69,
        0x96, 0x96, 0x96, 0x96, 0x96, 0x96, 0x96, 0x96, 0x69, 0x69, 0x69, 0x69,
        0x69, 0x96, 0x96, 0x69, 0x96, 0x69, 0x69, 0x96, 0x96, 0x69, 0x69, 0x96,
        0x69, 0x96, 0x96, 0x69, 0x69, 0x96, 0x96, 0x69, 0x96, 0x69, 0x69, 0x96,
        0x96, 0x69, 0x69, 0x96, 0x69, 0x96, 0x96, 0x69, 0x69, 0x96, 0x96, 0x69,
        0x96, 0x69, 0x69, 0x96, 0x96, 0x69, 0x69, 0x96, 0x69, 0x96, 0x96, 0x69,
        0x69, 0x96, 0x96, 0x69, 0x96, 0x69, 0x69, 0x96, 0x96, 0x69, 0x69, 0x96,
        0x69, 0x96, 0x96, 0x69, 0x69, 0x96, 0x96, 0x69, 0x96, 0x69, 0x69, 0x96,
        0x96, 0x69, 0x69, 0x96, 0x69, 0x96, 0x96, 0x69, 0x96, 0x96, 0x96, 0x96,
        0x69, 0x69, 0x69, 0x69, 0x69, 0x69, 0x69, 0x69, 0x96, 0x96, 0x96, 0x96,
        0x96, 0x96, 0x96, 0x96, 0x69, 0x69, 0x69, 0x69, 0x69, 0x69, 0x69, 0x69,
        0x96, 0x96, 0x96, 0x96, 0x96, 0x96, 0x96, 0x96, 0x69, 0x69, 0x69, 0x69,
        0x69, 0x69, 0x69, 0x69, 0x96, 0x96, 0x96, 0x96, 0x96, 0x96, 0x96, 0x96,
        0x69, 0x69, 0x69, 0x69, 0x69, 0x69, 0x69, 0x69, 0x96, 0x96, 0x96, 0x96,
        0x96, 0x96, 0x96, 0x96, 0x69, 0x69, 0x69, 0x69, 0x69, 0x69, 0x69, 0x69,
        0x96, 0x96, 0x96, 0x96, 0x5a, 0xa5, 0x5a, 0xa5, 0x5a, 0xa5, 0x5a, 0xa5,
        0xa5, 0x5a, 0xa5, 0x5a, 0xa5, 0x5a, 0xa5, 0x5a, 0x5a, 0xa5, 0x5a, 0xa5,
        0x5a, 0xa5, 0x5a, 0xa5, 0xa5, 0x5a, 0xa5, 0x5a, 0xa5, 0x5a, 0xa5, 0x5a,
        0x5a, 0xa5, 0x5a, 0xa5, 0x5a, 0xa5, 0x5a, 0xa5, 0xa5, 0x5a, 0xa5, 0x5a,
        0xa5, 0x5a, 0xa5, 0x5a, 0x5a, 0xa5, 0x5a, 0xa5, 0x5a, 0xa5, 0x5a, 0xa5,
        0xa5, 0x5a, 0xa5, 0x5a, 0xa5, 0x5a, 0xa5, 0x5a, 0x5a, 0xa5, 0x5a, 0xa5,
        0x5a, 0xa5, 0x5a, 0xa5, 0xa5, 0x5a, 0xa5, 0x5a, 0xa5, 0x5a, 0xa5, 0x5a,
        0x99, 0x99, 0x99, 0x99, 0x99, 0x99, 0x99, 0x99, 0x66, 0x66, 0x66, 0x66,
        0x66, 0x66, 0x66, 0x66, 0x99, 0x99, 0x99, 0x99, 0x99, 0x99, 0x99, 0x99,
        0x66, 0x66, 0x66, 0x66, 0x66, 0x66, 0x66, 0x66, 0x99, 0x99, 0x99, 0x99,
        0x99, 0x99, 0x99, 0x99, 0x66, 0x66, 0x66, 0x66, 0x66, 0x66, 0x66, 0x66,
        0x99, 0x99, 0x99, 0x99, 0x99, 0x99, 0x99, 0x99, 0x66, 0x66, 0x66, 0x66,
        0x66, 0x66, 0x66, 0x66, 0x99, 0x99, 0x99, 0x99, 0x99, 0x99, 0x99, 0x99,
        0x66, 0x66, 0x66, 0x66, 0x66, 0x66, 0x66, 0x66, 0xa5, 0xa5, 0x5a, 0x5a,
        0xa5, 0xa5, 0x5a, 0x5a, 0x5a, 0x5a, 0xa5, 0xa5, 0x5a, 0x5a, 0xa5, 0xa5,
        0xa5, 0xa5, 0x5a, 0x5a, 0xa5, 0xa5, 0x5a, 0x5a, 0x5a, 0x5a, 0xa5, 0xa5,
        0x5a, 0x5a, 0xa5, 0xa5, 0xa5, 0xa5, 0x5a, 0x5a, 0xa5, 0xa5, 0x5a, 0x5a,
        0x5a, 0x5a, 0xa5, 0xa5, 0x5a, 0x5a, 0xa5, 0xa5, 0xa5, 0xa5, 0x5a, 0x5a,
        0xa5, 0xa5, 0x5a, 0x5a, 0x5a, 0x5a, 0xa5, 0xa5, 0x5a, 0x5a, 0xa5, 0xa5,
        0xa5, 0xa5, 0x5a, 0x5a, 0xa5, 0xa5, 0x5a, 0x5a, 0x5a, 0x5a, 0xa5, 0xa5,
        0x5a, 0x5a, 0xa5, 0xa5, 0x0f, 0x0f, 0xf0, 0xf0, 0x0f, 0x0f, 0xf0, 0xf0,
        0x0f, 0x0f, 0xf0, 0xf0, 0x0f, 0x0f, 0xf0, 0xf0, 0x0f, 0x0f, 0xf0, 0xf0,
        0x0f, 0x0f, 0xf0, 0xf0, 0x0f, 0x0f, 0xf0, 0xf0, 0x0f, 0x0f, 0xf0, 0xf0,
        0x0f, 0x0f, 0xf0, 0xf0, 0x0f, 0x0f, 0xf0, 0xf0, 0x0f, 0x0f, 0xf0, 0xf0,
        0x0f, 0x0f, 0xf0, 0xf0, 0x0f, 0x0f, 0xf0, 0xf0, 0x0f, 0x0f, 0xf0, 0xf0,
        0x0f, 0x0f, 0xf0, 0xf0, 0x0f, 0x0f, 0xf0, 0xf0, 0x0f, 0x0f, 0xf0, 0xf0,
        0x0f, 0x0f, 0xf0, 0xf0, 0x0f, 0x0f, 0xf0, 0xf0, 0x0f, 0x0f, 0xf0, 0xf0,
        0xa5, 0xa5, 0x5a, 0x5a, 0xa5, 0xa5, 0x5a, 0x5a, 0x5a, 0x5a, 0xa5, 0xa5,
        0x5a, 0x5a, 0xa5, 0xa5, 0xa5, 0xa5, 0x5a, 0x5a, 0xa5, 0xa5, 0x5a, 0x5a,
        0x5a, 0x5a, 0xa5, 0xa5, 0x5a, 0x5a, 0xa5, 0xa5, 0xa5, 0xa5, 0x5a, 0x5a,
        0xa5, 0xa5, 0x5a, 0x5a, 0x5a, 0x5a, 0xa5, 0xa5, 0x5a, 0x5a, 0xa5, 0xa5,
        0xa5, 0xa5, 0x5a, 0x5a, 0xa5, 0xa5, 0x5a, 0x5a, 0x5a, 0x5a, 0xa5, 0xa5,
        0x5a, 0x5a, 0xa5, 0xa5, 0xa5, 0xa5, 0x5a, 0x5a, 0xa5, 0xa5, 0x5a, 0x5a,
        0x5a, 0x5a, 0xa5, 0xa5, 0x5a, 0x5a, 0xa5, 0xa5, 0xa5, 0x5a, 0x5a, 0xa5,
        0x5a, 0xa5, 0xa5, 0x5a, 0xa5, 0x5a, 0x5a, 0xa5, 0x5a, 0xa5, 0xa5, 0x5a,
        0xa5, 0x5a, 0x5a, 0xa5, 0x5a, 0xa5, 0xa5, 0x5a, 0xa5, 0x5a, 0x5a, 0xa5,
        0x5a, 0xa5, 0xa5, 0x5a, 0xa5, 0x5a, 0x5a, 0xa5, 0x5a, 0xa5, 0xa5, 0x5a,
        0xa5, 0x5a, 0x5a, 0xa5, 0x5a, 0xa5, 0xa5, 0x5a, 0xa5, 0x5a, 0x5a, 0xa5,
        0x5a, 0xa5, 0xa5, 0x5a, 0xa5, 0x5a, 0x5a, 0xa5, 0x5a, 0xa5, 0xa5, 0x5a,
        0xa5, 0x5a, 0x5a, 0xa5, 0x5a, 0xa5, 0xa5, 0x5a, 0xa5, 0x5a, 0x5a, 0xa5,
        0x5a, 0xa5, 0xa5, 0x5a, 0x33, 0xcc, 0xcc, 0x33, 0x33, 0xcc, 0xcc, 0x33,
        0x33, 0xcc, 0xcc, 0x33, 0x33, 0xcc, 0xcc, 0x33, 0x33, 0xcc, 0xcc, 0x33,
        0x33, 0xcc, 0xcc, 0x33, 0x33, 0xcc, 0xcc, 0x33, 0x33, 0xcc, 0xcc, 0x33,
        0x33, 0xcc, 0xcc, 0x33, 0x33, 0xcc, 0xcc, 0x33, 0x33, 0xcc, 0xcc, 0x33,
        0x33, 0xcc, 0xcc, 0x33, 0x33, 0xcc, 0xcc, 0x33, 0x33, 0xcc, 0xcc, 0x33,
        0x33, 0xcc, 0xcc, 0x33, 0x33, 0xcc, 0xcc, 0x33, 0x33, 0xcc, 0xcc, 0x33,
        0x33, 0xcc, 0xcc, 0x33, 0x33, 0xcc, 0xcc, 0x33, 0x33, 0xcc, 0xcc, 0x33,
        0x0f, 0xf0, 0xf0, 0x0f, 0xf0, 0x0f, 0x0f, 0xf0, 0xf0, 0x0f, 0x0f, 0xf0,
        0x0f, 0xf0, 0xf0, 0x0f, 0x0f, 0xf0, 0xf0, 0x0f, 0xf0, 0x0f, 0x0f, 0xf0,
        0xf0, 0x0f, 0x0f, 0xf0, 0x0f, 0xf0, 0xf0, 0x0f, 0x0f, 0xf0, 0xf0, 0x0f,
        0xf0, 0x0f, 0x0f, 0xf0, 0xf0, 0x0f, 0x0f, 0xf0, 0x0f, 0xf0, 0xf0, 0x0f,
        0x0f, 0xf0, 0xf0, 0x0f, 0xf0, 0x0f, 0x0f, 0xf0, 0xf0, 0x0f, 0x0f, 0xf0,
        0x0f, 0xf0, 0xf0, 0x0f, 0x0f, 0xf0, 0xf0, 0x0f, 0xf0, 0x0f, 0x0f, 0xf0,
        0xf0, 0x0f, 0x0f, 0xf0, 0x0f, 0xf0, 0xf0, 0x0f, 0x96, 0x96, 0x96, 0x96,
        0x69, 0x69, 0x69, 0x69, 0x96, 0x96, 0x96, 0x96, 0x69, 0x69, 0x69, 0x69,
        0x96, 0x96, 0x96, 0x96, 0x69, 0x69, 0x69, 0x69, 0x96, 0x96, 0x96, 0x96,
        0x69, 0x69, 0x69, 0x69, 0x96, 0x96, 0x96, 0x96, 0x69, 0x69, 0x69, 0x69,
        0x96, 0x96, 0x96, 0x96, 0x69, 0x69, 0x69, 0x69, 0x96, 0x96, 0x96, 0x96,
        0x69, 0x69, 0x69, 0x69, 0x96, 0x96, 0x96, 0x96, 0x69, 0x69, 0x69, 0x69,
        0x96, 0x96, 0x96, 0x96, 0x69, 0x69, 0x69, 0x69, 0x96, 0x96, 0x96, 0x96,
        0x69, 0x69, 0x69, 0x69, 0xa5, 0x5a, 0xa5, 0x5a, 0x5a, 0xa5, 0x5a, 0xa5,
        0x5a, 0xa5, 0x5a, 0xa5, 0xa5, 0x5a, 0xa5, 0x5a, 0xa5, 0x5a, 0xa5, 0x5a,
        0x5a, 0xa5, 0x5a, 0xa5, 0x5a, 0xa5, 0x5a, 0xa5, 0xa5, 0x5a, 0xa5, 0x5a,
        0xa5, 0x5a, 0xa5, 0x5a, 0x5a, 0xa5, 0x5a, 0xa5, 0x5a, 0xa5, 0x5a, 0xa5,
        0xa5, 0x5a, 0xa5, 0x5a, 0xa5, 0x5a, 0xa5, 0x5a, 0x5a, 0xa5, 0x5a, 0xa5,
        0x5a, 0xa5, 0x5a, 0xa5, 0xa5, 0x5a, 0xa5, 0x5a, 0xa5, 0x5a, 0xa5, 0x5a,
        0x5a, 0xa5, 0x5a, 0xa5, 0x5a, 0xa5, 0x5a, 0xa5, 0xa5, 0x5a, 0xa5, 0x5a
    },
    {
        0x5a, 0xa5, 0xa5, 0x5a, 0x5a, 0xa5, 0xa5, 0x5a, 0x5a, 0xa5, 0xa5, 0x5a,
        0x5a, 0xa5, 0xa5, 0x5a, 0x5a, 0xa5, 0xa5, 0x5a, 0x5a, 0xa5, 0xa5, 0x5a,
        0x5a, 0xa5, 0xa5, 0x5a, 0x5a, 0xa5, 0xa5, 0x5a, 0x5a, 0xa5, 0xa5, 0x5a,
        0x5a, 0xa5, 0xa5, 0x5a, 0x5a, 0xa5, 0xa5, 0x5a, 0x5a, 0xa5, 0xa5, 0x5a,
        0x5a, 0xa5, 0xa5, 0x5a, 0x5a, 0xa5, 0xa5, 0x5a, 0x5a, 0xa5, 0xa5, 0x5a,
        0x5a, 0xa5, 0xa5, 0x5a, 0x5a, 0xa5, 0xa5, 0x5a, 0x5a, 0xa5, 0xa5, 0x5a,
        0x5a, 0xa5, 0xa5, 0x5a, 0x5a, 0xa5, 0xa5, 0x5a, 0xcc, 0xcc, 0x33, 0x33,
        0x33, 0x33, 0xcc, 0xcc, 0xcc, 0xcc, 0x33, 0x33, 0x33, 0x33, 0xcc, 0xcc,
        0xcc, 0xcc, 0x33, 0x33, 0x33, 0x33, 0xcc, 0xcc, 0xcc, 0xcc, 0x33, 0x33,
        0x33, 0x33, 0xcc, 0xcc, 0xcc, 0xcc, 0x33, 0x33, 0x33, 0x33, 0xcc, 0xcc,
        0xcc, 0xcc, 0x33, 0x33, 0x33, 0x33, 0xcc, 0xcc, 0xcc, 0xcc, 0x33, 0x33,
        0x33, 0x33, 0xcc, 0xcc, 0xcc, 0xcc, 0x33, 0x33, 0x33, 0x33, 0xcc, 0xcc,
        0xcc, 0xcc, 0x33, 0x33, 0x33, 0x33, 0xcc, 0xcc, 0xcc, 0xcc, 0x33, 0x33,
        0x33, 0x33, 0xcc, 0xcc, 0x96, 0x96, 0x69, 0x69, 0x96, 0x96, 0x69, 0x69,
        0x96, 0x96, 0x69, 0x69, 0x96, 0x96, 0x69, 0x69, 0x96, 0x96, 0x69, 0x69,
        0x96, 0x96, 0x69, 0x69, 0x96, 0x96, 0x69, 0x69, 0x96, 0x96, 0x69, 0x69,
        0x96, 0x96, 0x69, 0x69, 0x96, 0x96, 0x69, 0x69, 0x96, 0x96, 0x69, 0x69,
        0x96, 0x96, 0x69, 0x69, 0x96, 0x96, 0x69, 0x69, 0x96, 0x96, 0x69, 0x69,
        0x96, 0x96, 0x69, 0x69, 0x96, 0x96, 0x69, 0x69, 0x96, 0x96, 0x69, 0x69,
        0x96, 0x96, 0x69, 0x69, 0x96, 0x96, 0x69, 0x69, 0x96, 0x96, 0x69, 0x69,
        0x99, 0x66, 0x66, 0x99, 0x66, 0x99, 0x99, 0x66, 0x99, 0x66, 0x66, 0x99,
        0x66, 0x99, 0x99, 0x66, 0x99, 0x66, 0x66, 0x99, 0x66, 0x99, 0x99, 0x66,
        0x99, 0x66, 0x66, 0x99, 0x66, 0x99, 0x99, 0x66, 0x99, 0x66, 0x66, 0x99,
        0x66, 0x99, 0x99, 0x66, 0x99, 0x66, 0x66, 0x99, 0x66, 0x99, 0x99, 0x66,
        0x99, 0x66, 0x66, 0x99, 0x66, 0x99, 0x99, 0x66, 0x99, 0x66, 0x66, 0x99,
        0x66, 0x99, 0x99, 0x66, 0x99, 0x66, 0x66, 0x99, 0x66, 0x99, 0x99, 0x66,
        0x99, 0x66, 0x66, 0x99, 0x66, 0x99, 0x99, 0x66, 0x69, 0x96, 0x96, 0x69,
        0x96, 0x69, 0x69, 0x96, 0x69, 0x96, 0x96, 0x69, 0x96, 0x69, 0x69, 0x96,
        0x69, 0x96, 0x96, 0x69, 0x96, 0x69, 0x69, 0x96, 0x69, 0x96, 0x96, 0x69,
        0x96, 0x69, 0x69, 0x96, 0x69, 0x96, 0x96, 0x69, 0x96, 0x69, 0x69, 0x96,
        0x69, 0x96, 0x96, 0x69, 0x96, 0x69, 0x69, 0x96, 0x69, 0x96, 0x96, 0x69,
        0x96, 0x69, 0x69, 0x96, 0x69, 0x96, 0x96, 0x69, 0x96, 0x69, 0x69, 0x96,
        0x69, 0x96, 0x96, 0x69, 0x96, 0x69, 0x69, 0x96, 0x69, 0x96, 0x96, 0x69,
        0x96, 0x69, 0x69, 0x96, 0xa5, 0xa5, 0xa5, 0xa5, 0xa5, 0xa5, 0xa5, 0xa5,
        0xa5, 0xa5, 0xa5, 0xa5, 0xa5, 0xa5, 0xa5, 0xa5, 0xa5, 0xa5, 0xa5, 0xa5,
        0xa5, 0xa5, 0xa5, 0xa5, 0xa5, 0xa5, 0xa5, 0xa5, 0xa5, 0xa5, 0xa5, 0xa5,
        0xa5, 0xa5, 0xa5, 0xa5, 0xa5, 0xa5, 0xa5, 0xa5, 0xa5, 0xa5, 0xa5, 0xa5,
        0xa5, 0xa5, 0xa5, 0xa5, 0xa5, 0xa5, 0xa5, 0xa5, 0xa5, 0xa5, 0xa5, 0xa5,
        0xa5, 0xa5, 0xa5, 0xa5, 0xa5, 0xa5, 0xa5, 0xa5, 0xa5, 0xa5, 0xa5, 0xa5,
        0xa5, 0xa5, 0xa5, 0xa5, 0xa5, 0xa5, 0xa5, 0xa5, 0xa5, 0xa5, 0xa5, 0xa5,
        0x00, 0xff, 0x00, 0xff, 0x00, 0xff, 0x00, 0xff, 0x00, 0xff, 0x00, 0xff,
        0x00, 0xff, 0x00, 0xff, 0x00, 0xff, 0x00, 0xff, 0x00, 0xff, 0x00, 0xff,
        0x00, 0xff, 0x00, 0xff, 0x00, 0xff, 0x00, 0xff, 0x00, 0xff, 0x00, 0xff,
        0x00, 0xff, 0x00, 0xff, 0x00, 0xff, 0x00, 0xff, 0x00, 0xff, 0x00, 0xff,
        0x00, 0xff, 0x00, 0xff, 0x00, 0xff, 0x00, 0xff, 0x00, 0xff, 0x00, 0xff,
        0x00, 0xff, 0x00, 0xff, 0x00, 0xff, 0x00, 0xff, 0x00, 0xff, 0x00, 0xff,
        0x00, 0xff, 0x00, 0xff, 0x00, 0xff, 0x00, 0xff, 0x55, 0xaa, 0x55, 0xaa,
        0xaa, 0x55, 0xaa, 0x55, 0xaa, 0x55, 0xaa, 0x55, 0x55, 0xaa, 0x55, 0xaa,
        0x55, 0xaa, 0x55, 0xaa, 0xaa, 0x55, 0xaa, 0x55, 0xaa, 0x55, 0xaa, 0x55,
        0x55, 0xaa, 0x55, 0xaa, 0x55, 0xaa, 0x55, 0xaa, 0xaa, 0x55, 0xaa, 0x55,
        0xaa, 0x55, 0xaa, 0x55, 0x55, 0xaa, 0x55, 0xaa, 0x55, 0xaa, 0x55, 0xaa,
        0xaa, 0x55, 0xaa, 0x55, 0xaa, 0x55, 0xaa, 0x55, 0x55, 0xaa, 0x55, 0xaa,
        0x55, 0xaa, 0x55, 0xaa, 0xaa, 0x55, 0xaa, 0x55, 0xaa, 0x55, 0xaa, 0x55,
        0x55, 0xaa, 0x55, 0xaa, 0x69, 0x69, 0x69, 0x69, 0x96, 0x96, 0x96, 0x96,
        0x96, 0x96, 0x96, 0x96, 0x69, 0x69, 0x69, 0x69, 0x69, 0x69, 0x69, 0x69,
        0x96, 0x96, 0x96, 0x96, 0x96, 0x96, 0x96, 0x96, 0x69, 0x69, 0x69, 0x69,
        0x69, 0x69, 0x69, 0x69, 0x96, 0x96, 0x96, 0x96, 0x96, 0x96, 0x96, 0x96,
        0x69, 0x69, 0x69, 0x69, 0x69, 0x69, 0x69, 0x69, 0x96, 0x96, 0x96, 0x96,
        0x96, 0x96, 0x96, 0x96, 0x69, 0x69, 0x69, 0x69, 0x69, 0x69, 0x69, 0x69,
        0x96, 0x96, 0x96, 0x96, 0x96, 0x96, 0x96, 0x96, 0x69, 0x69, 0x69, 0x69,
        0x8a, 0x66, 0xa8, 0x40, 0x4e, 0xa2, 0x6c, 0xfc, 0x12, 0xde, 0x30, 0x38,
        0xd6, 0x1a, 0xf4, 0x74, 0x9a, 0x56, 0xb8, 0xb0, 0x5e, 0x92, 0x7c, 0xec,
        0x22, 0xce, 0xc0, 0x28, 0xe6, 0x0a, 0x84, 0x64, 0xaa, 0x46, 0x48, 0xa0,
        0x6e, 0x82, 0x0c, 0xdc, 0x32, 0x3e, 0xd0, 0x18, 0xf6, 0x7a, 0x94, 0x54,
        0xba, 0xb6, 0x58, 0x90, 0x7e, 0xf2, 0x1c, 0xcc, 0xc2, 0x2e, 0xe0, 0x08,
        0x86, 0x6a, 0xa4, 0x44, 0x4a, 0xa6, 0x68, 0x80, 0x0e, 0xe2, 0x2c, 0x3c,
        0xd2, 0x1e, 0xf0, 0x78, 0x96, 0x5a, 0xb4, 0xb4, 0x96, 0x96, 0x69, 0x69,
        0x69, 0x69, 0x96, 0x96, 0x96, 0x96, 0x69, 0x69, 0x69, 0x69, 0x96, 0x96,
        0x96, 0x96, 0x69, 0x69, 0x69, 0x69, 0x96, 0x96, 0x96, 0x96, 0x69, 0x69,
        0x69, 0x69, 0x96, 0x96, 0x96, 0x96, 0x69, 0x69, 0x69, 0x69, 0x96, 0x96,
        0x96, 0x96, 0x69, 0x69, 0x69, 0x69, 0x96, 0x96, 0x96, 0x96, 0x69, 0x69,
        0x69, 0x69, 0x96, 0x96, 0x96, 0x96, 0x69, 0x69, 0x69, 0x69, 0x96, 0x96,
        0x96, 0x96, 0x69, 0x69, 0x69, 0x69, 0x96, 0x96, 0x96, 0x96, 0x69, 0x69,
        0x69, 0x69, 0x96, 0x96, 0x55, 0x55, 0x55, 0x55, 0x55, 0x55, 0x55, 0x55,
        0x55, 0x55, 0x55, 0x55, 0x55, 0x55, 0x55, 0x55, 0x55, 0x55, 0x55, 0x55,
        0x55, 0x55, 0x55, 0x55, 0x55, 0x55, 0x55, 0x55, 0x55, 0x55, 0x55, 0x55,
        0x55, 0x55, 0x55, 0x55, 0x55, 0x55, 0x55, 0x55, 0x55, 0x55, 0x55, 0x55,
        0x55, 0x55, 0x55, 0x55, 0x55, 0x55, 0x55, 0x55, 0x55, 0x55, 0x55, 0x55,
        0x55, 0x55, 0x55, 0x55, 0x55, 0x55, 0x55, 0x55, 0x55, 0x55, 0x55, 0x55,
        0x55, 0x55, 0x55, 0x55, 0x55, 0x55, 0x55, 0x55, 0x55, 0x55, 0x55, 0x55,
        0x69, 0x69, 0x69, 0x69, 0x69, 0x69, 0x69, 0x69, 0x96, 0x96, 0x96, 0x96,
        0x96, 0x96, 0x96, 0x96, 0x69, 0x69, 0x69, 0x69, 0x69, 0x69, 0x69, 0x69,
        0x96, 0x96, 0x96, 0x96, 0x96, 0x96, 0x96, 0x96, 0x69, 0x69, 0x69, 0x69,
        0x69, 0x69, 0x69, 0x69, 0x96, 0x96, 0x96, 0x96, 0x96, 0x96, 0x96, 0x96,
        0x69, 0x69, 0x69, 0x69, 0x69, 0x69, 0x69, 0x69, 0x96, 0x96, 0x96, 0x96,
        0x96, 0x96, 0x96, 0x96, 0x69, 0x69, 0x69, 0x69, 0x69, 0x69, 0x69, 0x69,
        0x96, 0x96, 0x96, 0x96, 0x96, 0x96, 0x96, 0x96, 0x3c, 0x3c, 0x3c, 0x3c,
        0xc3, 0xc3, 0xc3, 0xc3, 0xc3, 0xc3, 0xc3, 0xc3, 0x3c, 0x3c, 0x3c, 0x3c,
        0x3c, 0x3c, 0x3c, 0x3c, 0xc3, 0xc3, 0xc3, 0xc3, 0xc3, 0xc3, 0xc3, 0xc3,
        0x3c, 0x3c, 0x3c, 0x3c, 0x3c, 0x3c, 0x3c, 0x3c, 0xc3, 0xc3, 0xc3, 0xc3,
        0xc3, 0xc3, 0xc3, 0xc3, 0x3c, 0x3c, 0x3c, 0x3c, 0x3c, 0x3c, 0x3c, 0x3c,
        0xc3, 0xc3, 0xc3, 0xc3, 0xc3, 0xc3, 0xc3, 0xc3, 0x3c, 0x3c, 0x3c, 0x3c,
        0x3c, 0x3c, 0x3c, 0x3c, 0xc3, 0xc3, 0xc3, 0xc3, 0xc3, 0xc3, 0xc3, 0xc3,
        0x3c, 0x3c, 0x3c, 0x3c, 0x33, 0x33, 0xcc, 0xcc, 0x33, 0x33, 0xcc, 0xcc,
        0x33, 0x33, 0xcc, 0xcc, 0x33, 0x33, 0xcc, 0xcc, 0x33, 0x33, 0xcc, 0xcc,
        0x33, 0x33, 0xcc, 0xcc, 0x33, 0x33, 0xcc, 0xcc, 0x33, 0x33, 0xcc, 0xcc,
        0x33, 0x33, 0xcc, 0xcc, 0x33, 0x33, 0xcc, 0xcc, 0x33, 0x33, 0xcc, 0xcc,
        0x33, 0x33, 0xcc, 0xcc, 0x33, 0x33, 0xcc, 0xcc, 0x33, 0x33, 0xcc, 0xcc,
        0x33, 0x33, 0xcc, 0xcc, 0x33, 0x33, 0xcc, 0xcc, 0x33, 0x33, 0xcc, 0xcc,
        0x33, 0x33, 0xcc, 0xcc, 0x33, 0x33, 0xcc, 0xcc, 0x33, 0x33, 0xcc, 0xcc,
        0x66, 0x99, 0x99, 0x66, 0x99, 0x66, 0x66, 0x99, 0x99, 0x66, 0x66, 0x99,
        0x66, 0x99, 0x99, 0x66, 0x66, 0x99, 0x99, 0x66, 0x99, 0x66, 0x66, 0x99,
        0x99, 0x66, 0x66, 0x99, 0x66, 0x99, 0x99, 0x66, 0x66, 0x99, 0x99, 0x66,
        0x99, 0x66, 0x66, 0x99, 0x99, 0x66, 0x66, 0x99, 0x66, 0x99, 0x99, 0x66,
        0x66, 0x99, 0x99, 0x66, 0x99, 0x66, 0x66, 0x99, 0x99, 0x66, 0x66, 0x99,
        0x66, 0x99, 0x99, 0x66, 0x66, 0x99, 0x99, 0x66, 0x99, 0x66, 0x66, 0x99,
        0x99, 0x66, 0x66, 0x99, 0x66, 0x99, 0x99, 0x66, 0x69, 0x69, 0x96, 0x96,
        0x69, 0x69, 0x96, 0x96, 0x69, 0x69, 0x96, 0x96, 0x69, 0x69, 0x96, 0x96,
        0x69, 0x69, 0x96, 0x96, 0x69, 0x69, 0x96, 0x96, 0x69, 0x69, 0x96, 0x96,
        0x69, 0x69, 0x96, 0x96, 0x69, 0x69, 0x96, 0x96, 0x69, 0x69, 0x96, 0x96,
        0x69, 0x69, 0x96, 0x96, 0x69, 0x69, 0x96, 0x96, 0x69, 0x69, 0x96, 0x96,
        0x69, 0x69, 0x96, 0x96, 0x69, 0x69, 0x96, 0x96, 0x69, 0x69, 0x96, 0x96,
        0x69, 0x69, 0x96, 0x96, 0x69, 0x69, 0x96, 0x96, 0x69, 0x69, 0x96, 0x96,
        0x69, 0x69, 0x96, 0x96, 0x96, 0x69, 0x96, 0x69, 0x69, 0x96, 0x69, 0x96,
        0x69, 0x96, 0x69, 0x96, 0x96, 0x69, 0x96, 0x69, 0x96, 0x69, 0x96, 0x69,
        0x69, 0x96, 0x69, 0x96, 0x69, 0x96, 0x69, 0x96, 0x96, 0x69, 0x96, 0x69,
        0x96, 0x69, 0x96, 0x69, 0x69, 0x96, 0x69, 0x96, 0x69, 0x96, 0x69, 0x96,
        0x96, 0x69, 0x96, 0x69, 0x96, 0x69, 0x96, 0x69, 0x69, 0x96, 0x69, 0x96,
        0x69, 0x96, 0x69, 0x96, 0x96, 0x69, 0x96, 0x69, 0x96, 0x69, 0x96, 0x69,
        0x69, 0x96, 0x69, 0x96, 0x69, 0x96, 0x69, 0x96, 0x96, 0x69, 0x96, 0x69,
        0xff, 0x00, 0x00, 0xff, 0x00, 0xff, 0xff, 0x00, 0x00, 0xff, 0xff, 0x00,
        0xff, 0x00, 0x00, 0xff, 0xff, 0x00, 0x00, 0xff, 0x00, 0xff, 0xff, 0x00,
        0x00, 0xff, 0xff, 0x00, 0xff, 0x00, 0x00, 0xff, 0xff, 0x00, 0x00, 0xff,
        0x00, 0xff, 0xff, 0x00, 0x00, 0xff, 0xff, 0x00, 0xff, 0x00, 0x00, 0xff,
        0xff, 0x00, 0x00, 0xff, 0x00, 0xff, 0xff, 0x00, 0x00, 0xff, 0xff, 0x00,
        0xff, 0x00, 0x00, 0xff, 0xff, 0x00, 0x00, 0xff, 0x00, 0xff, 0xff, 0x00,
        0x00, 0xff, 0xff, 0x00, 0xff, 0x00, 0x00, 0xff, 0x55, 0xaa, 0x55, 0xaa,
        0x55, 0xaa, 0x55, 0xaa, 0x55, 0xaa, 0x55, 0xaa, 0x55, 0xaa, 0x55, 0xaa,
        0x55, 0xaa, 0x55, 0xaa, 0x55, 0xaa, 0x55, 0xaa, 0x55, 0xaa, 0x55, 0xaa,
        0x55, 0xaa, 0x55, 0xaa, 0x55, 0xaa, 0x55, 0xaa, 0x55, 0xaa, 0x55, 0xaa,
        0x55, 0xaa, 0x55, 0xaa, 0x55, 0xaa, 0x55, 0xaa, 0x55, 0xaa, 0x55, 0xaa,
        0x55, 0xaa, 0x55, 0xaa, 0x55, 0xaa, 0x55, 0xaa, 0x55, 0xaa, 0x55, 0xaa,
        0x55, 0xaa, 0x55, 0xaa, 0x55, 0xaa, 0x55, 0xaa, 0x55, 0xaa, 0x55, 0xaa,
        0x55, 0xaa, 0x55, 0xaa, 0x0f, 0xf0, 0xf0, 0x0f, 0xf0, 0x0f, 0x0f, 0xf0,
        0xf0, 0x0f, 0x0f, 0xf0, 0x0f, 0xf0, 0xf0, 0x0f, 0x0f, 0xf0, 0xf0, 0x0f,
        0xf0, 0x0f, 0x0f, 0xf0, 0xf0, 0x0f, 0x0f, 0xf0, 0x0f, 0xf0, 0xf0, 0x0f,
        0x0f, 0xf0, 0xf0, 0x0f, 0xf0, 0x0f, 0x0f, 0xf0, 0xf0, 0x0f, 0x0f, 0xf0,
        0x0f, 0xf0, 0xf0, 0x0f, 0x0f, 0xf0, 0xf0, 0x0f, 0xf0, 0x0f, 0x0f, 0xf0,
        0xf0, 0x0f, 0x0f, 0xf0, 0x0f, 0xf0, 0xf0, 0x0f, 0x0f, 0xf0, 0xf0, 0x0f,
        0xf0, 0x0f, 0x0f, 0xf0, 0xf0, 0x0f, 0x0f, 0xf0, 0x0f, 0xf0, 0xf0, 0x0f,
        0xa5, 0xa5, 0x5a, 0x5a, 0x5a, 0x5a, 0xa5, 0xa5, 0xa5, 0xa5, 0x5a, 0x5a,
        0x5a, 0x5a, 0xa5, 0xa5, 0xa5, 0xa5, 0x5a, 0x5a, 0x5a, 0x5a, 0xa5, 0xa5,
        0xa5, 0xa5, 0x5a, 0x5a, 0x5a, 0x5a, 0xa5, 0xa5, 0xa5, 0xa5, 0x5a, 0x5a,
        0x5a, 0x5a, 0xa5, 0xa5, 0xa5, 0xa5, 0x5a, 0x5a, 0x5a, 0x5a, 0xa5, 0xa5,
        0xa5, 0xa5, 0x5a, 0x5a, 0x5a, 0x5a, 0xa5, 0xa5, 0xa5, 0xa5, 0x5a, 0x5a,
        0x5a, 0x5a, 0xa5, 0xa5, 0xa5, 0xa5, 0x5a, 0x5a, 0x5a, 0x5a, 0xa5, 0xa5,
        0xa5, 0xa5, 0x5a, 0x5a, 0x5a, 0x5a, 0xa5, 0xa5, 0x3c, 0x3c, 0x3c, 0x3c,
        0x3c, 0x3c, 0x3c, 0x3c, 0x3c, 0x3c, 0x3c, 0x3c, 0x3c, 0x3c, 0x3c, 0x3c,
        0x3c, 0x3c, 0x3c, 0x3c, 0x3c, 0x3c, 0x3c, 0x3c, 0x3c, 0x3c, 0x3c, 0x3c,
        0x3c, 0x3c, 0x3c, 0x3c, 0x3c, 0x3c, 0x3c, 0x3c, 0x3c, 0x3c, 0x3c, 0x3c,
        0x3c, 0x3c, 0x3c, 0x3c, 0x3c, 0x3c, 0x3c, 0x3c, 0x3c, 0x3c, 0x3c, 0x3c,
        0x3c, 0x3c, 0x3c, 0x3c, 0x3c, 0x3c, 0x3c, 0x3c, 0x3c, 0x3c, 0x3c, 0x3c,
        0x3c, 0x3c, 0x3c, 0x3c, 0x3c, 0x3c, 0x3c, 0x3c, 0x3c, 0x3c, 0x3c, 0x3c,
        0x3c, 0x3c, 0x3c, 0x3c, 0x28, 0x17, 0x06, 0xf5, 0xe4, 0xd3, 0xc2, 0xb1,
        0x5f, 0x70, 0x81, 0x92, 0xa3, 0xb4, 0xc5, 0xd6, 0x18, 0x07, 0xf6, 0xe5,
        0xd4, 0xc3, 0xb2, 0xa1, 0x6f, 0x80, 0x91, 0xa2, 0xb3, 0xc4, 0xd5, 0xe6,
        0x08, 0xf7, 0xe6, 0xd5, 0xc4, 0xb3, 0xa2, 0x91, 0x7f, 0x90, 0xa1, 0xb2,
        0xc3, 0xd4, 0xe5, 0xf6, 0xf8, 0xe7, 0xd6, 0xc5, 0xb4, 0xa3, 0x92, 0x81,
        0x8f, 0xa0, 0xb1, 0xc2, 0xd3, 0xe4, 0xf5, 0x06, 0xe8, 0xd7, 0xc6, 0xb5,
        0xa4, 0x93, 0x82, 0x71, 0x9f, 0xb0, 0xc1, 0xd2, 0xe3, 0xf4, 0x05, 0x16,
        0xcc, 0xcc, 0x33, 0x33, 0xcc, 0xcc, 0x33, 0x33, 0x33, 0x33, 0xcc, 0xcc,
        0x33, 0x33, 0xcc, 0xcc, 0xcc, 0xcc, 0x33, 0x33, 0xcc, 0xcc, 0x33, 0x33,
        0x33, 0x33, 0xcc, 0xcc, 0x33, 0x33, 0xcc, 0xcc, 0xcc, 0xcc, 0x33, 0x33,
        0xcc, 0xcc, 0x33, 0x33, 0x33, 0x33, 0xcc, 0xcc, 0x33, 0x33, 0xcc, 0xcc,
        0xcc, 0xcc, 0x33, 0x33, 0xcc, 0xcc, 0x33, 0x33, 0x33, 0x33, 0xcc, 0xcc,
        0x33, 0x33, 0xcc, 0xcc, 0xcc, 0xcc, 0x33, 0x33, 0xcc, 0xcc, 0x33, 0x33,
        0x33, 0x33, 0xcc, 0xcc, 0x33, 0x33, 0xcc, 0xcc, 0xff, 0x00, 0xff, 0x00,
        0xff, 0x00, 0xff, 0x00, 0xff, 0x00, 0xff, 0x00, 0xff, 0x00, 0xff, 0x00,
        0xff, 0x00, 0xff, 0x00, 0xff, 0x00, 0xff, 0x00, 0xff, 0x00, 0xff, 0x00,
        0xff, 0x00, 0xff, 0x00, 0xff, 0x00, 0xff, 0x00, 0xff, 0x00, 0xff, 0x00,
        0xff, 0x00, 0xff, 0x00, 0xff, 0x00, 0xff, 0x00, 0xff, 0x00, 0xff, 0x00,
        0xff, 0x00, 0xff, 0x00, 0xff, 0x00, 0xff, 0x00, 0xff, 0x00, 0xff, 0x00,
        0xff, 0x00, 0xff, 0x00, 0xff, 0x00, 0xff, 0x00, 0xff, 0x00, 0xff, 0x00,
        0xff, 0x00, 0xff, 0x00, 0x0f, 0xf0, 0xf0, 0x0f, 0xf0, 0x0f, 0x0f, 0xf0,
        0x0f, 0xf0, 0xf0, 0x0f, 0xf0, 0x0f, 0x0f, 0xf0, 0x0f, 0xf0, 0xf0, 0x0f,
        0xf0, 0x0f, 0x0f, 0xf0, 0x0f, 0xf0, 0xf0, 0x0f, 0xf0, 0x0f, 0x0f, 0xf0,
        0x0f, 0xf0, 0xf0, 0x0f, 0xf0, 0x0f, 0x0f, 0xf0, 0x0f, 0xf0, 0xf0, 0x0f,
        0xf0, 0x0f, 0x0f, 0xf0, 0x0f, 0xf0, 0xf0, 0x0f, 0xf0, 0x0f, 0x0f, 0xf0,
        0x0f, 0xf0, 0xf0, 0x0f, 0xf0, 0x0f, 0x0f, 0xf0, 0x0f, 0xf0, 0xf0, 0x0f,
        0xf0, 0x0f, 0x0f, 0xf0, 0x0f, 0xf0, 0xf0, 0x0f, 0xf0, 0x0f, 0x0f, 0xf0,
        0x96, 0x96, 0x96, 0x96, 0x96, 0x96, 0x96, 0x96, 0x96, 0x96, 0x96, 0x96,
        0x96, 0x96, 0x96, 0x96, 0x96, 0x96, 0x96, 0x96, 0x96, 0x96, 0x96, 0x96,
        0x96, 0x96, 0x96, 0x96, 0x96, 0x96, 0x96, 0x96, 0x96, 0x96, 0x96, 0x96,
        0x96, 0x96, 0x96, 0x96, 0x96, 0x96, 0x96, 0x96, 0x96, 0x96, 0x96, 0x96,
        0x96, 0x96, 0x96, 0x96, 0x96, 0x96, 0x96, 0x96, 0x96, 0x96, 0x96, 0x96,
        0x96, 0x96, 0x96, 0x96, 0x96, 0x96, 0x96, 0x96, 0x96, 0x96, 0x96, 0x96,
        0x96, 0x96, 0x96, 0x96, 0x96, 0x96, 0x96, 0x96, 0x4b, 0x78, 0x96, 0xe1,
        0x0f, 0x3c, 0xd2, 0x2d, 0xc3, 0xf0, 0x1e, 0x69, 0x87, 0xb4, 0x5a, 0xb5,
        0x7b, 0x68, 0xe6, 0xf1, 0x3f, 0x2c, 0x22, 0x3d, 0xf3, 0xe0, 0x6e, 0x79,
        0xb7, 0xa4, 0xaa, 0x85, 0x6b, 0x18, 0xf6, 0xc1, 0x2f, 0xdc, 0x32, 0x0d,
        0xe3, 0x90, 0x7e, 0x49, 0xa7, 0x54, 0xba, 0x95, 0x1b, 0x08, 0xc6, 0xd1,
        0xdf, 0xcc, 0x02, 0x1d, 0x93, 0x80, 0x4e, 0x59, 0x57, 0x44, 0x8a, 0xe5,
        0x0b, 0x38, 0xd6, 0x21, 0xcf, 0xfc, 0x12, 0x6d, 0x83, 0xb0, 0x5e, 0xa9,
        0x47, 0x74, 0x9a, 0xf5, 0x33, 0x33, 0x33, 0x33, 0x33, 0x33, 0x33, 0x33,
        0x33, 0x33, 0x33, 0x33, 0x33, 0x33, 0x33, 0x33, 0x33, 0x33, 0x33, 0x33,
        0x33, 0x33, 0x33, 0x33, 0x33, 0x33, 0x33, 0x33, 0x33, 0x33, 0x33, 0x33,
        0x33, 0x33, 0x33, 0x33, 0x33, 0x33, 0x33, 0x33, 0x33, 0x33, 0x33, 0x33,
        0x33, 0x33, 0x33, 0x33, 0x33, 0x33, 0x33, 0x33, 0x33, 0x33, 0x33, 0x33,
        0x33, 0x33, 0x33, 0x33, 0x33, 0x33, 0x33, 0x33, 0x33, 0x33, 0x33, 0x33,
        0x33, 0x33, 0x33, 0x33, 0x33, 0x33, 0x33, 0x33, 0x33, 0x33, 0x33, 0x33,
        0x00, 0xff, 0x00, 0xff, 0x00, 0xff, 0x00, 0xff, 0x00, 0xff, 0x00, 0xff,
        0x00, 0xff, 0x00, 0xff, 0x00, 0xff, 0x00, 0xff, 0x00, 0xff, 0x00, 0xff,
        0x00, 0xff, 0x00, 0xff, 0x00, 0xff, 0x00, 0xff, 0x00, 0xff, 0x00, 0xff,
        0x00, 0xff, 0x00, 0xff, 0x00, 0xff, 0x00, 0xff, 0x00, 0xff, 0x00, 0xff,
        0x00, 0xff, 0x00, 0xff, 0x00, 0xff, 0x00, 0xff, 0x00, 0xff, 0x00, 0xff,
        0x00, 0xff, 0x00, 0xff, 0x00, 0xff, 0x00, 0xff, 0x00, 0xff, 0x00, 0xff,
        0x00, 0xff, 0x00, 0xff, 0x00, 0xff, 0x00, 0xff, 0x33, 0x33, 0xcc, 0xcc,
        0x33, 0x33, 0xcc, 0xcc, 0xcc, 0xcc, 0x33, 0x33, 0xcc, 0xcc, 0x33, 0x33,
        0x33, 0x33, 0xcc, 0xcc, 0x33, 0x33, 0xcc, 0xcc, 0xcc, 0xcc, 0x33, 0x33,
        0xcc, 0xcc, 0x33, 0x33, 0x33, 0x33, 0xcc, 0xcc, 0x33, 0x33, 0xcc, 0xcc,
        0xcc, 0xcc, 0x33, 0x33, 0xcc, 0xcc, 0x33, 0x33, 0x33, 0x33, 0xcc, 0xcc,
        0x33, 0x33, 0xcc, 0xcc, 0xcc, 0xcc, 0x33, 0x33, 0xcc, 0xcc, 0x33, 0x33,
        0x33, 0x33, 0xcc, 0xcc, 0x33, 0x33, 0xcc, 0xcc, 0xcc, 0xcc, 0x33, 0x33,
        0xcc, 0xcc, 0x33, 0x33, 0x5a, 0x5a, 0xa5, 0xa5, 0xa5, 0xa5, 0x5a, 0x5a,
        0x5a, 0x5a, 0xa5, 0xa5, 0xa5, 0xa5, 0x5a, 0x5a, 0x5a, 0x5a, 0xa5, 0xa5,
        0xa5, 0xa5, 0x5a, 0x5a, 0x5a, 0x5a, 0xa5, 0xa5, 0xa5, 0xa5, 0x5a, 0x5a,
        0x5a, 0x5a, 0xa5, 0xa5, 0xa5, 0xa5, 0x5a, 0x5a, 0x5a, 0x5a, 0xa5, 0xa5,
        0xa5, 0xa5, 0x5a, 0x5a, 0x5a, 0x5a, 0xa5, 0xa5, 0xa5, 0xa5, 0x5a, 0x5a,
        0x5a, 0x5a, 0xa5, 0xa5, 0xa5, 0xa5, 0x5a, 0x5a, 0x5a, 0x5a, 0xa5, 0xa5,
        0xa5, 0xa5, 0x5a, 0x5a, 0x5a, 0x5a, 0xa5, 0xa5, 0xa5, 0xa5, 0x5a, 0x5a,
        0x96, 0x96, 0x96, 0x96, 0x69, 0x69, 0x69, 0x69, 0x69, 0x69, 0x69, 0x69,
        0x96, 0x96, 0x96, 0x96, 0x96, 0x96, 0x96, 0x96, 0x69, 0x69, 0x69, 0x69,
        0x69, 0x69, 0x69, 0x69, 0x96, 0x96, 0x96, 0x96, 0x96, 0x96, 0x96, 0x96,
        0x69, 0x69, 0x69, 0x69, 0x69, 0x69, 0x69, 0x69, 0x96, 0x96, 0x96, 0x96,
        0x96, 0x96, 0x96, 0x96, 0x69, 0x69, 0x69, 0x69, 0x69, 0x69, 0x69, 0x69,
        0x96, 0x96, 0x96, 0x96, 0x96, 0x96, 0x96, 0x96, 0x69, 0x69, 0x69, 0x69,
        0x69, 0x69, 0x69, 0x69, 0x96, 0x96, 0x96, 0x96, 0x96, 0x69, 0x69, 0x96,
        0x69, 0x96, 0x96, 0x69, 0x96, 0x69, 0x69, 0x96, 0x69, 0x96, 0x96, 0x69,
        0x96, 0x69, 0x69, 0x96, 0x69, 0x96, 0x96, 0x69, 0x96, 0x69, 0x69, 0x96,
        0x69, 0x96, 0x96, 0x69, 0x96, 0x69, 0x69, 0x96, 0x69, 0x96, 0x96, 0x69,
        0x96, 0x69, 0x69, 0x96, 0x69, 0x96, 0x96, 0x69, 0x96, 0x69, 0x69, 0x96,
        0x69, 0x96, 0x96, 0x69, 0x96, 0x69, 0x69, 0x96, 0x69, 0x96, 0x96, 0x69,
        0x96, 0x69, 0x69, 0x96, 0x69, 0x96, 0x96, 0x69, 0x96, 0x69, 0x69, 0x96,
        0x69, 0x96, 0x96, 0x69, 0x5a, 0xa5, 0xa5, 0x5a, 0xa5, 0x5a, 0x5a, 0xa5,
        0x5a, 0xa5, 0xa5, 0x5a, 0xa5, 0x5a, 0x5a, 0xa5, 0x5a, 0xa5, 0xa5, 0x5a,
        0xa5, 0x5a, 0x5a, 0xa5, 0x5a, 0xa5, 0xa5, 0x5a, 0xa5, 0x5a, 0x5a, 0xa5,
        0x5a, 0xa5, 0xa5, 0x5a, 0xa5, 0x5a, 0x5a, 0xa5, 0x5a, 0xa5, 0xa5, 0x5a,
        0xa5, 0x5a, 0x5a, 0xa5, 0x5a, 0xa5, 0xa5, 0x5a, 0xa5, 0x5a, 0x5a, 0xa5,
        0x5a, 0xa5, 0xa5, 0x5a, 0xa5, 0x5a, 0x5a, 0xa5, 0x5a, 0xa5, 0xa5, 0x5a,
        0xa5, 0x5a, 0x5a, 0xa5, 0x5a, 0xa5, 0xa5, 0x5a, 0xa5, 0x5a, 0x5a, 0xa5,
        0x3c, 0xc3, 0xc3, 0x3c, 0x3c, 0xc3, 0xc3, 0x3c, 0x3c, 0xc3, 0xc3, 0x3c,
        0x3c, 0xc3, 0xc3, 0x3c, 0x3c, 0xc3, 0xc3, 0x3c, 0x3c, 0xc3, 0xc3, 0x3c,
        0x3c, 0xc3, 0xc3, 0x3c, 0x3c, 0xc3, 0xc3, 0x3c, 0x3c, 0xc3, 0xc3, 0x3c,
        0x3c, 0xc3, 0xc3, 0x3c, 0x3c, 0xc3, 0xc3, 0x3c, 0x3c, 0xc3, 0xc3, 0x3c,
        0x3c, 0xc3, 0xc3, 0x3c, 0x3c, 0xc3, 0xc3, 0x3c, 0x3c, 0xc3, 0xc3, 0x3c,
        0x3c, 0xc3, 0xc3, 0x3c, 0x3c, 0xc3, 0xc3, 0x3c, 0x3c, 0xc3, 0xc3, 0x3c,
        0x3c, 0xc3, 0xc3, 0x3c, 0x3c, 0xc3, 0xc3, 0x3c, 0xcc, 0xcc, 0xcc, 0xcc,
        0xcc, 0xcc, 0xcc, 0xcc, 0xcc, 0xcc, 0xcc, 0xcc, 0xcc, 0xcc, 0xcc, 0xcc,
        0xcc, 0xcc, 0xcc, 0xcc, 0xcc, 0xcc, 0xcc, 0xcc, 0xcc, 0xcc, 0xcc, 0xcc,
        0xcc, 0xcc, 0xcc, 0xcc, 0xcc, 0xcc, 0xcc, 0xcc, 0xcc, 0xcc, 0xcc, 0xcc,
        0xcc, 0xcc, 0xcc, 0xcc, 0xcc, 0xcc, 0xcc, 0xcc, 0xcc, 0xcc, 0xcc, 0xcc,
        0xcc, 0xcc, 0xcc, 0xcc, 0xcc, 0xcc, 0xcc, 0xcc, 0xcc, 0xcc, 0xcc, 0xcc,
        0xcc, 0xcc, 0xcc, 0xcc, 0xcc, 0xcc, 0xcc, 0xcc, 0xcc, 0xcc, 0xcc, 0xcc,
        0xcc, 0xcc, 0xcc, 0xcc, 0x42, 0xa2, 0xac, 0x40, 0x8e, 0x66, 0xe8, 0x04,
        0x35, 0x25, 0xcb, 0x07, 0xe9, 0x61, 0x8f, 0x43, 0x52, 0x52, 0xbc, 0x70,
        0x9e, 0x16, 0xf8, 0x34, 0x25, 0x35, 0xfb, 0x17, 0x99, 0x71, 0xbf, 0x53,
        0xa2, 0x42, 0x8c, 0x60, 0xee, 0x06, 0xc8, 0x24, 0xd5, 0x05, 0xeb, 0x67,
        0x89, 0x41, 0xaf, 0xa3, 0xb2, 0x72, 0x9c, 0x10, 0xfe, 0x36, 0xd8, 0xd4,
        0xc5, 0x15, 0x9b, 0x77, 0xb9, 0x51, 0x5f, 0xb3, 0x82, 0x62, 0xec, 0x00,
        0xce, 0x26, 0x28, 0xc4, 0xf5, 0x65, 0x8b, 0x47, 0xa9, 0xa1, 0x4f, 0x83,
        0x99, 0x66, 0x99, 0x66, 0x66, 0x99, 0x66, 0x99, 0x99, 0x66, 0x99, 0x66,
        0x66, 0x99, 0x66, 0x99, 0x99, 0x66, 0x99, 0x66, 0x66, 0x99, 0x66, 0x99,
        0x99, 0x66, 0x99, 0x66, 0x66, 0x99, 0x66, 0x99, 0x99, 0x66, 0x99, 0x66,
        0x66, 0x99, 0x66, 0x99, 0x99, 0x66, 0x99, 0x66, 0x66, 0x99, 0x66, 0x99,
        0x99, 0x66, 0x99, 0x66, 0x66, 0x99, 0x66, 0x99, 0x99, 0x66, 0x99, 0x66,
        0x66, 0x99, 0x66, 0x99, 0x99, 0x66, 0x99, 0x66, 0x66, 0x99, 0x66, 0x99,
        0x99, 0x66, 0x99, 0x66, 0x66, 0x99, 0x66, 0x99, 0x33, 0x33, 0x33, 0x33,
        0x33, 0x33, 0x33, 0x33, 0xcc, 0xcc, 0xcc, 0xcc, 0xcc, 0xcc, 0xcc, 0xcc,
        0x33, 0x33, 0x33, 0x33, 0x33, 0x33, 0x33, 0x33, 0xcc, 0xcc, 0xcc, 0xcc,
        0xcc, 0xcc, 0xcc, 0xcc, 0x33, 0x33, 0x33, 0x33, 0x33, 0x33, 0x33, 0x33,
        0xcc, 0xcc, 0xcc, 0xcc, 0xcc, 0xcc, 0xcc, 0xcc, 0x33, 0x33, 0x33, 0x33,
        0x33, 0x33, 0x33, 0x33, 0xcc, 0xcc, 0xcc, 0xcc, 0xcc, 0xcc, 0xcc, 0xcc,
        0x33, 0x33, 0x33, 0x33, 0x33, 0x33, 0x33, 0x33, 0xcc, 0xcc, 0xcc, 0xcc,
        0xcc, 0xcc, 0xcc, 0xcc, 0xff, 0xff, 0xff, 0xff, 0x00, 0x00, 0x00, 0x00,
        0x00, 0x00, 0x00, 0x00, 0xff, 0xff, 0xff, 0xff, 0xff, 0xff, 0xff, 0xff,
        0x00, 0x00, 0x00, 0x00, 0x00, 0x00, 0x00, 0x00, 0xff, 0xff, 0xff, 0xff,
        0xff, 0xff, 0xff, 0xff, 0x00, 0x00, 0x00, 0x00, 0x00, 0x00, 0x00, 0x00,
        0xff, 0xff, 0xff, 0xff, 0xff, 0xff, 0xff, 0xff, 0x00, 0x00, 0x00, 0x00,
        0x00, 0x00, 0x00, 0x00, 0xff, 0xff, 0xff, 0xff, 0xff, 0xff, 0xff, 0xff,
        0x00, 0x00, 0x00, 0x00, 0x00, 0x00, 0x00, 0x00, 0xff, 0xff, 0xff, 0xff,
        0x66, 0x99, 0x66, 0x99, 0x66, 0x99, 0x66, 0x99, 0x66, 0x99, 0x66, 0x99,
        0x66, 0x99, 0x66, 0x99, 0x66, 0x99, 0x66, 0x99, 0x66, 0x99, 0x66, 0x99,
        0x66, 0x99, 0x66, 0x99, 0x66, 0x99, 0x66, 0x99, 0x66, 0x99, 0x66, 0x99,
        0x66, 0x99, 0x66, 0x99, 0x66, 0x99, 0x66, 0x99, 0x66, 0x99, 0x66, 0x99,
        0x66, 0x99, 0x66, 0x99, 0x66, 0x99, 0x66, 0x99, 0x66, 0x99, 0x66, 0x99,
        0x66, 0x99, 0x66, 0x99, 0x66, 0x99, 0x66, 0x99, 0x66, 0x99, 0x66, 0x99,
        0x66, 0x99, 0x66, 0x99, 0x66, 0x99, 0x66, 0x99, 0x66, 0x99, 0x66, 0x99,
        0x66, 0x99, 0x66, 0x99, 0x66, 0x99, 0x66, 0x99, 0x66, 0x99, 0x66, 0x99,
        0x66, 0x99, 0x66, 0x99, 0x66, 0x99, 0x66, 0x99, 0x66, 0x99, 0x66, 0x99,
        0x66, 0x99, 0x66, 0x99, 0x66, 0x99, 0x66, 0x99, 0x66, 0x99, 0x66, 0x99,
        0x66, 0x99, 0x66, 0x99, 0x66, 0x99, 0x66, 0x99, 0x66, 0x99, 0x66, 0x99,
        0x66, 0x99, 0x66, 0x99, 0x66, 0x99, 0x66, 0x99, 0x66, 0x99, 0x66, 0x99,
        0x66, 0x99, 0x66, 0x99, 0x66, 0x99, 0x66, 0x99, 0x66, 0x99, 0x66, 0x99,
        0x66, 0x99, 0x66, 0x99, 0xf0, 0x0f, 0xf0, 0x0f, 0x0f, 0xf0, 0x0f, 0xf0,
        0xf0, 0x0f, 0xf0, 0x0f, 0x0f, 0xf0, 0x0f, 0xf0, 0xf0, 0x0f, 0xf0, 0x0f,
        0x0f, 0xf0, 0x0f, 0xf0, 0xf0, 0x0f, 0xf0, 0x0f, 0x0f, 0xf0, 0x0f, 0xf0,
        0xf0, 0x0f, 0xf0, 0x0f, 0x0f, 0xf0, 0x0f, 0xf0, 0xf0, 0x0f, 0xf0, 0x0f,
        0x0f, 0xf0, 0x0f, 0xf0, 0xf0, 0x0f, 0xf0, 0x0f, 0x0f, 0xf0, 0x0f, 0xf0,
        0xf0, 0x0f, 0xf0, 0x0f, 0x0f, 0xf0, 0x0f, 0xf0, 0xf0, 0x0f, 0xf0, 0x0f,
        0x0f, 0xf0, 0x0f, 0xf0, 0xf0, 0x0f, 0xf0, 0x0f, 0x0f, 0xf0, 0x0f, 0xf0,
        0x8e, 0x9d, 0xac, 0x43, 0xad, 0x9e, 0x8f, 0xf8, 0x16, 0x25, 0x34, 0xcb,
        0x25, 0x16, 0x07, 0x70, 0x9e, 0xad, 0xbc, 0x53, 0x9d, 0x8e, 0xff, 0xe8,
        0x26, 0x35, 0xc4, 0xdb, 0x15, 0x06, 0x77, 0x60, 0xae, 0xbd, 0x4c, 0x63,
        0x8d, 0xfe, 0xef, 0xd8, 0x36, 0xc5, 0xd4, 0xeb, 0x05, 0x76, 0x67, 0x50,
        0xbe, 0x4d, 0x5c, 0x73, 0xfd, 0xee, 0xdf, 0xc8, 0xc6, 0xd5, 0xe4, 0xfb,
        0x75, 0x66, 0x57, 0x40, 0x4e, 0x5d, 0x6c, 0x03, 0xed, 0xde, 0xcf, 0x38,
        0xd6, 0xe5, 0xf4, 0x8b, 0x65, 0x56, 0x47, 0xb0, 0x9b, 0x7b, 0x0a, 0xe6,
        0x28, 0xc0, 0x31, 0xdd, 0xec, 0x7c, 0x6d, 0xa1, 0x4f, 0x47, 0x56, 0x9a,
        0x8b, 0x0b, 0x1a, 0xd6, 0x38, 0x30, 0x21, 0xed, 0xfc, 0x6c, 0x5d, 0xb1,
        0xbf, 0x57, 0x66, 0x8a, 0xfb, 0x1b, 0x2a, 0xc6, 0xc8, 0x20, 0x11, 0xfd,
        0x8c, 0x5c, 0x4d, 0x41, 0xaf, 0x67, 0x76, 0xfa, 0xeb, 0x2b, 0x3a, 0x36,
        0xd8, 0x10, 0x01, 0x8d, 0x9c, 0x4c, 0xbd, 0x51, 0x9f, 0x77, 0x06, 0xea,
        0xdb, 0x3b, 0xca, 0x26, 0xe8, 0x00, 0x71, 0x9d, 0xac, 0xbc, 0xad, 0x61,
        0x8f, 0x07, 0x16, 0xda, 0xa5, 0x5a, 0xa5, 0x5a, 0x5a, 0xa5, 0x5a, 0xa5,
        0x5a, 0xa5, 0x5a, 0xa5, 0xa5, 0x5a, 0xa5, 0x5a, 0xa5, 0x5a, 0xa5, 0x5a,
        0x5a, 0xa5, 0x5a, 0xa5, 0x5a, 0xa5, 0x5a, 0xa5, 0xa5, 0x5a, 0xa5, 0x5a,
        0xa5, 0x5a, 0xa5, 0x5a, 0x5a, 0xa5, 0x5a, 0xa5, 0x5a, 0xa5, 0x5a, 0xa5,
        0xa5, 0x5a, 0xa5, 0x5a, 0xa5, 0x5a, 0xa5, 0x5a, 0x5a, 0xa5, 0x5a, 0xa5,
        0x5a, 0xa5, 0x5a, 0xa5, 0xa5, 0x5a, 0xa5, 0x5a, 0xa5, 0x5a, 0xa5, 0x5a,
        0x5a, 0xa5, 0x5a, 0xa5, 0x5a, 0xa5, 0x5a, 0xa5, 0xa5, 0x5a, 0xa5, 0x5a,
        0xf0, 0xf0, 0xf0, 0xf0, 0xf0, 0xf0, 0xf0, 0xf0, 0x0f, 0x0f, 0x0f, 0x0f,
        0x0f, 0x0f, 0x0f, 0x0f, 0xf0, 0xf0, 0xf0, 0xf0, 0xf0, 0xf0, 0xf0, 0xf0,
        0x0f, 0x0f, 0x0f, 0x0f, 0x0f, 0x0f, 0x0f, 0x0f, 0xf0, 0xf0, 0xf0, 0xf0,
        0xf0, 0xf0, 0xf0, 0xf0, 0x0f, 0x0f, 0x0f, 0x0f, 0x0f, 0x0f, 0x0f, 0x0f,
        0xf0, 0xf0, 0xf0, 0xf0, 0xf0, 0xf0, 0xf0, 0xf0, 0x0f, 0x0f, 0x0f, 0x0f,
        0x0f, 0x0f, 0x0f, 0x0f, 0xf0, 0xf0, 0xf0, 0xf0, 0xf0, 0xf0, 0xf0, 0xf0,
        0x0f, 0x0f, 0x0f, 0x0f, 0x0f, 0x0f, 0x0f, 0x0f, 0xa5, 0x5a, 0xa5, 0x5a,
        0xa5, 0x5a, 0xa5, 0x5a, 0x5a, 0xa5, 0x5a, 0xa5, 0x5a, 0xa5, 0x5a, 0xa5,
        0xa5, 0x5a, 0xa5, 0x5a, 0xa5, 0x5a, 0xa5, 0x5a, 0x5a, 0xa5, 0x5a, 0xa5,
        0x5a, 0xa5, 0x5a, 0xa5, 0xa5, 0x5a, 0xa5, 0x5a, 0xa5, 0x5a, 0xa5, 0x5a,
        0x5a, 0xa5, 0x5a, 0xa5, 0x5a, 0xa5, 0x5a, 0xa5, 0xa5, 0x5a, 0xa5, 0x5a,
        0xa5, 0x5a, 0xa5, 0x5a, 0x5a, 0xa5, 0x5a, 0xa5, 0x5a, 0xa5, 0x5a, 0xa5,
        0xa5, 0x5a, 0xa5, 0x5a, 0xa5, 0x5a, 0xa5, 0x5a, 0x5a, 0xa5, 0x5a, 0xa5,
        0x5a, 0xa5, 0x5a, 0xa5, 0x5a, 0x5a, 0x5a, 0x5a, 0x5a, 0x5a, 0x5a, 0x5a,
        0x5a, 0x5a, 0x5a, 0x5a, 0x5a, 0x5a, 0x5a, 0x5a, 0x5a, 0x5a, 0x5a, 0x5a,
        0x5a, 0x5a, 0x5a, 0x5a, 0x5a, 0x5a, 0x5a, 0x5a, 0x5a, 0x5a, 0x5a, 0x5a,
        0x5a, 0x5a, 0x5a, 0x5a, 0x5a, 0x5a, 0x5a, 0x5a, 0x5a, 0x5a, 0x5a, 0x5a,
        0x5a, 0x5a, 0x5a, 0x5a, 0x5a, 0x5a, 0x5a, 0x5a, 0x5a, 0x5a, 0x5a, 0x5a,
        0x5a, 0x5a, 0x5a, 0x5a, 0x5a, 0x5a, 0x5a, 0x5a, 0x5a, 0x5a, 0x5a, 0x5a,
        0x5a, 0x5a, 0x5a, 0x5a, 0x5a, 0x5a, 0x5a, 0x5a, 0x5a, 0x5a, 0x5a, 0x5a,
        0x5a, 0xa5, 0xa5, 0x5a, 0x5a, 0xa5, 0xa5, 0x5a, 0x5a, 0xa5, 0xa5, 0x5a,
        0x5a, 0xa5, 0xa5, 0x5a, 0x5a, 0xa5, 0xa5, 0x5a, 0x5a, 0xa5, 0xa5, 0x5a,
        0x5a, 0xa5, 0xa5, 0x5a, 0x5a, 0xa5, 0xa5, 0x5a, 0x5a, 0xa5, 0xa5, 0x5a,
        0x5a, 0xa5, 0xa5, 0x5a, 0x5a, 0xa5, 0xa5, 0x5a, 0x5a, 0xa5, 0xa5, 0x5a,
        0x5a, 0xa5, 0xa5, 0x5a, 0x5a, 0xa5, 0xa5, 0x5a, 0x5a, 0xa5, 0xa5, 0x5a,
        0x5a, 0xa5, 0xa5, 0x5a, 0x5a, 0xa5, 0xa5, 0x5a, 0x5a, 0xa5, 0xa5, 0x5a,
        0x5a, 0xa5, 0xa5, 0x5a, 0x5a, 0xa5, 0xa5, 0x5a, 0x33, 0xcc, 0x33, 0xcc,
        0x33, 0xcc, 0x33, 0xcc, 0xcc, 0x33, 0xcc, 0x33, 0xcc, 0x33, 0xcc, 0x33,
        0x33, 0xcc, 0x33, 0xcc, 0x33, 0xcc, 0x33, 0xcc, 0xcc, 0x33, 0xcc, 0x33,
        0xcc, 0x33, 0xcc, 0x33, 0x33, 0xcc, 0x33, 0xcc, 0x33, 0xcc, 0x33, 0xcc,
        0xcc, 0x33, 0xcc, 0x33, 0xcc, 0x33, 0xcc, 0x33, 0x33, 0xcc, 0x33, 0xcc,
        0x33, 0xcc, 0x33, 0xcc, 0xcc, 0x33, 0xcc, 0x33, 0xcc, 0x33, 0xcc, 0x33,
        0x33, 0xcc, 0x33, 0xcc, 0x33, 0xcc, 0x33, 0xcc, 0xcc, 0x33, 0xcc, 0x33,
        0xcc, 0x33, 0xcc, 0x33, 0x5a, 0x5a, 0x5a, 0x5a, 0xa5, 0xa5, 0xa5, 0xa5,
        0xa5, 0xa5, 0xa5, 0xa5, 0x5a, 0x5a, 0x5a, 0x5a, 0x5a, 0x5a, 0x5a, 0x5a,
        0xa5, 0xa5, 0xa5, 0xa5, 0xa5, 0xa5, 0xa5, 0xa5, 0x5a, 0x5a, 0x5a, 0x5a,
        0x5a, 0x5a, 0x5a, 0x5a, 0xa5, 0xa5, 0xa5, 0xa5, 0xa5, 0xa5, 0xa5, 0xa5,
        0x5a, 0x5a, 0x5a, 0x5a, 0x5a, 0x5a, 0x5a, 0x5a, 0xa5, 0xa5, 0xa5, 0xa5,
        0xa5, 0xa5, 0xa5, 0xa5, 0x5a, 0x5a, 0x5a, 0x5a, 0x5a, 0x5a, 0x5a, 0x5a,
        0xa5, 0xa5, 0xa5, 0xa5, 0xa5, 0xa5, 0xa5, 0xa5, 0x5a, 0x5a, 0x5a, 0x5a,
        0xa5, 0x5a, 0xa5, 0x5a, 0x5a, 0xa5, 0x5a, 0xa5, 0x5a, 0xa5, 0x5a, 0xa5,
        0xa5, 0x5a, 0xa5, 0x5a, 0xa5, 0x5a, 0xa5, 0x5a, 0x5a, 0xa5, 0x5a, 0xa5,
        0x5a, 0xa5, 0x5a, 0xa5, 0xa5, 0x5a, 0xa5, 0x5a, 0xa5, 0x5a, 0xa5, 0x5a,
        0x5a, 0xa5, 0x5a, 0xa5, 0x5a, 0xa5, 0x5a, 0xa5, 0xa5, 0x5a, 0xa5, 0x5a,
        0xa5, 0x5a, 0xa5, 0x5a, 0x5a, 0xa5, 0x5a, 0xa5, 0x5a, 0xa5, 0x5a, 0xa5,
        0xa5, 0x5a, 0xa5, 0x5a, 0xa5, 0x5a, 0xa5, 0x5a, 0x5a, 0xa5, 0x5a, 0xa5,
        0x5a, 0xa5, 0x5a, 0xa5, 0xa5, 0x5a, 0xa5, 0x5a, 0xcc, 0xcc, 0xcc, 0xcc,
        0x33, 0x33, 0x33, 0x33, 0x33, 0x33, 0x33, 0x33, 0xcc, 0xcc, 0xcc, 0xcc,
        0xcc, 0xcc, 0xcc, 0xcc, 0x33, 0x33, 0x33, 0x33, 0x33, 0x33, 0x33, 0x33,
        0xcc, 0xcc, 0xcc, 0xcc, 0xcc, 0xcc, 0xcc, 0xcc, 0x33, 0x33, 0x33, 0x33,
        0x33, 0x33, 0x33, 0x33, 0xcc, 0xcc, 0xcc, 0xcc, 0xcc, 0xcc, 0xcc, 0xcc,
        0x33, 0x33, 0x33, 0x33, 0x33, 0x33, 0x33, 0x33, 0xcc, 0xcc, 0xcc, 0xcc,
        0xcc, 0xcc, 0xcc, 0xcc, 0x33, 0x33, 0x33, 0x33, 0x33, 0x33, 0x33, 0x33,
        0xcc, 0xcc, 0xcc, 0xcc, 0xa5, 0x5a, 0x5a, 0xa5, 0x5a, 0xa5, 0xa5, 0x5a,
        0x5a, 0xa5, 0xa5, 0x5a, 0xa5, 0x5a, 0x5a, 0xa5, 0xa5, 0x5a, 0x5a, 0xa5,
        0x5a, 0xa5, 0xa5, 0x5a, 0x5a, 0xa5, 0xa5, 0x5a, 0xa5, 0x5a, 0x5a, 0xa5,
        0xa5, 0x5a, 0x5a, 0xa5, 0x5a, 0xa5, 0xa5, 0x5a, 0x5a, 0xa5, 0xa5, 0x5a,
        0xa5, 0x5a, 0x5a, 0xa5, 0xa5, 0x5a, 0x5a, 0xa5, 0x5a, 0xa5, 0xa5, 0x5a,
        0x5a, 0xa5, 0xa5, 0x5a, 0xa5, 0x5a, 0x5a, 0xa5, 0xa5, 0x5a, 0x5a, 0xa5,
        0x5a, 0xa5, 0xa5, 0x5a, 0x5a, 0xa5, 0xa5, 0x5a, 0xa5, 0x5a, 0x5a, 0xa5,
        0x33, 0x33, 0xcc, 0xcc, 0x33, 0x33, 0xcc, 0xcc, 0xcc, 0xcc, 0x33, 0x33,
        0xcc, 0xcc, 0x33, 0x33, 0x33, 0x33, 0xcc, 0xcc, 0x33, 0x33, 0xcc, 0xcc,
        0xcc, 0xcc, 0x33, 0x33, 0xcc, 0xcc, 0x33, 0x33, 0x33, 0x33, 0xcc, 0xcc,
        0x33, 0x33, 0xcc, 0xcc, 0xcc, 0xcc, 0x33, 0x33, 0xcc, 0xcc, 0x33, 0x33,
        0x33, 0x33, 0xcc, 0xcc, 0x33, 0x33, 0xcc, 0xcc, 0xcc, 0xcc, 0x33, 0x33,
        0xcc, 0xcc, 0x33, 0x33, 0x33, 0x33, 0xcc, 0xcc, 0x33, 0x33, 0xcc, 0xcc,
        0xcc, 0xcc, 0x33, 0x33, 0xcc, 0xcc, 0x33, 0x33, 0x55, 0xaa, 0xaa, 0x55,
        0xaa, 0x55, 0x55, 0xaa, 0x55, 0xaa, 0xaa, 0x55, 0xaa, 0x55, 0x55, 0xaa,
        0x55, 0xaa, 0xaa, 0x55, 0xaa, 0x55, 0x55, 0xaa, 0x55, 0xaa, 0xaa, 0x55,
        0xaa, 0x55, 0x55, 0xaa, 0x55, 0xaa, 0xaa, 0x55, 0xaa, 0x55, 0x55, 0xaa,
        0x55, 0xaa, 0xaa, 0x55, 0xaa, 0x55, 0x55, 0xaa, 0x55, 0xaa, 0xaa, 0x55,
        0xaa, 0x55, 0x55, 0xaa, 0x55, 0xaa, 0xaa, 0x55, 0xaa, 0x55, 0x55, 0xaa,
        0x55, 0xaa, 0xaa, 0x55, 0xaa, 0x55, 0x55, 0xaa, 0x55, 0xaa, 0xaa, 0x55,
        0xaa, 0x55, 0x55, 0xaa, 0x69, 0x96, 0x96, 0x69, 0x69, 0x96, 0x96, 0x69,
        0x96, 0x69, 0x69, 0x96, 0x96, 0x69, 0x69, 0x96, 0x69, 0x96, 0x96, 0x69,
        0x69, 0x96, 0x96, 0x69, 0x96, 0x69, 0x69, 0x96, 0x96, 0x69, 0x69, 0x96,
        0x69, 0x96, 0x96, 0x69, 0x69, 0x96, 0x96, 0x69, 0x96, 0x69, 0x69, 0x96,
        0x96, 0x69, 0x69, 0x96, 0x69, 0x96, 0x96, 0x69, 0x69, 0x96, 0x96, 0x69,
        0x96, 0x69, 0x69, 0x96, 0x96, 0x69, 0x69, 0x96, 0x69, 0x96, 0x96, 0x69,
        0x69, 0x96, 0x96, 0x69, 0x96, 0x69, 0x69, 0x96, 0x96, 0x69, 0x69, 0x96,
        0xff, 0x00, 0x00, 0xff, 0x00, 0xff, 0xff, 0x00, 0xff, 0x00, 0x00, 0xff,
        0x00, 0xff, 0xff, 0x00, 0xff, 0x00, 0x00, 0xff, 0x00, 0xff, 0xff, 0x00,
        0xff, 0x00, 0x00, 0xff, 0x00, 0xff, 0xff, 0x00, 0xff, 0x00, 0x00, 0xff,
        0x00, 0xff, 0xff, 0x00, 0xff, 0x00, 0x00, 0xff, 0x00, 0xff, 0xff, 0x00,
        0xff, 0x00, 0x00, 0xff, 0x00, 0xff, 0xff, 0x00, 0xff, 0x00, 0x00, 0xff,
        0x00, 0xff, 0xff, 0x00, 0xff, 0x00, 0x00, 0xff, 0x00, 0xff, 0xff, 0x00,
        0xff, 0x00, 0x00, 0xff, 0x00, 0xff, 0xff, 0x00, 0xf0, 0x0f, 0xf0, 0x0f,
        0xf0, 0x0f, 0xf0, 0x0f, 0xf0, 0x0f, 0xf0, 0x0f, 0xf0, 0x0f, 0xf0, 0x0f,
        0xf0, 0x0f, 0xf0, 0x0f, 0xf0, 0x0f, 0xf0, 0x0f, 0xf0, 0x0f, 0xf0, 0x0f,
        0xf0, 0x0f, 0xf0, 0x0f, 0xf0, 0x0f, 0xf0, 0x0f, 0xf0, 0x0f, 0xf0, 0x0f,
        0xf0, 0x0f, 0xf0, 0x0f, 0xf0, 0x0f, 0xf0, 0x0f, 0xf0, 0x0f, 0xf0, 0x0f,
        0xf0, 0x0f, 0xf0, 0x0f, 0xf0, 0x0f, 0xf0, 0x0f, 0xf0, 0x0f, 0xf0, 0x0f,
        0xf0, 0x0f, 0xf0, 0x0f, 0xf0, 0x0f, 0xf0, 0x0f, 0xf0, 0x0f, 0xf0, 0x0f,
        0xf0, 0x0f, 0xf0, 0x0f, 0xcc, 0x33, 0x33, 0xcc, 0x33, 0xcc, 0xcc, 0x33,
        0x33, 0xcc, 0xcc, 0x33, 0xcc, 0x33, 0x33, 0xcc, 0xcc, 0x33, 0x33, 0xcc,
        0x33, 0xcc, 0xcc, 0x33, 0x33, 0xcc, 0xcc, 0x33, 0xcc, 0x33, 0x33, 0xcc,
        0xcc, 0x33, 0x33, 0xcc, 0x33, 0xcc, 0xcc, 0x33, 0x33, 0xcc, 0xcc, 0x33,
        0xcc, 0x33, 0x33, 0xcc, 0xcc, 0x33, 0x33, 0xcc, 0x33, 0xcc, 0xcc, 0x33,
        0x33, 0xcc, 0xcc, 0x33, 0xcc, 0x33, 0x33, 0xcc, 0xcc, 0x33, 0x33, 0xcc,
        0x33, 0xcc, 0xcc, 0x33, 0x33, 0xcc, 0xcc, 0x33, 0xcc, 0x33, 0x33, 0xcc,
        0x00, 0x00, 0x00, 0x00, 0xff, 0xff, 0xff, 0xff, 0x00, 0x00, 0x00, 0x00,
        0xff, 0xff, 0xff, 0xff, 0x00, 0x00, 0x00, 0x00, 0xff, 0xff, 0xff, 0xff,
        0x00, 0x00, 0x00, 0x00, 0xff, 0xff, 0xff, 0xff, 0x00, 0x00, 0x00, 0x00,
        0xff, 0xff, 0xff, 0xff, 0x00, 0x00, 0x00, 0x00, 0xff, 0xff, 0xff, 0xff,
        0x00, 0x00, 0x00, 0x00, 0xff, 0xff, 0xff, 0xff, 0x00, 0x00, 0x00, 0x00,
        0xff, 0xff, 0xff, 0xff, 0x00, 0x00, 0x00, 0x00, 0xff, 0xff, 0xff, 0xff,
        0x00, 0x00, 0x00, 0x00, 0xff, 0xff, 0xff, 0xff, 0x3c, 0xc3, 0xc3, 0x3c,
        0xc3, 0x3c, 0x3c, 0xc3, 0x3c, 0xc3, 0xc3, 0x3c, 0xc3, 0x3c, 0x3c, 0xc3,
        0x3c, 0xc3, 0xc3, 0x3c, 0xc3, 0x3c, 0x3c, 0xc3, 0x3c, 0xc3, 0xc3, 0x3c,
        0xc3, 0x3c, 0x3c, 0xc3, 0x3c, 0xc3, 0xc3, 0x3c, 0xc3, 0x3c, 0x3c, 0xc3,
        0x3c, 0xc3, 0xc3, 0x3c, 0xc3, 0x3c, 0x3c, 0xc3, 0x3c, 0xc3, 0xc3, 0x3c,
        0xc3, 0x3c, 0x3c, 0xc3, 0x3c, 0xc3, 0xc3, 0x3c, 0xc3, 0x3c, 0x3c, 0xc3,
        0x3c, 0xc3, 0xc3, 0x3c, 0xc3, 0x3c, 0x3c, 0xc3, 0x3c, 0xc3, 0xc3, 0x3c,
        0xc3, 0x3c, 0x3c, 0xc3, 0x99, 0x99, 0x66, 0x66, 0x99, 0x99, 0x66, 0x66,
        0x99, 0x99, 0x66, 0x66, 0x99, 0x99, 0x66, 0x66, 0x99, 0x99, 0x66, 0x66,
        0x99, 0x99, 0x66, 0x66, 0x99, 0x99, 0x66, 0x66, 0x99, 0x99, 0x66, 0x66,
        0x99, 0x99, 0x66, 0x66, 0x99, 0x99, 0x66, 0x66, 0x99, 0x99, 0x66, 0x66,
        0x99, 0x99, 0x66, 0x66, 0x99, 0x99, 0x66, 0x66, 0x99, 0x99, 0x66, 0x66,
        0x99, 0x99, 0x66, 0x66, 0x99, 0x99, 0x66, 0x66, 0x99, 0x99, 0x66, 0x66,
        0x99, 0x99, 0x66, 0x66, 0x99, 0x99, 0x66, 0x66, 0x99, 0x99, 0x66, 0x66,
        0x14, 0xfc, 0xf2, 0x1e, 0x2f, 0xbf, 0x51, 0x9d, 0x73, 0x7b, 0x95, 0x59,
        0x48, 0xc8, 0x26, 0xea, 0x04, 0x0c, 0xe2, 0x2e, 0x3f, 0xaf, 0x61, 0x8d,
        0x83, 0x6b, 0xa5, 0x49, 0x38, 0xd8, 0x16, 0xfa, 0xf4, 0x1c, 0xd2, 0x3e,
        0x4f, 0x9f, 0x71, 0x7d, 0x93, 0x5b, 0xb5, 0x39, 0x28, 0xe8, 0x06, 0x0a,
        0xe4, 0x2c, 0xc2, 0x4e, 0x5f, 0x8f, 0x81, 0x6d, 0xa3, 0x4b, 0xc5, 0x29,
        0x18, 0xf8, 0xf6, 0x1a, 0xd4, 0x3c, 0xb2, 0x5e, 0x6f, 0x7f, 0x91, 0x5d,
        0xb3, 0x3b, 0xd5, 0x19, 0x08, 0x08, 0xe6, 0x2a, 0x5a, 0xa5, 0x5a, 0xa5,
        0xa5, 0x5a, 0xa5, 0x5a, 0x5a, 0xa5, 0x5a, 0xa5, 0xa5, 0x5a, 0xa5, 0x5a,
        0x5a, 0xa5, 0x5a, 0xa5, 0xa5, 0x5a, 0xa5, 0x5a, 0x5a, 0xa5, 0x5a, 0xa5,
        0xa5, 0x5a, 0xa5, 0x5a, 0x5a, 0xa5, 0x5a, 0xa5, 0xa5, 0x5a, 0xa5, 0x5a,
        0x5a, 0xa5, 0x5a, 0xa5, 0xa5, 0x5a, 0xa5, 0x5a, 0x5a, 0xa5, 0x5a, 0xa5,
        0xa5, 0x5a, 0xa5, 0x5a, 0x5a, 0xa5, 0x5a, 0xa5, 0xa5, 0x5a, 0xa5, 0x5a,
        0x5a, 0xa5, 0x5a, 0xa5, 0xa5, 0x5a, 0xa5, 0x5a, 0x5a, 0xa5, 0x5a, 0xa5,
        0xa5, 0x5a, 0xa5, 0x5a, 0x55, 0xaa, 0x55, 0xaa, 0x55, 0xaa, 0x55, 0xaa,
        0x55, 0xaa, 0x55, 0xaa, 0x55, 0xaa, 0x55, 0xaa, 0x55, 0xaa, 0x55, 0xaa,
        0x55, 0xaa, 0x55, 0xaa, 0x55, 0xaa, 0x55, 0xaa, 0x55, 0xaa, 0x55, 0xaa,
        0x55, 0xaa, 0x55, 0xaa, 0x55, 0xaa, 0x55, 0xaa, 0x55, 0xaa, 0x55, 0xaa,
        0x55, 0xaa, 0x55, 0xaa, 0x55, 0xaa, 0x55, 0xaa, 0x55, 0xaa, 0x55, 0xaa,
        0x55, 0xaa, 0x55, 0xaa, 0x55, 0xaa, 0x55, 0xaa, 0x55, 0xaa, 0x55, 0xaa,
        0x55, 0xaa, 0x55, 0xaa, 0x55, 0xaa, 0x55, 0xaa, 0x55, 0xaa, 0x55, 0xaa,
        0xff, 0xff, 0xff, 0xff, 0xff, 0xff, 0xff, 0xff, 0x00, 0x00, 0x00, 0x00,
        0x00, 0x00, 0x00, 0x00, 0xff, 0xff, 0xff, 0xff, 0xff, 0xff, 0xff, 0xff,
        0x00, 0x00, 0x00, 0x00, 0x00, 0x00, 0x00, 0x00, 0xff, 0xff, 0xff, 0xff,
        0xff, 0xff, 0xff, 0xff, 0x00, 0x00, 0x00, 0x00, 0x00, 0x00, 0x00, 0x00,
        0xff, 0xff, 0xff, 0xff, 0xff, 0xff, 0xff, 0xff, 0x00, 0x00, 0x00, 0x00,
        0x00, 0x00, 0x00, 0x00, 0xff, 0xff, 0xff, 0xff, 0xff, 0xff, 0xff, 0xff,
        0x00, 0x00, 0x00, 0x00, 0x00, 0x00, 0x00, 0x00, 0x69, 0x69, 0x96, 0x96,
        0x96, 0x96, 0x69, 0x69, 0x69, 0x69, 0x96, 0x96, 0x96, 0x96, 0x69, 0x69,
        0x69, 0x69, 0x96, 0x96, 0x96, 0x96, 0x69, 0x69, 0x69, 0x69, 0x96, 0x96,
        0x96, 0x96, 0x69, 0x69, 0x69, 0x69, 0x96, 0x96, 0x96, 0x96, 0x69, 0x69,
        0x69, 0x69, 0x96, 0x96, 0x96, 0x96, 0x69, 0x69, 0x69, 0x69, 0x96, 0x96,
        0x96, 0x96, 0x69, 0x69, 0x69, 0x69, 0x96, 0x96, 0x96, 0x96, 0x69, 0x69,
        0x69, 0x69, 0x96, 0x96, 0x96, 0x96, 0x69, 0x69, 0x69, 0x69, 0x96, 0x96,
        0x96, 0x96, 0x69, 0x69, 0x55, 0x55, 0xaa, 0xaa, 0xaa, 0xaa, 0x55, 0x55,
        0xaa, 0xaa, 0x55, 0x55, 0x55, 0x55, 0xaa, 0xaa, 0x55, 0x55, 0xaa, 0xaa,
        0xaa, 0xaa, 0x55, 0x55, 0xaa, 0xaa, 0x55, 0x55, 0x55, 0x55, 0xaa, 0xaa,
        0x55, 0x55, 0xaa, 0xaa, 0xaa, 0xaa, 0x55, 0x55, 0xaa, 0xaa, 0x55, 0x55,
        0x55, 0x55, 0xaa, 0xaa, 0x55, 0x55, 0xaa, 0xaa, 0xaa, 0xaa, 0x55, 0x55,
        0xaa, 0xaa, 0x55, 0x55, 0x55, 0x55, 0xaa, 0xaa, 0x55, 0x55, 0xaa, 0xaa,
        0xaa, 0xaa, 0x55, 0x55, 0xaa, 0xaa, 0x55, 0x55, 0x55, 0x55, 0xaa, 0xaa,
        0xc3, 0x3c, 0x3c, 0xc3, 0x3c, 0xc3, 0xc3, 0x3c, 0xc3, 0x3c, 0x3c, 0xc3,
        0x3c, 0xc3, 0xc3, 0x3c, 0xc3, 0x3c, 0x3c, 0xc3, 0x3c, 0xc3, 0xc3, 0x3c,
        0xc3, 0x3c, 0x3c, 0xc3, 0x3c, 0xc3, 0xc3, 0x3c, 0xc3, 0x3c, 0x3c, 0xc3,
        0x3c, 0xc3, 0xc3, 0x3c, 0xc3, 0x3c, 0x3c, 0xc3, 0x3c, 0xc3, 0xc3, 0x3c,
        0xc3, 0x3c, 0x3c, 0xc3, 0x3c, 0xc3, 0xc3, 0x3c, 0xc3, 0x3c, 0x3c, 0xc3,
        0x3c, 0xc3, 0xc3, 0x3c, 0xc3, 0x3c, 0x3c, 0xc3, 0x3c, 0xc3, 0xc3, 0x3c,
        0xc3, 0x3c, 0x3c, 0xc3, 0x3c, 0xc3, 0xc3, 0x3c, 0x00, 0xff, 0x00, 0xff,
        0xff, 0x00, 0xff, 0x00, 0x00, 0xff, 0x00, 0xff, 0xff, 0x00, 0xff, 0x00,
        0x00, 0xff, 0x00, 0xff, 0xff, 0x00, 0xff, 0x00, 0x00, 0xff, 0x00, 0xff,
        0xff, 0x00, 0xff, 0x00, 0x00, 0xff, 0x00, 0xff, 0xff, 0x00, 0xff, 0x00,
        0x00, 0xff, 0x00, 0xff, 0xff, 0x00, 0xff, 0x00, 0x00, 0xff, 0x00, 0xff,
        0xff, 0x00, 0xff, 0x00, 0x00, 0xff, 0x00, 0xff, 0xff, 0x00, 0xff, 0x00,
        0x00, 0xff, 0x00, 0xff, 0xff, 0x00, 0xff, 0x00, 0x00, 0xff, 0x00, 0xff,
        0xff, 0x00, 0xff, 0x00, 0x99, 0x99, 0x99, 0x99, 0x99, 0x99, 0x99, 0x99,
        0x99, 0x99, 0x99, 0x99, 0x99, 0x99, 0x99, 0x99, 0x99, 0x99, 0x99, 0x99,
        0x99, 0x99, 0x99, 0x99, 0x99, 0x99, 0x99, 0x99, 0x99, 0x99, 0x99, 0x99,
        0x99, 0x99, 0x99, 0x99, 0x99, 0x99, 0x99, 0x99, 0x99, 0x99, 0x99, 0x99,
        0x99, 0x99, 0x99, 0x99, 0x99, 0x99, 0x99, 0x99, 0x99, 0x99, 0x99, 0x99,
        0x99, 0x99, 0x99, 0x99, 0x99, 0x99, 0x99, 0x99, 0x99, 0x99, 0x99, 0x99,
        0x99, 0x99, 0x99, 0x99, 0x99, 0x99, 0x99, 0x99, 0x99, 0x99, 0x99, 0x99,
        0xcc, 0xcc, 0xcc, 0xcc, 0xcc, 0xcc, 0xcc, 0xcc, 0x33, 0x33, 0x33, 0x33,
        0x33, 0x33, 0x33, 0x33, 0xcc, 0xcc, 0xcc, 0xcc, 0xcc, 0xcc, 0xcc, 0xcc,
        0x33, 0x33, 0x33, 0x33, 0x33, 0x33, 0x33, 0x33, 0xcc, 0xcc, 0xcc, 0xcc,
        0xcc, 0xcc, 0xcc, 0xcc, 0x33, 0x33, 0x33, 0x33, 0x33, 0x33, 0x33, 0x33,
        0xcc, 0xcc, 0xcc, 0xcc, 0xcc, 0xcc, 0xcc, 0xcc, 0x33, 0x33, 0x33, 0x33,
        0x33, 0x33, 0x33, 0x33, 0xcc, 0xcc, 0xcc, 0xcc, 0xcc, 0xcc, 0xcc, 0xcc,
        0x33, 0x33, 0x33, 0x33, 0x33, 0x33, 0x33, 0x33, 0x96, 0x69, 0x96, 0x69,
        0x69, 0x96, 0x69, 0x96, 0x96, 0x69, 0x96, 0x69, 0x69, 0x96, 0x69, 0x96,
        0x96, 0x69, 0x96, 0x69, 0x69, 0x96, 0x69, 0x96, 0x96, 0x69, 0x96, 0x69,
        0x69, 0x96, 0x69, 0x96, 0x96, 0x69, 0x96, 0x69, 0x69, 0x96, 0x69, 0x96,
        0x96, 0x69, 0x96, 0x69, 0x69, 0x96, 0x69, 0x96, 0x96, 0x69, 0x96, 0x69,
        0x69, 0x96, 0x69, 0x96, 0x96, 0x69, 0x96, 0x69, 0x69, 0x96, 0x69, 0x96,
        0x96, 0x69, 0x96, 0x69, 0x69, 0x96, 0x69, 0x96, 0x96, 0x69, 0x96, 0x69,
        0x69, 0x96, 0x69, 0x96, 0x66, 0x99, 0x66, 0x99, 0x99, 0x66, 0x99, 0x66,
        0x66, 0x99, 0x66, 0x99, 0x99, 0x66, 0x99, 0x66, 0x66, 0x99, 0x66, 0x99,
        0x99, 0x66, 0x99, 0x66, 0x66, 0x99, 0x66, 0x99, 0x99, 0x66, 0x99, 0x66,
        0x66, 0x99, 0x66, 0x99, 0x99, 0x66, 0x99, 0x66, 0x66, 0x99, 0x66, 0x99,
        0x99, 0x66, 0x99, 0x66, 0x66, 0x99, 0x66, 0x99, 0x99, 0x66, 0x99, 0x66,
        0x66, 0x99, 0x66, 0x99, 0x99, 0x66, 0x99, 0x66, 0x66, 0x99, 0x66, 0x99,
        0x99, 0x66, 0x99, 0x66, 0x66, 0x99, 0x66, 0x99, 0x99, 0x66, 0x99, 0x66,
        0x99, 0x99, 0x66, 0x66, 0x66, 0x66, 0x99, 0x99, 0x99, 0x99, 0x66, 0x66,
        0x66, 0x66, 0x99, 0x99, 0x99, 0x99, 0x66, 0x66, 0x66, 0x66, 0x99, 0x99,
        0x99, 0x99, 0x66, 0x66, 0x66, 0x66, 0x99, 0x99, 0x99, 0x99, 0x66, 0x66,
        0x66, 0x66, 0x99, 0x99, 0x99, 0x99, 0x66, 0x66, 0x66, 0x66, 0x99, 0x99,
        0x99, 0x99, 0x66, 0x66, 0x66, 0x66, 0x99, 0x99, 0x99, 0x99, 0x66, 0x66,
        0x66, 0x66, 0x99, 0x99, 0x99, 0x99, 0x66, 0x66, 0x66, 0x66, 0x99, 0x99,
        0x99, 0x99, 0x66, 0x66, 0x66, 0x66, 0x99, 0x99, 0x0f, 0xf0, 0xf0, 0x0f,
        0xf0, 0x0f, 0x0f, 0xf0, 0x0f, 0xf0, 0xf0, 0x0f, 0xf0, 0x0f, 0x0f, 0xf0,
        0x0f, 0xf0, 0xf0, 0x0f, 0xf0, 0x0f, 0x0f, 0xf0, 0x0f, 0xf0, 0xf0, 0x0f,
        0xf0, 0x0f, 0x0f, 0xf0, 0x0f, 0xf0, 0xf0, 0x0f, 0xf0, 0x0f, 0x0f, 0xf0,
        0x0f, 0xf0, 0xf0, 0x0f, 0xf0, 0x0f, 0x0f, 0xf0, 0x0f, 0xf0, 0xf0, 0x0f,
        0xf0, 0x0f, 0x0f, 0xf0, 0x0f, 0xf0, 0xf0, 0x0f, 0xf0, 0x0f, 0x0f, 0xf0,
        0x0f, 0xf0, 0xf0, 0x0f, 0xf0, 0x0f, 0x0f, 0xf0, 0x0f, 0xf0, 0xf0, 0x0f,
        0xf0, 0x0f, 0x0f, 0xf0, 0xf0, 0x0f, 0xf0, 0x0f, 0x0f, 0xf0, 0x0f, 0xf0,
        0xf0, 0x0f, 0xf0, 0x0f, 0x0f, 0xf0, 0x0f, 0xf0, 0xf0, 0x0f, 0xf0, 0x0f,
        0x0f, 0xf0, 0x0f, 0xf0, 0xf0, 0x0f, 0xf0, 0x0f, 0x0f, 0xf0, 0x0f, 0xf0,
        0xf0, 0x0f, 0xf0, 0x0f, 0x0f, 0xf0, 0x0f, 0xf0, 0xf0, 0x0f, 0xf0, 0x0f,
        0x0f, 0xf0, 0x0f, 0xf0, 0xf0, 0x0f, 0xf0, 0x0f, 0x0f, 0xf0, 0x0f, 0xf0,
        0xf0, 0x0f, 0xf0, 0x0f, 0x0f, 0xf0, 0x0f, 0xf0, 0xf0, 0x0f, 0xf0, 0x0f,
        0x0f, 0xf0, 0x0f, 0xf0, 0xf0, 0x0f, 0xf0, 0x0f, 0x0f, 0xf0, 0x0f, 0xf0,
        0xc3, 0xc3, 0x3c, 0x3c, 0x3c, 0x3c, 0xc3, 0xc3, 0x3c, 0x3c, 0xc3, 0xc3,
        0xc3, 0xc3, 0x3c, 0x3c, 0xc3, 0xc3, 0x3c, 0x3c, 0x3c, 0x3c, 0xc3, 0xc3,
        0x3c, 0x3c, 0xc3, 0xc3, 0xc3, 0xc3, 0x3c, 0x3c, 0xc3, 0xc3, 0x3c, 0x3c,
        0x3c, 0x3c, 0xc3, 0xc3, 0x3c, 0x3c, 0xc3, 0xc3, 0xc3, 0xc3, 0x3c, 0x3c,
        0xc3, 0xc3, 0x3c, 0x3c, 0x3c, 0x3c, 0xc3, 0xc3, 0x3c, 0x3c, 0xc3, 0xc3,
        0xc3, 0xc3, 0x3c, 0x3c, 0xc3, 0xc3, 0x3c, 0x3c, 0x3c, 0x3c, 0xc3, 0xc3,
        0x3c, 0x3c, 0xc3, 0xc3, 0xc3, 0xc3, 0x3c, 0x3c, 0x55, 0xaa, 0xaa, 0x55,
        0xaa, 0x55, 0x55, 0xaa, 0xaa, 0x55, 0x55, 0xaa, 0x55, 0xaa, 0xaa, 0x55,
        0x55, 0xaa, 0xaa, 0x55, 0xaa, 0x55, 0x55, 0xaa, 0xaa, 0x55, 0x55, 0xaa,
        0x55, 0xaa, 0xaa, 0x55, 0x55, 0xaa, 0xaa, 0x55, 0xaa, 0x55, 0x55, 0xaa,
        0xaa, 0x55, 0x55, 0xaa, 0x55, 0xaa, 0xaa, 0x55, 0x55, 0xaa, 0xaa, 0x55,
        0xaa, 0x55, 0x55, 0xaa, 0xaa, 0x55, 0x55, 0xaa, 0x55, 0xaa, 0xaa, 0x55,
        0x55, 0xaa, 0xaa, 0x55, 0xaa, 0x55, 0x55, 0xaa, 0xaa, 0x55, 0x55, 0xaa,
        0x55, 0xaa, 0xaa, 0x55, 0xc3, 0x3c, 0xc3, 0x3c, 0xc3, 0x3c, 0xc3, 0x3c,
        0xc3, 0x3c, 0xc3, 0x3c, 0xc3, 0x3c, 0xc3, 0x3c, 0xc3, 0x3c, 0xc3, 0x3c,
        0xc3, 0x3c, 0xc3, 0x3c, 0xc3, 0x3c, 0xc3, 0x3c, 0xc3, 0x3c, 0xc3, 0x3c,
        0xc3, 0x3c, 0xc3, 0x3c, 0xc3, 0x3c, 0xc3, 0x3c, 0xc3, 0x3c, 0xc3, 0x3c,
        0xc3, 0x3c, 0xc3, 0x3c, 0xc3, 0x3c, 0xc3, 0x3c, 0xc3, 0x3c, 0xc3, 0x3c,
        0xc3, 0x3c, 0xc3, 0x3c, 0xc3, 0x3c, 0xc3, 0x3c, 0xc3, 0x3c, 0xc3, 0x3c,
        0xc3, 0x3c, 0xc3, 0x3c, 0xc3, 0x3c, 0xc3, 0x3c, 0xc3, 0x3c, 0xc3, 0x3c,
        0xaa, 0x55, 0x55, 0xaa, 0xaa, 0x55, 0x55, 0xaa, 0xaa, 0x55, 0x55, 0xaa,
        0xaa, 0x55, 0x55, 0xaa, 0xaa, 0x55, 0x55, 0xaa, 0xaa, 0x55, 0x55, 0xaa,
        0xaa, 0x55, 0x55, 0xaa, 0xaa, 0x55, 0x55, 0xaa, 0xaa, 0x55, 0x55, 0xaa,
        0xaa, 0x55, 0x55, 0xaa, 0xaa, 0x55, 0x55, 0xaa, 0xaa, 0x55, 0x55, 0xaa,
        0xaa, 0x55, 0x55, 0xaa, 0xaa, 0x55, 0x55, 0xaa, 0xaa, 0x55, 0x55, 0xaa,
        0xaa, 0x55, 0x55, 0xaa, 0xaa, 0x55, 0x55, 0xaa, 0xaa, 0x55, 0x55, 0xaa,
        0xaa, 0x55, 0x55, 0xaa, 0xaa, 0x55, 0x55, 0xaa, 0x3c, 0x3c, 0x3c, 0x3c,
        0x3c, 0x3c, 0x3c, 0x3c, 0x3c, 0x3c, 0x3c, 0x3c, 0x3c, 0x3c, 0x3c, 0x3c,
        0x3c, 0x3c, 0x3c, 0x3c, 0x3c, 0x3c, 0x3c, 0x3c, 0x3c, 0x3c, 0x3c, 0x3c,
        0x3c, 0x3c, 0x3c, 0x3c, 0x3c, 0x3c, 0x3c, 0x3c, 0x3c, 0x3c, 0x3c, 0x3c,
        0x3c, 0x3c, 0x3c, 0x3c, 0x3c, 0x3c, 0x3c, 0x3c, 0x3c, 0x3c, 0x3c, 0x3c,
        0x3c, 0x3c, 0x3c, 0x3c, 0x3c, 0x3c, 0x3c, 0x3c, 0x3c, 0x3c, 0x3c, 0x3c,
        0x3c, 0x3c, 0x3c, 0x3c, 0x3c, 0x3c, 0x3c, 0x3c, 0x3c, 0x3c, 0x3c, 0x3c,
        0x3c, 0x3c, 0x3c, 0x3c, 0x00, 0xff, 0x00, 0xff, 0x00, 0xff, 0x00, 0xff,
        0x00, 0xff, 0x00, 0xff, 0x00, 0xff, 0x00, 0xff, 0x00, 0xff, 0x00, 0xff,
        0x00, 0xff, 0x00, 0xff, 0x00, 0xff, 0x00, 0xff, 0x00, 0xff, 0x00, 0xff,
        0x00, 0xff, 0x00, 0xff, 0x00, 0xff, 0x00, 0xff, 0x00, 0xff, 0x00, 0xff,
        0x00, 0xff, 0x00, 0xff, 0x00, 0xff, 0x00, 0xff, 0x00, 0xff, 0x00, 0xff,
        0x00, 0xff, 0x00, 0xff, 0x00, 0xff, 0x00, 0xff, 0x00, 0xff, 0x00, 0xff,
        0x00, 0xff, 0x00, 0xff, 0x00, 0xff, 0x00, 0xff, 0x00, 0xff, 0x00, 0xff,
        0x66, 0x99, 0x99, 0x66, 0x66, 0x99, 0x99, 0x66, 0x99, 0x66, 0x66, 0x99,
        0x99, 0x66, 0x66, 0x99, 0x66, 0x99, 0x99, 0x66, 0x66, 0x99, 0x99, 0x66,
        0x99, 0x66, 0x66, 0x99, 0x99, 0x66, 0x66, 0x99, 0x66, 0x99, 0x99, 0x66,
        0x66, 0x99, 0x99, 0x66, 0x99, 0x66, 0x66, 0x99, 0x99, 0x66, 0x66, 0x99,
        0x66, 0x99, 0x99, 0x66, 0x66, 0x99, 0x99, 0x66, 0x99, 0x66, 0x66, 0x99,
        0x99, 0x66, 0x66, 0x99, 0x66, 0x99, 0x99, 0x66, 0x66, 0x99, 0x99, 0x66,
        0x99, 0x66, 0x66, 0x99, 0x99, 0x66, 0x66, 0x99, 0xc3, 0x3c, 0xc3, 0x3c,
        0xc3, 0x3c, 0xc3, 0x3c, 0xc3, 0x3c, 0xc3, 0x3c, 0xc3, 0x3c, 0xc3, 0x3c,
        0xc3, 0x3c, 0xc3, 0x3c, 0xc3, 0x3c, 0xc3, 0x3c, 0xc3, 0x3c, 0xc3, 0x3c,
        0xc3, 0x3c, 0xc3, 0x3c, 0xc3, 0x3c, 0xc3, 0x3c, 0xc3, 0x3c, 0xc3, 0x3c,
        0xc3, 0x3c, 0xc3, 0x3c, 0xc3, 0x3c, 0xc3, 0x3c, 0xc3, 0x3c, 0xc3, 0x3c,
        0xc3, 0x3c, 0xc3, 0x3c, 0xc3, 0x3c, 0xc3, 0x3c, 0xc3, 0x3c, 0xc3, 0x3c,
        0xc3, 0x3c, 0xc3, 0x3c, 0xc3, 0x3c, 0xc3, 0x3c, 0xc3, 0x3c, 0xc3, 0x3c,
        0xc3, 0x3c, 0xc3, 0x3c, 0xbf, 0x48, 0x59, 0x6a, 0x7b, 0x04, 0x15, 0x26,
        0xc8, 0x3f, 0x2e, 0x1d, 0x0c, 0x63, 0x52, 0x41, 0x4f, 0x58, 0x69, 0x7a,
        0x0b, 0x14, 0x25, 0x36, 0x38, 0x2f, 0x1e, 0x0d, 0x7c, 0x53, 0x42, 0xb1,
        0x5f, 0x68, 0x79, 0x0a, 0x1b, 0x24, 0x35, 0xc6, 0x28, 0x1f, 0x0e, 0x7d,
        0x6c, 0x43, 0xb2, 0xa1, 0x6f, 0x78, 0x09, 0x1a, 0x2b, 0x34, 0xc5, 0xd6,
        0x18, 0x0f, 0x7e, 0x6d, 0x5c, 0xb3, 0xa2, 0x91, 0x7f, 0x08, 0x19, 0x2a,
        0x3b, 0xc4, 0xd5, 0xe6, 0x08, 0x7f, 0x6e, 0x5d, 0x4c, 0xa3, 0x92, 0x81
    },
    {
        0x3c, 0x3c, 0xc3, 0xc3, 0x3c, 0x3c, 0xc3, 0xc3, 0x3c, 0x3c, 0xc3, 0xc3,
        0x3c, 0x3c, 0xc3, 0xc3, 0x3c, 0x3c, 0xc3, 0xc3, 0x3c, 0x3c, 0xc3, 0xc3,
        0x3c, 0x3c, 0xc3, 0xc3, 0x3c, 0x3c, 0xc3, 0xc3, 0x3c, 0x3c, 0xc3, 0xc3,
        0x3c, 0x3c, 0xc3, 0xc3, 0x3c, 0x3c, 0xc3, 0xc3, 0x3c, 0x3c, 0xc3, 0xc3,
        0x3c, 0x3c, 0xc3, 0xc3, 0x3c, 0x3c, 0xc3, 0xc3, 0x3c, 0x3c, 0xc3, 0xc3,
        0x3c, 0x3c, 0xc3, 0xc3, 0x3c, 0x3c, 0xc3, 0xc3, 0x3c, 0x3c, 0xc3, 0xc3,
        0x3c, 0x3c, 0xc3, 0xc3, 0x3c, 0x3c, 0xc3, 0xc3, 0x33, 0x33, 0xcc, 0xcc,
        0x33, 0x33, 0xcc, 0xcc, 0xcc, 0xcc, 0x33, 0x33, 0xcc, 0xcc, 0x33, 0x33,
        0x33, 0x33, 0xcc, 0xcc, 0x33, 0x33, 0xcc, 0xcc, 0xcc, 0xcc, 0x33, 0x33,
        0xcc, 0xcc, 0x33, 0x33, 0x33, 0x33, 0xcc, 0xcc, 0x33, 0x33, 0xcc, 0xcc,
        0xcc, 0xcc, 0x33, 0x33, 0xcc, 0xcc, 0x33, 0x33, 0x33, 0x33, 0xcc, 0xcc,
        0x33, 0x33, 0xcc, 0xcc, 0xcc, 0xcc, 0x33, 0x33, 0xcc, 0xcc, 0x33, 0x33,
        0x33, 0x33, 0xcc, 0xcc, 0x33, 0x33, 0xcc, 0xcc, 0xcc, 0xcc, 0x33, 0x33,
        0xcc, 0xcc, 0x33, 0x33, 0xc3, 0xc3, 0x3c, 0x3c, 0x3c, 0x3c, 0xc3, 0xc3,
        0xc3, 0xc3, 0x3c, 0x3c, 0x3c, 0x3c, 0xc3, 0xc3, 0xc3, 0xc3, 0x3c, 0x3c,
        0x3c, 0x3c, 0xc3, 0xc3, 0xc3, 0xc3, 0x3c, 0x3c, 0x3c, 0x3c, 0xc3, 0xc3,
        0xc3, 0xc3, 0x3c, 0x3c, 0x3c, 0x3c, 0xc3, 0xc3, 0xc3, 0xc3, 0x3c, 0x3c,
        0x3c, 0x3c, 0xc3, 0xc3, 0xc3, 0xc3, 0x3c, 0x3c, 0x3c, 0x3c, 0xc3, 0xc3,
        0xc3, 0xc3, 0x3c, 0x3c, 0x3c, 0x3c, 0xc3, 0xc3, 0xc3, 0xc3, 0x3c, 0x3c,
        0x3c, 0x3c, 0xc3, 0xc3, 0xc3, 0xc3, 0x3c, 0x3c, 0x3c, 0x3c, 0xc3, 0xc3,
        0x3c, 0xc3, 0xc3, 0x3c, 0x3c, 0xc3, 0xc3, 0x3c, 0xc3, 0x3c, 0x3c, 0xc3,
        0xc3, 0x3c, 0x3c, 0xc3, 0x3c, 0xc3, 0xc3, 0x3c, 0x3c, 0xc3, 0xc3, 0x3c,
        0xc3, 0x3c, 0x3c, 0xc3, 0xc3, 0x3c, 0x3c, 0xc3, 0x3c, 0xc3, 0xc3, 0x3c,
        0x3c, 0xc3, 0xc3, 0x3c, 0xc3, 0x3c, 0x3c, 0xc3, 0xc3, 0x3c, 0x3c, 0xc3,
        0x3c, 0xc3, 0xc3, 0x3c, 0x3c, 0xc3, 0xc3, 0x3c, 0xc3, 0x3c, 0x3c, 0xc3,
        0xc3, 0x3c, 0x3c, 0xc3, 0x3c, 0xc3, 0xc3, 0x3c, 0x3c, 0xc3, 0xc3, 0x3c,
        0xc3, 0x3c, 0x3c, 0xc3, 0xc3, 0x3c, 0x3c, 0xc3, 0xcc, 0x33, 0x33, 0xcc,
        0xcc, 0x33, 0x33, 0xcc, 0x33, 0xcc, 0xcc, 0x33, 0x33, 0xcc, 0xcc, 0x33,
        0xcc, 0x33, 0x33, 0xcc, 0xcc, 0x33, 0x33, 0xcc, 0x33, 0xcc, 0xcc, 0x33,
        0x33, 0xcc, 0xcc, 0x33, 0xcc, 0x33, 0x33, 0xcc, 0xcc, 0x33, 0x33, 0xcc,
        0x33, 0xcc, 0xcc, 0x33, 0x33, 0xcc, 0xcc, 0x33, 0xcc, 0x33, 0x33, 0xcc,
        0xcc, 0x33, 0x33, 0xcc, 0x33, 0xcc, 0xcc, 0x33, 0x33, 0xcc, 0xcc, 0x33,
        0xcc, 0x33, 0x33, 0xcc, 0xcc, 0x33, 0x33, 0xcc, 0x33, 0xcc, 0xcc, 0x33,
        0x33, 0xcc, 0xcc, 0x33, 0x96, 0x69, 0x69, 0x96, 0x96, 0x69, 0x69, 0x96,
        0x69, 0x96, 0x96, 0x69, 0x69, 0x96, 0x96, 0x69, 0x96, 0x69, 0x69, 0x96,
        0x96, 0x69, 0x69, 0x96, 0x69, 0x96, 0x96, 0x69, 0x69, 0x96, 0x96, 0x69,
        0x96, 0x69, 0x69, 0x96, 0x96, 0x69, 0x69, 0x96, 0x69, 0x96, 0x96, 0x69,
        0x69, 0x96, 0x96, 0x69, 0x96, 0x69, 0x69, 0x96, 0x96, 0x69, 0x69, 0x96,
        0x69, 0x96, 0x96, 0x69, 0x69, 0x96, 0x96, 0x69, 0x96, 0x69, 0x69, 0x96,
        0x96, 0x69, 0x69, 0x96, 0x69, 0x96, 0x96, 0x69, 0x69, 0x96, 0x96, 0x69,
        0xa2, 0xbd, 0x8c, 0x9f, 0xee, 0xf9, 0xc8, 0xdb, 0xd5, 0xfa, 0xeb, 0x98,
        0x89, 0xbe, 0xaf, 0x5c, 0xb2, 0x8d, 0x9c, 0xef, 0xfe, 0xc9, 0xd8, 0x2b,
        0xc5, 0xea, 0x9b, 0x88, 0xb9, 0xae, 0x5f, 0x4c, 0x82, 0x9d, 0xec, 0xff,
        0xce, 0xd9, 0x28, 0x3b, 0xf5, 0x9a, 0x8b, 0xb8, 0xa9, 0x5e, 0x4f, 0x7c,
        0x92, 0xed, 0xfc, 0xcf, 0xde, 0x29, 0x38, 0x0b, 0xe5, 0x8a, 0xbb, 0xa8,
        0x59, 0x4e, 0x7f, 0x6c, 0xe2, 0xfd, 0xcc, 0xdf, 0x2e, 0x39, 0x08, 0x1b,
        0x95, 0xba, 0xab, 0x58, 0x49, 0x7e, 0x6f, 0x1c, 0x33, 0x33, 0xcc, 0xcc,
        0x33, 0x33, 0xcc, 0xcc, 0xcc, 0xcc, 0x33, 0x33, 0xcc, 0xcc, 0x33, 0x33,
        0x33, 0x33, 0xcc, 0xcc, 0x33, 0x33, 0xcc, 0xcc, 0xcc, 0xcc, 0x33, 0x33,
        0xcc, 0xcc, 0x33, 0x33, 0x33, 0x33, 0xcc, 0xcc, 0x33, 0x33, 0xcc, 0xcc,
        0xcc, 0xcc, 0x33, 0x33, 0xcc, 0xcc, 0x33, 0x33, 0x33, 0x33, 0xcc, 0xcc,
        0x33, 0x33, 0xcc, 0xcc, 0xcc, 0xcc, 0x33, 0x33, 0xcc, 0xcc, 0x33, 0x33,
        0x33, 0x33, 0xcc, 0xcc, 0x33, 0x33, 0xcc, 0xcc, 0xcc, 0xcc, 0x33, 0x33,
        0xcc, 0xcc, 0x33, 0x33, 0x96, 0x69, 0x69, 0x96, 0x96, 0x69, 0x69, 0x96,
        0x69, 0x96, 0x96, 0x69, 0x69, 0x96, 0x96, 0x69, 0x96, 0x69, 0x69, 0x96,
        0x96, 0x69, 0x69, 0x96, 0x69, 0x96, 0x96, 0x69, 0x69, 0x96, 0x96, 0x69,
        0x96, 0x69, 0x69, 0x96, 0x96, 0x69, 0x69, 0x96, 0x69, 0x96, 0x96, 0x69,
        0x69, 0x96, 0x96, 0x69, 0x96, 0x69, 0x69, 0x96, 0x96, 0x69, 0x69, 0x96,
        0x69, 0x96, 0x96, 0x69, 0x69, 0x96, 0x96, 0x69, 0x96, 0x69, 0x69, 0x96,
        0x96, 0x69, 0x69, 0x96, 0x69, 0x96, 0x96, 0x69, 0x69, 0x96, 0x96, 0x69,
        0x99, 0x99, 0x99, 0x99, 0x99, 0x99, 0x99, 0x99, 0x99, 0x99, 0x99, 0x99,
        0x99, 0x99, 0x99, 0x99, 0x99, 0x99, 0x99, 0x99, 0x99, 0x99, 0x99, 0x99,
        0x99, 0x99, 0x99, 0x99, 0x99, 0x99, 0x99, 0x99, 0x99, 0x99, 0x99, 0x99,
        0x99, 0x99, 0x99, 0x99, 0x99, 0x99, 0x99, 0x99, 0x99, 0x99, 0x99, 0x99,
        0x99, 0x99, 0x99, 0x99, 0x99, 0x99, 0x99, 0x99, 0x99, 0x99, 0x99, 0x99,
        0x99, 0x99, 0x99, 0x99, 0x99, 0x99, 0x99, 0x99, 0x99, 0x99, 0x99, 0x99,
        0x99, 0x99, 0x99, 0x99, 0x99, 0x99, 0x99, 0x99, 0xa5, 0xa5, 0x5a, 0x5a,
        0x5a, 0x5a, 0xa5, 0xa5, 0xa5, 0xa5, 0x5a, 0x5a, 0x5a, 0x5a, 0xa5, 0xa5,
        0xa5, 0xa5, 0x5a, 0x5a, 0x5a, 0x5a, 0xa5, 0xa5, 0xa5, 0xa5, 0x5a, 0x5a,
        0x5a, 0x5a, 0xa5, 0xa5, 0xa5, 0xa5, 0x5a, 0x5a, 0x5a, 0x5a, 0xa5, 0xa5,
        0xa5, 0xa5, 0x5a, 0x5a, 0x5a, 0x5a, 0xa5, 0xa5, 0xa5, 0xa5, 0x5a, 0x5a,
        0x5a, 0x5a, 0xa5, 0xa5, 0xa5, 0xa5, 0x5a, 0x5a, 0x5a, 0x5a, 0xa5, 0xa5,
        0xa5, 0xa5, 0x5a, 0x5a, 0x5a, 0x5a, 0xa5, 0xa5, 0xa5, 0xa5, 0x5a, 0x5a,
        0x5a, 0x5a, 0xa5, 0xa5, 0x66, 0x66, 0x66, 0x66, 0x99, 0x99, 0x99, 0x99,
        0x99, 0x99, 0x99, 0x99, 0x66, 0x66, 0x66, 0x66, 0x66, 0x66, 0x66, 0x66,
        0x99, 0x99, 0x99, 0x99, 0x99, 0x99, 0x99, 0x99, 0x66, 0x66, 0x66, 0x66,
        0x66, 0x66, 0x66, 0x66, 0x99, 0x99, 0x99, 0x99, 0x99, 0x99, 0x99, 0x99,
        0x66, 0x66, 0x66, 0x66, 0x66, 0x66, 0x66, 0x66, 0x99, 0x99, 0x99, 0x99,
        0x99, 0x99, 0x99, 0x99, 0x66, 0x66, 0x66, 0x66, 0x66, 0x66, 0x66, 0x66,
        0x99, 0x99, 0x99, 0x99, 0x99, 0x99, 0x99, 0x99, 0x66, 0x66, 0x66, 0x66,
        0xc3, 0x3c, 0xc3, 0x3c, 0x3c, 0xc3, 0x3c, 0xc3, 0xc3, 0x3c, 0xc3, 0x3c,
        0x3c, 0xc3, 0x3c, 0xc3, 0xc3, 0x3c, 0xc3, 0x3c, 0x3c, 0xc3, 0x3c, 0xc3,
        0xc3, 0x3c, 0xc3, 0x3c, 0x3c, 0xc3, 0x3c, 0xc3, 0xc3, 0x3c, 0xc3, 0x3c,
        0x3c, 0xc3, 0x3c, 0xc3, 0xc3, 0x3c, 0xc3, 0x3c, 0x3c, 0xc3, 0x3c, 0xc3,
        0xc3, 0x3c, 0xc3, 0x3c, 0x3c, 0xc3, 0x3c, 0xc3, 0xc3, 0x3c, 0xc3, 0x3c,
        0x3c, 0xc3, 0x3c, 0xc3, 0xc3, 0x3c, 0xc3, 0x3c, 0x3c, 0xc3, 0x3c, 0xc3,
        0xc3, 0x3c, 0xc3, 0x3c, 0x3c, 0xc3, 0x3c, 0xc3, 0x69, 0x96, 0x96, 0x69,
        0x96, 0x69, 0x69, 0x96, 0x96, 0x69, 0x69, 0x96, 0x69, 0x96, 0x96, 0x69,
        0x69, 0x96, 0x96, 0x69, 0x96, 0x69, 0x69, 0x96, 0x96, 0x69, 0x69, 0x96,
        0x69, 0x96, 0x96, 0x69, 0x69, 0x96, 0x96, 0x69, 0x96, 0x69, 0x69, 0x96,
        0x96, 0x69, 0x69, 0x96, 0x69, 0x96, 0x96, 0x69, 0x69, 0x96, 0x96, 0x69,
        0x96, 0x69, 0x69, 0x96, 0x96, 0x69, 0x69, 0x96, 0x69, 0x96, 0x96, 0x69,
        0x69, 0x96, 0x96, 0x69, 0x96, 0x69, 0x69, 0x96, 0x96, 0x69, 0x69, 0x96,
        0x69, 0x96, 0x96, 0x69, 0xff, 0x00, 0xff, 0x00, 0x00, 0xff, 0x00, 0xff,
        0xff, 0x00, 0xff, 0x00, 0x00, 0xff, 0x00, 0xff, 0xff, 0x00, 0xff, 0x00,
        0x00, 0xff, 0x00, 0xff, 0xff, 0x00, 0xff, 0x00, 0x00, 0xff, 0x00, 0xff,
        0xff, 0x00, 0xff, 0x00, 0x00, 0xff, 0x00, 0xff, 0xff, 0x00, 0xff, 0x00,
        0x00, 0xff, 0x00, 0xff, 0xff, 0x00, 0xff, 0x00, 0x00, 0xff, 0x00, 0xff,
        0xff, 0x00, 0xff, 0x00, 0x00, 0xff, 0x00, 0xff, 0xff, 0x00, 0xff, 0x00,
        0x00, 0xff, 0x00, 0xff, 0xff, 0x00, 0xff, 0x00, 0x00, 0xff, 0x00, 0xff,
        0xc4, 0x2c, 0x1d, 0xf1, 0x00, 0xd0, 0xc1, 0x4d, 0xa3, 0x6b, 0x7a, 0x76,
        0x67, 0xa7, 0xb6, 0x3a, 0xd4, 0x1c, 0x0d, 0x01, 0x10, 0xc0, 0xb1, 0x5d,
        0x93, 0x7b, 0x8a, 0x66, 0x57, 0xb7, 0xc6, 0x2a, 0xe4, 0x0c, 0xfd, 0x11,
        0x20, 0xb0, 0xa1, 0x6d, 0x83, 0x8b, 0x9a, 0x56, 0x47, 0xc7, 0xd6, 0x1a,
        0xf4, 0xfc, 0xed, 0x21, 0x30, 0xa0, 0x91, 0x7d, 0x73, 0x9b, 0xaa, 0x46,
        0x37, 0xd7, 0xe6, 0x0a, 0x04, 0xec, 0xdd, 0x31, 0x40, 0x90, 0x81, 0x8d,
        0x63, 0xab, 0xba, 0x36, 0x27, 0xe7, 0xf6, 0xfa, 0xa5, 0x5a, 0x5a, 0xa5,
        0x5a, 0xa5, 0xa5, 0x5a, 0x5a, 0xa5, 0xa5, 0x5a, 0xa5, 0x5a, 0x5a, 0xa5,
        0xa5, 0x5a, 0x5a, 0xa5, 0x5a, 0xa5, 0xa5, 0x5a, 0x5a, 0xa5, 0xa5, 0x5a,
        0xa5, 0x5a, 0x5a, 0xa5, 0xa5, 0x5a, 0x5a, 0xa5, 0x5a, 0xa5, 0xa5, 0x5a,
        0x5a, 0xa5, 0xa5, 0x5a, 0xa5, 0x5a, 0x5a, 0xa5, 0xa5, 0x5a, 0x5a, 0xa5,
        0x5a, 0xa5, 0xa5, 0x5a, 0x5a, 0xa5, 0xa5, 0x5a, 0xa5, 0x5a, 0x5a, 0xa5,
        0xa5, 0x5a, 0x5a, 0xa5, 0x5a, 0xa5, 0xa5, 0x5a, 0x5a, 0xa5, 0xa5, 0x5a,
        0xa5, 0x5a, 0x5a, 0xa5, 0x3c, 0x3c, 0x3c, 0x3c, 0x3c, 0x3c, 0x3c, 0x3c,
        0xc3, 0xc3, 0xc3, 0xc3, 0xc3, 0xc3, 0xc3, 0xc3, 0x3c, 0x3c, 0x3c, 0x3c,
        0x3c, 0x3c, 0x3c, 0x3c, 0xc3, 0xc3, 0xc3, 0xc3, 0xc3, 0xc3, 0xc3, 0xc3,
        0x3c, 0x3c, 0x3c, 0x3c, 0x3c, 0x3c, 0x3c, 0x3c, 0xc3, 0xc3, 0xc3, 0xc3,
        0xc3, 0xc3, 0xc3, 0xc3, 0x3c, 0x3c, 0x3c, 0x3c, 0x3c, 0x3c, 0x3c, 0x3c,
        0xc3, 0xc3, 0xc3, 0xc3, 0xc3, 0xc3, 0xc3, 0xc3, 0x3c, 0x3c, 0x3c, 0x3c,
        0x3c, 0x3c, 0x3c, 0x3c, 0xc3, 0xc3, 0xc3, 0xc3, 0xc3, 0xc3, 0xc3, 0xc3,
        0xf0, 0xf0, 0x0f, 0x0f, 0x0f, 0x0f, 0xf0, 0xf0, 0xf0, 0xf0, 0x0f, 0x0f,
        0x0f, 0x0f, 0xf0, 0xf0, 0xf0, 0xf0, 0x0f, 0x0f, 0x0f, 0x0f, 0xf0, 0xf0,
        0xf0, 0xf0, 0x0f, 0x0f, 0x0f, 0x0f, 0xf0, 0xf0, 0xf0, 0xf0, 0x0f, 0x0f,
        0x0f, 0x0f, 0xf0, 0xf0, 0xf0, 0xf0, 0x0f, 0x0f, 0x0f, 0x0f, 0xf0, 0xf0,
        0xf0, 0xf0, 0x0f, 0x0f, 0x0f, 0x0f, 0xf0, 0xf0, 0xf0, 0xf0, 0x0f, 0x0f,
        0x0f, 0x0f, 0xf0, 0xf0, 0xf0, 0xf0, 0x0f, 0x0f, 0x0f, 0x0f, 0xf0, 0xf0,
        0xf0, 0xf0, 0x0f, 0x0f, 0x0f, 0x0f, 0xf0, 0xf0, 0xcc, 0x33, 0x33, 0xcc,
        0x33, 0xcc, 0xcc, 0x33, 0x33, 0xcc, 0xcc, 0x33, 0xcc, 0x33, 0x33, 0xcc,
        0xcc, 0x33, 0x33, 0xcc, 0x33, 0xcc, 0xcc, 0x33, 0x33, 0xcc, 0xcc, 0x33,
        0xcc, 0x33, 0x33, 0xcc, 0xcc, 0x33, 0x33, 0xcc, 0x33, 0xcc, 0xcc, 0x33,
        0x33, 0xcc, 0xcc, 0x33, 0xcc, 0x33, 0x33, 0xcc, 0xcc, 0x33, 0x33, 0xcc,
        0x33, 0xcc, 0xcc, 0x33, 0x33, 0xcc, 0xcc, 0x33, 0xcc, 0x33, 0x33, 0xcc,
        0xcc, 0x33, 0x33, 0xcc, 0x33, 0xcc, 0xcc, 0x33, 0x33, 0xcc, 0xcc, 0x33,
        0xcc, 0x33, 0x33, 0xcc, 0xcc, 0xcc, 0x33, 0x33, 0x33, 0x33, 0xcc, 0xcc,
        0xcc, 0xcc, 0x33, 0x33, 0x33, 0x33, 0xcc, 0xcc, 0xcc, 0xcc, 0x33, 0x33,
        0x33, 0x33, 0xcc, 0xcc, 0xcc, 0xcc, 0x33, 0x33, 0x33, 0x33, 0xcc, 0xcc,
        0xcc, 0xcc, 0x33, 0x33, 0x33, 0x33, 0xcc, 0xcc, 0xcc, 0xcc, 0x33, 0x33,
        0x33, 0x33, 0xcc, 0xcc, 0xcc, 0xcc, 0x33, 0x33, 0x33, 0x33, 0xcc, 0xcc,
        0xcc, 0xcc, 0x33, 0x33, 0x33, 0x33, 0xcc, 0xcc, 0xcc, 0xcc, 0x33, 0x33,
        0x33, 0x33, 0xcc, 0xcc, 0xcc, 0xcc, 0x33, 0x33, 0x33, 0x33, 0xcc, 0xcc,
        0x5a, 0xa5, 0xa5, 0x5a, 0xa5, 0x5a, 0x5a, 0xa5, 0xa5, 0x5a, 0x5a, 0xa5,
        0x5a, 0xa5, 0xa5, 0x5a, 0x5a, 0xa5, 0xa5, 0x5a, 0xa5, 0x5a, 0x5a, 0xa5,
        0xa5, 0x5a, 0x5a, 0xa5, 0x5a, 0xa5, 0xa5, 0x5a, 0x5a, 0xa5, 0xa5, 0x5a,
        0xa5, 0x5a, 0x5a, 0xa5, 0xa5, 0x5a, 0x5a, 0xa5, 0x5a, 0xa5, 0xa5, 0x5a,
        0x5a, 0xa5, 0xa5, 0x5a, 0xa5, 0x5a, 0x5a, 0xa5, 0xa5, 0x5a, 0x5a, 0xa5,
        0x5a, 0xa5, 0xa5, 0x5a, 0x5a, 0xa5, 0xa5, 0x5a, 0xa5, 0x5a, 0x5a, 0xa5,
        0xa5, 0x5a, 0x5a, 0xa5, 0x5a, 0xa5, 0xa5, 0x5a, 0x5a, 0xa5, 0x5a, 0xa5,
        0xa5, 0x5a, 0xa5, 0x5a, 0xa5, 0x5a, 0xa5, 0x5a, 0x5a, 0xa5, 0x5a, 0xa5,
        0x5a, 0xa5, 0x5a, 0xa5, 0xa5, 0x5a, 0xa5, 0x5a, 0xa5, 0x5a, 0xa5, 0x5a,
        0x5a, 0xa5, 0x5a, 0xa5, 0x5a, 0xa5, 0x5a, 0xa5, 0xa5, 0x5a, 0xa5, 0x5a,
        0xa5, 0x5a, 0xa5, 0x5a, 0x5a, 0xa5, 0x5a, 0xa5, 0x5a, 0xa5, 0x5a, 0xa5,
        0xa5, 0x5a, 0xa5, 0x5a, 0xa5, 0x5a, 0xa5, 0x5a, 0x5a, 0xa5, 0x5a, 0xa5,
        0x5a, 0xa5, 0x5a, 0xa5, 0xa5, 0x5a, 0xa5, 0x5a, 0xa5, 0x5a, 0xa5, 0x5a,
        0x5a, 0xa5, 0x5a, 0xa5, 0x3c, 0x3c, 0x3c, 0x3c, 0xc3, 0xc3, 0xc3, 0xc3,
        0x3c, 0x3c, 0x3c, 0x3c, 0xc3, 0xc3, 0xc3, 0xc3, 0x3c, 0x3c, 0x3c, 0x3c,
        0xc3, 0xc3, 0xc3, 0xc3, 0x3c, 0x3c, 0x3c, 0x3c, 0xc3, 0xc3, 0xc3, 0xc3,
        0x3c, 0x3c, 0x3c, 0x3c, 0xc3, 0xc3, 0xc3, 0xc3, 0x3c, 0x3c, 0x3c, 0x3c,
        0xc3, 0xc3, 0xc3, 0xc3, 0x3c, 0x3c, 0x3c, 0x3c, 0xc3, 0xc3, 0xc3, 0xc3,
        0x3c, 0x3c, 0x3c, 0x3c, 0xc3, 0xc3, 0xc3, 0xc3, 0x3c, 0x3c, 0x3c, 0x3c,
        0xc3, 0xc3, 0xc3, 0xc3, 0x3c, 0x3c, 0x3c, 0x3c, 0xc3, 0xc3, 0xc3, 0xc3,
        0x66, 0x99, 0x66, 0x99, 0x66, 0x99, 0x66, 0x99, 0x66, 0x99, 0x66, 0x99,
        0x66, 0x99, 0x66, 0x99, 0x66, 0x99, 0x66, 0x99, 0x66, 0x99, 0x66, 0x99,
        0x66, 0x99, 0x66, 0x99, 0x66, 0x99, 0x66, 0x99, 0x66, 0x99, 0x66, 0x99,
        0x66, 0x99, 0x66, 0x99, 0x66, 0x99, 0x66, 0x99, 0x66, 0x99, 0x66, 0x99,
        0x66, 0x99, 0x66, 0x99, 0x66, 0x99, 0x66, 0x99, 0x66, 0x99, 0x66, 0x99,
        0x66, 0x99, 0x66, 0x99, 0x66, 0x99, 0x66, 0x99, 0x66, 0x99, 0x66, 0x99,
        0x66, 0x99, 0x66, 0x99, 0x66, 0x99, 0x66, 0x99, 0xa5, 0xa5, 0x5a, 0x5a,
        0xa5, 0xa5, 0x5a, 0x5a, 0x5a, 0x5a, 0xa5, 0xa5, 0x5a, 0x5a, 0xa5, 0xa5,
        0xa5, 0xa5, 0x5a, 0x5a, 0xa5, 0xa5, 0x5a, 0x5a, 0x5a, 0x5a, 0xa5, 0xa5,
        0x5a, 0x5a, 0xa5, 0xa5, 0xa5, 0xa5, 0x5a, 0x5a, 0xa5, 0xa5, 0x5a, 0x5a,
        0x5a, 0x5a, 0xa5, 0xa5, 0x5a, 0x5a, 0xa5, 0xa5, 0xa5, 0xa5, 0x5a, 0x5a,
        0xa5, 0xa5, 0x5a, 0x5a, 0x5a, 0x5a, 0xa5, 0xa5, 0x5a, 0x5a, 0xa5, 0xa5,
        0xa5, 0xa5, 0x5a, 0x5a, 0xa5, 0xa5, 0x5a, 0x5a, 0x5a, 0x5a, 0xa5, 0xa5,
        0x5a, 0x5a, 0xa5, 0xa5, 0xa5, 0xa5, 0xa5, 0xa5, 0x5a, 0x5a, 0x5a, 0x5a,
        0x5a, 0x5a, 0x5a, 0x5a, 0xa5, 0xa5, 0xa5, 0xa5, 0xa5, 0xa5, 0xa5, 0xa5,
        0x5a, 0x5a, 0x5a, 0x5a, 0x5a, 0x5a, 0x5a, 0x5a, 0xa5, 0xa5, 0xa5, 0xa5,
        0xa5, 0xa5, 0xa5, 0xa5, 0x5a, 0x5a, 0x5a, 0x5a, 0x5a, 0x5a, 0x5a, 0x5a,
        0xa5, 0xa5, 0xa5, 0xa5, 0xa5, 0xa5, 0xa5, 0xa5, 0x5a, 0x5a, 0x5a, 0x5a,
        0x5a, 0x5a, 0x5a, 0x5a, 0xa5, 0xa5, 0xa5, 0xa5, 0xa5, 0xa5, 0xa5, 0xa5,
        0x5a, 0x5a, 0x5a, 0x5a, 0x5a, 0x5a, 0x5a, 0x5a, 0xa5, 0xa5, 0xa5, 0xa5,
        0x69, 0x96, 0x96, 0x69, 0x96, 0x69, 0x69, 0x96, 0x96, 0x69, 0x69, 0x96,
        0x69, 0x96, 0x96, 0x69, 0x69, 0x96, 0x96, 0x69, 0x96, 0x69, 0x69, 0x96,
        0x96, 0x69, 0x69, 0x96, 0x69, 0x96, 0x96, 0x69, 0x69, 0x96, 0x96, 0x69,
        0x96, 0x69, 0x69, 0x96, 0x96, 0x69, 0x69, 0x96, 0x69, 0x96, 0x96, 0x69,
        0x69, 0x96, 0x96, 0x69, 0x96, 0x69, 0x69, 0x96, 0x96, 0x69, 0x69, 0x96,
        0x69, 0x96, 0x96, 0x69, 0x69, 0x96, 0x96, 0x69, 0x96, 0x69, 0x69, 0x96,
        0x96, 0x69, 0x69, 0x96, 0x69, 0x96, 0x96, 0x69, 0x33, 0x33, 0x33, 0x33,
        0xcc, 0xcc, 0xcc, 0xcc, 0xcc, 0xcc, 0xcc, 0xcc, 0x33, 0x33, 0x33, 0x33,
        0x33, 0x33, 0x33, 0x33, 0xcc, 0xcc, 0xcc, 0xcc, 0xcc, 0xcc, 0xcc, 0xcc,
        0x33, 0x33, 0x33, 0x33, 0x33, 0x33, 0x33, 0x33, 0xcc, 0xcc, 0xcc, 0xcc,
        0xcc, 0xcc, 0xcc, 0xcc, 0x33, 0x33, 0x33, 0x33, 0x33, 0x33, 0x33, 0x33,
        0xcc, 0xcc, 0xcc, 0xcc, 0xcc, 0xcc, 0xcc, 0xcc, 0x33, 0x33, 0x33, 0x33,
        0x33, 0x33, 0x33, 0x33, 0xcc, 0xcc, 0xcc, 0xcc, 0xcc, 0xcc, 0xcc, 0xcc,
        0x33, 0x33, 0x33, 0x33, 0xc3, 0xc3, 0x3c, 0x3c, 0xc3, 0xc3, 0x3c, 0x3c,
        0x3c, 0x3c, 0xc3, 0xc3, 0x3c, 0x3c, 0xc3, 0xc3, 0xc3, 0xc3, 0x3c, 0x3c,
        0xc3, 0xc3, 0x3c, 0x3c, 0x3c, 0x3c, 0xc3, 0xc3, 0x3c, 0x3c, 0xc3, 0xc3,
        0xc3, 0xc3, 0x3c, 0x3c, 0xc3, 0xc3, 0x3c, 0x3c, 0x3c, 0x3c, 0xc3, 0xc3,
        0x3c, 0x3c, 0xc3, 0xc3, 0xc3, 0xc3, 0x3c, 0x3c, 0xc3, 0xc3, 0x3c, 0x3c,
        0x3c, 0x3c, 0xc3, 0xc3, 0x3c, 0x3c, 0xc3, 0xc3, 0xc3, 0xc3, 0x3c, 0x3c,
        0xc3, 0xc3, 0x3c, 0x3c, 0x3c, 0x3c, 0xc3, 0xc3, 0x3c, 0x3c, 0xc3, 0xc3,
        0x0f, 0xf0, 0xf0, 0x0f, 0x0f, 0xf0, 0xf0, 0x0f, 0xf0, 0x0f, 0x0f, 0xf0,
        0xf0, 0x0f, 0x0f, 0xf0, 0x0f, 0xf0, 0xf0, 0x0f, 0x0f, 0xf0, 0xf0, 0x0f,
        0xf0, 0x0f, 0x0f, 0xf0, 0xf0, 0x0f, 0x0f, 0xf0, 0x0f, 0xf0, 0xf0, 0x0f,
        0x0f, 0xf0, 0xf0, 0x0f, 0xf0, 0x0f, 0x0f, 0xf0, 0xf0, 0x0f, 0x0f, 0xf0,
        0x0f, 0xf0, 0xf0, 0x0f, 0x0f, 0xf0, 0xf0, 0x0f, 0xf0, 0x0f, 0x0f, 0xf0,
        0xf0, 0x0f, 0x0f, 0xf0, 0x0f, 0xf0, 0xf0, 0x0f, 0x0f, 0xf0, 0xf0, 0x0f,
        0xf0, 0x0f, 0x0f, 0xf0, 0xf0, 0x0f, 0x0f, 0xf0, 0xff, 0x00, 0xff, 0x00,
        0x00, 0xff, 0x00, 0xff, 0xff, 0x00, 0xff, 0x00, 0x00, 0xff, 0x00, 0xff,
        0xff, 0x00, 0xff, 0x00, 0x00, 0xff, 0x00, 0xff, 0xff, 0x00, 0xff, 0x00,
        0x00, 0xff, 0x00, 0xff, 0xff, 0x00, 0xff, 0x00, 0x00, 0xff, 0x00, 0xff,
        0xff, 0x00, 0xff, 0x00, 0x00, 0xff, 0x00, 0xff, 0xff, 0x00, 0xff, 0x00,
        0x00, 0xff, 0x00, 0xff, 0xff, 0x00, 0xff, 0x00, 0x00, 0xff, 0x00, 0xff,
        0xff, 0x00, 0xff, 0x00, 0x00, 0xff, 0x00, 0xff, 0xff, 0x00, 0xff, 0x00,
        0x00, 0xff, 0x00, 0xff, 0x33, 0x33, 0xcc, 0xcc, 0x33, 0x33, 0xcc, 0xcc,
        0x33, 0x33, 0xcc, 0xcc, 0x33, 0x33, 0xcc, 0xcc, 0x33, 0x33, 0xcc, 0xcc,
        0x33, 0x33, 0xcc, 0xcc, 0x33, 0x33, 0xcc, 0xcc, 0x33, 0x33, 0xcc, 0xcc,
        0x33, 0x33, 0xcc, 0xcc, 0x33, 0x33, 0xcc, 0xcc, 0x33, 0x33, 0xcc, 0xcc,
        0x33, 0x33, 0xcc, 0xcc, 0x33, 0x33, 0xcc, 0xcc, 0x33, 0x33, 0xcc, 0xcc,
        0x33, 0x33, 0xcc, 0xcc, 0x33, 0x33, 0xcc, 0xcc, 0x33, 0x33, 0xcc, 0xcc,
        0x33, 0x33, 0xcc, 0xcc, 0x33, 0x33, 0xcc, 0xcc, 0x33, 0x33, 0xcc, 0xcc,
        0xc3, 0xc3, 0xc3, 0xc3, 0x3c, 0x3c, 0x3c, 0x3c, 0x3c, 0x3c, 0x3c, 0x3c,
        0xc3, 0xc3, 0xc3, 0xc3, 0xc3, 0xc3, 0xc3, 0xc3, 0x3c, 0x3c, 0x3c, 0x3c,
        0x3c, 0x3c, 0x3c, 0x3c, 0xc3, 0xc3, 0xc3, 0xc3, 0xc3, 0xc3, 0xc3, 0xc3,
        0x3c, 0x3c, 0x3c, 0x3c, 0x3c, 0x3c, 0x3c, 0x3c, 0xc3, 0xc3, 0xc3, 0xc3,
        0xc3, 0xc3, 0xc3, 0xc3, 0x3c, 0x3c, 0x3c, 0x3c, 0x3c, 0x3c, 0x3c, 0x3c,
        0xc3, 0xc3, 0xc3, 0xc3, 0xc3, 0xc3, 0xc3, 0xc3, 0x3c, 0x3c, 0x3c, 0x3c,
        0x3c, 0x3c, 0x3c, 0x3c, 0xc3, 0xc3, 0xc3, 0xc3, 0x0f, 0x0f, 0xf0, 0xf0,
        0x0f, 0x0f, 0xf0, 0xf0, 0xf0, 0xf0, 0x0f, 0x0f, 0xf0, 0xf0, 0x0f, 0x0f,
        0x0f, 0x0f, 0xf0, 0xf0, 0x0f, 0x0f, 0xf0, 0xf0, 0xf0, 0xf0, 0x0f, 0x0f,
        0xf0, 0xf0, 0x0f, 0x0f, 0x0f, 0x0f, 0xf0, 0xf0, 0x0f, 0x0f, 0xf0, 0xf0,
        0xf0, 0xf0, 0x0f, 0x0f, 0xf0, 0xf0, 0x0f, 0x0f, 0x0f, 0x0f, 0xf0, 0xf0,
        0x0f, 0x0f, 0xf0, 0xf0, 0xf0, 0xf0, 0x0f, 0x0f, 0xf0, 0xf0, 0x0f, 0x0f,
        0x0f, 0x0f, 0xf0, 0xf0, 0x0f, 0x0f, 0xf0, 0xf0, 0xf0, 0xf0, 0x0f, 0x0f,
        0xf0, 0xf0, 0x0f, 0x0f, 0xc3, 0xc3, 0xc3, 0xc3, 0xc3, 0xc3, 0xc3, 0xc3,
        0xc3, 0xc3, 0xc3, 0xc3, 0xc3, 0xc3, 0xc3, 0xc3, 0xc3, 0xc3, 0xc3, 0xc3,
        0xc3, 0xc3, 0xc3, 0xc3, 0xc3, 0xc3, 0xc3, 0xc3, 0xc3, 0xc3, 0xc3, 0xc3,
        0xc3, 0xc3, 0xc3, 0xc3, 0xc3, 0xc3, 0xc3, 0xc3, 0xc3, 0xc3, 0xc3, 0xc3,
        0xc3, 0xc3, 0xc3, 0xc3, 0xc3, 0xc3, 0xc3, 0xc3, 0xc3, 0xc3, 0xc3, 0xc3,
        0xc3, 0xc3, 0xc3, 0xc3, 0xc3, 0xc3, 0xc3, 0xc3, 0xc3, 0xc3, 0xc3, 0xc3,
        0xc3, 0xc3, 0xc3, 0xc3, 0xc3, 0xc3, 0xc3, 0xc3, 0xc3, 0xc3, 0xc3, 0xc3,
        0xff, 0x00, 0xff, 0x00, 0xff, 0x00, 0xff, 0x00, 0x00, 0xff, 0x00, 0xff,
        0x00, 0xff, 0x00, 0xff, 0xff, 0x00, 0xff, 0x00, 0xff, 0x00, 0xff, 0x00,
        0x00, 0xff, 0x00, 0xff, 0x00, 0xff, 0x00, 0xff, 0xff, 0x00, 0xff, 0x00,
        0xff, 0x00, 0xff, 0x00, 0x00, 0xff, 0x00, 0xff, 0x00, 0xff, 0x00, 0xff,
        0xff, 0x00, 0xff, 0x00, 0xff, 0x00, 0xff, 0x00, 0x00, 0xff, 0x00, 0xff,
        0x00, 0xff, 0x00, 0xff, 0xff, 0x00, 0xff, 0x00, 0xff, 0x00, 0xff, 0x00,
        0x00, 0xff, 0x00, 0xff, 0x00, 0xff, 0x00, 0xff, 0xcc, 0x33, 0x33, 0xcc,
        0xcc, 0x33, 0x33, 0xcc, 0x33, 0xcc, 0xcc, 0x33, 0x33, 0xcc, 0xcc, 0x33,
        0xcc, 0x33, 0x33, 0xcc, 0xcc, 0x33, 0x33, 0xcc, 0x33, 0xcc, 0xcc, 0x33,
        0x33, 0xcc, 0xcc, 0x33, 0xcc, 0x33, 0x33, 0xcc, 0xcc, 0x33, 0x33, 0xcc,
        0x33, 0xcc, 0xcc, 0x33, 0x33, 0xcc, 0xcc, 0x33, 0xcc, 0x33, 0x33, 0xcc,
        0xcc, 0x33, 0x33, 0xcc, 0x33, 0xcc, 0xcc, 0x33, 0x33, 0xcc, 0xcc, 0x33,
        0xcc, 0x33, 0x33, 0xcc, 0xcc, 0x33, 0x33, 0xcc, 0x33, 0xcc, 0xcc, 0x33,
        0x33, 0xcc, 0xcc, 0x33, 0x96, 0x69, 0x96, 0x69, 0x69, 0x96, 0x69, 0x96,
        0x96, 0x69, 0x96, 0x69, 0x69, 0x96, 0x69, 0x96, 0x96, 0x69, 0x96, 0x69,
        0x69, 0x96, 0x69, 0x96, 0x96, 0x69, 0x96, 0x69, 0x69, 0x96, 0x69, 0x96,
        0x96, 0x69, 0x96, 0x69, 0x69, 0x96, 0x69, 0x96, 0x96, 0x69, 0x96, 0x69,
        0x69, 0x96, 0x69, 0x96, 0x96, 0x69, 0x96, 0x69, 0x69, 0x96, 0x69, 0x96,
        0x96, 0x69, 0x96, 0x69, 0x69, 0x96, 0x69, 0x96, 0x96, 0x69, 0x96, 0x69,
        0x69, 0x96, 0x69, 0x96, 0x96, 0x69, 0x96, 0x69, 0x69, 0x96, 0x69, 0x96,
        0x5a, 0xa5, 0x5a, 0xa5, 0xa5, 0x5a, 0xa5, 0x5a, 0xa5, 0x5a, 0xa5, 0x5a,
        0x5a, 0xa5, 0x5a, 0xa5, 0x5a, 0xa5, 0x5a, 0xa5, 0xa5, 0x5a, 0xa5, 0x5a,
        0xa5, 0x5a, 0xa5, 0x5a, 0x5a, 0xa5, 0x5a, 0xa5, 0x5a, 0xa5, 0x5a, 0xa5,
        0xa5, 0x5a, 0xa5, 0x5a, 0xa5, 0x5a, 0xa5, 0x5a, 0x5a, 0xa5, 0x5a, 0xa5,
        0x5a, 0xa5, 0x5a, 0xa5, 0xa5, 0x5a, 0xa5, 0x5a, 0xa5, 0x5a, 0xa5, 0x5a,
        0x5a, 0xa5, 0x5a, 0xa5, 0x5a, 0xa5, 0x5a, 0xa5, 0xa5, 0x5a, 0xa5, 0x5a,
        0xa5, 0x5a, 0xa5, 0x5a, 0x5a, 0xa5, 0x5a, 0xa5, 0xf0, 0xf0, 0xf0, 0xf0,
        0x0f, 0x0f, 0x0f, 0x0f, 0xf0, 0xf0, 0xf0, 0xf0, 0x0f, 0x0f, 0x0f, 0x0f,
        0xf0, 0xf0, 0xf0, 0xf0, 0x0f, 0x0f, 0x0f, 0x0f, 0xf0, 0xf0, 0xf0, 0xf0,
        0x0f, 0x0f, 0x0f, 0x0f, 0xf0, 0xf0, 0xf0, 0xf0, 0x0f, 0x0f, 0x0f, 0x0f,
        0xf0, 0xf0, 0xf0, 0xf0, 0x0f, 0x0f, 0x0f, 0x0f, 0xf0, 0xf0, 0xf0, 0xf0,
        0x0f, 0x0f, 0x0f, 0x0f, 0xf0, 0xf0, 0xf0, 0xf0, 0x0f, 0x0f, 0x0f, 0x0f,
        0xf0, 0xf0, 0xf0, 0xf0, 0x0f, 0x0f, 0x0f, 0x0f, 0xf0, 0xf0, 0xf0, 0xf0,
        0x0f, 0x0f, 0x0f, 0x0f, 0x0f, 0x0f, 0x0f, 0x0f, 0xf0, 0xf0, 0xf0, 0xf0,
        0xf0, 0xf0, 0xf0, 0xf0, 0x0f, 0x0f, 0x0f, 0x0f, 0x0f, 0x0f, 0x0f, 0x0f,
        0xf0, 0xf0, 0xf0, 0xf0, 0xf0, 0xf0, 0xf0, 0xf0, 0x0f, 0x0f, 0x0f, 0x0f,
        0x0f, 0x0f, 0x0f, 0x0f, 0xf0, 0xf0, 0xf0, 0xf0, 0xf0, 0xf0, 0xf0, 0xf0,
        0x0f, 0x0f, 0x0f, 0x0f, 0x0f, 0x0f, 0x0f, 0x0f, 0xf0, 0xf0, 0xf0, 0xf0,
        0xf0, 0xf0, 0xf0, 0xf0, 0x0f, 0x0f, 0x0f, 0x0f, 0x0f, 0x0f, 0x0f, 0x0f,
        0xf0, 0xf0, 0xf0, 0xf0, 0xf0, 0xf0, 0xf0, 0xf0, 0x0f, 0x0f, 0x0f, 0x0f,
        0x01, 0xed, 0x23, 0x33, 0xdd, 0x11, 0xff, 0x77, 0x66, 0xaa, 0x44, 0x44,
        0xaa, 0x66, 0x88, 0x00, 0x11, 0xdd, 0x33, 0x23, 0xed, 0x01, 0x8f, 0x67,
        0x56, 0xba, 0xb4, 0x54, 0x9a, 0x76, 0xf8, 0x10, 0x21, 0xcd, 0xc3, 0x13,
        0xfd, 0x71, 0x9f, 0x57, 0x46, 0x4a, 0xa4, 0x64, 0x8a, 0x06, 0xe8, 0x20,
        0x31, 0x3d, 0xd3, 0x03, 0x8d, 0x61, 0xaf, 0x47, 0xb6, 0x5a, 0x94, 0x74,
        0xfa, 0x16, 0xd8, 0x30, 0xc1, 0x2d, 0xe3, 0x73, 0x9d, 0x51, 0xbf, 0xb7,
        0xa6, 0x6a, 0x84, 0x04, 0xea, 0x26, 0xc8, 0xc0, 0xa5, 0x5a, 0x5a, 0xa5,
        0xa5, 0x5a, 0x5a, 0xa5, 0xa5, 0x5a, 0x5a, 0xa5, 0xa5, 0x5a, 0x5a, 0xa5,
        0xa5, 0x5a, 0x5a, 0xa5, 0xa5, 0x5a, 0x5a, 0xa5, 0xa5, 0x5a, 0x5a, 0xa5,
        0xa5, 0x5a, 0x5a, 0xa5, 0xa5, 0x5a, 0x5a, 0xa5, 0xa5, 0x5a, 0x5a, 0xa5,
        0xa5, 0x5a, 0x5a, 0xa5, 0xa5, 0x5a, 0x5a, 0xa5, 0xa5, 0x5a, 0x5a, 0xa5,
        0xa5, 0x5a, 0x5a, 0xa5, 0xa5, 0x5a, 0x5a, 0xa5, 0xa5, 0x5a, 0x5a, 0xa5,
        0xa5, 0x5a, 0x5a, 0xa5, 0xa5, 0x5a, 0x5a, 0xa5, 0xa5, 0x5a, 0x5a, 0xa5,
        0xa5, 0x5a, 0x5a, 0xa5, 0x50, 0x7f, 0x71, 0x62, 0xac, 0xbb, 0x35, 0x26,
        0x17, 0x08, 0x06, 0x15, 0xdb, 0xcc, 0x42, 0x51, 0x60, 0x8f, 0x61, 0x52,
        0xbc, 0xcb, 0x25, 0x16, 0x07, 0xf8, 0x16, 0x25, 0xcb, 0xbc, 0x52, 0x61,
        0x70, 0x9f, 0x51, 0x42, 0xcc, 0xdb, 0x15, 0x06, 0xf7, 0xe8, 0x26, 0x35,
        0xbb, 0xac, 0x62, 0x71, 0x80, 0xaf, 0x41, 0x32, 0xdc, 0xeb, 0x05, 0xf6,
        0xe7, 0xd8, 0x36, 0x45, 0xab, 0x9c, 0x72, 0x81, 0x90, 0xbf, 0x31, 0x22,
        0xec, 0xfb, 0xf5, 0xe6, 0xd7, 0xc8, 0x46, 0x55, 0x9b, 0x8c, 0x82, 0x91,
        0x99, 0x66, 0x66, 0x99, 0x66, 0x99, 0x99, 0x66, 0x66, 0x99, 0x99, 0x66,
        0x99, 0x66, 0x66, 0x99, 0x99, 0x66, 0x66, 0x99, 0x66, 0x99, 0x99, 0x66,
        0x66, 0x99, 0x99, 0x66, 0x99, 0x66, 0x66, 0x99, 0x99, 0x66, 0x66, 0x99,
        0x66, 0x99, 0x99, 0x66, 0x66, 0x99, 0x99, 0x66, 0x99, 0x66, 0x66, 0x99,
        0x99, 0x66, 0x66, 0x99, 0x66, 0x99, 0x99, 0x66, 0x66, 0x99, 0x99, 0x66,
        0x99, 0x66, 0x66, 0x99, 0x99, 0x66, 0x66, 0x99, 0x66, 0x99, 0x99, 0x66,
        0x66, 0x99, 0x99, 0x66, 0x99, 0x66, 0x66, 0x99, 0x66, 0x99, 0x66, 0x99,
        0x99, 0x66, 0x99, 0x66, 0x66, 0x99, 0x66, 0x99, 0x99, 0x66, 0x99, 0x66,
        0x66, 0x99, 0x66, 0x99, 0x99, 0x66, 0x99, 0x66, 0x66, 0x99, 0x66, 0x99,
        0x99, 0x66, 0x99, 0x66, 0x66, 0x99, 0x66, 0x99, 0x99, 0x66, 0x99, 0x66,
        0x66, 0x99, 0x66, 0x99, 0x99, 0x66, 0x99, 0x66, 0x66, 0x99, 0x66, 0x99,
        0x99, 0x66, 0x99, 0x66, 0x66, 0x99, 0x66, 0x99, 0x99, 0x66, 0x99, 0x66,
        0x66, 0x99, 0x66, 0x99, 0x99, 0x66, 0x99, 0x66, 0x66, 0x99, 0x66, 0x99,
        0x99, 0x66, 0x99, 0x66, 0x00, 0x00, 0xff, 0xff, 0x00, 0x00, 0xff, 0xff,
        0x00, 0x00, 0xff, 0xff, 0x00, 0x00, 0xff, 0xff, 0x00, 0x00, 0xff, 0xff,
        0x00, 0x00, 0xff, 0xff, 0x00, 0x00, 0xff, 0xff, 0x00, 0x00, 0xff, 0xff,
        0x00, 0x00, 0xff, 0xff, 0x00, 0x00, 0xff, 0xff, 0x00, 0x00, 0xff, 0xff,
        0x00, 0x00, 0xff, 0xff, 0x00, 0x00, 0xff, 0xff, 0x00, 0x00, 0xff, 0xff,
        0x00, 0x00, 0xff, 0xff, 0x00, 0x00, 0xff, 0xff, 0x00, 0x00, 0xff, 0xff,
        0x00, 0x00, 0xff, 0xff, 0x00, 0x00, 0xff, 0xff, 0x00, 0x00, 0xff, 0xff,
        0x00, 0x00, 0xff, 0xff, 0x00, 0x00, 0xff, 0xff, 0x00, 0x00, 0xff, 0xff,
        0x00, 0x00, 0xff, 0xff, 0x00, 0x00, 0xff, 0xff, 0x00, 0x00, 0xff, 0xff,
        0x00, 0x00, 0xff, 0xff, 0x00, 0x00, 0xff, 0xff, 0x00, 0x00, 0xff, 0xff,
        0x00, 0x00, 0xff, 0xff, 0x00, 0x00, 0xff, 0xff, 0x00, 0x00, 0xff, 0xff,
        0x00, 0x00, 0xff, 0xff, 0x00, 0x00, 0xff, 0xff, 0x00, 0x00, 0xff, 0xff,
        0x00, 0x00, 0xff, 0xff, 0x00, 0x00, 0xff, 0xff, 0x00, 0x00, 0xff, 0xff,
        0x00, 0x00, 0xff, 0xff, 0x00, 0x00, 0xff, 0xff, 0x98, 0x58, 0xb6, 0x3a,
        0xd4, 0x1c, 0xf2, 0xfe, 0x10, 0xc0, 0x4e, 0xa2, 0x6c, 0x84, 0x8a, 0x66,
        0xa8, 0x48, 0xc6, 0x2a, 0xe4, 0x0c, 0x02, 0xee, 0x20, 0xb0, 0x5e, 0x92,
        0x7c, 0x74, 0x9a, 0x56, 0xb8, 0x38, 0xd6, 0x1a, 0xf4, 0xfc, 0x12, 0xde,
        0x30, 0xa0, 0x6e, 0x82, 0x8c, 0x64, 0xaa, 0x46, 0xc8, 0x28, 0xe6, 0x0a,
        0x04, 0xec, 0x22, 0xce, 0x40, 0x90, 0x7e, 0x72, 0x9c, 0x54, 0xba, 0x36,
        0xd8, 0x18, 0xf6, 0xfa, 0x14, 0xdc, 0x32, 0xbe, 0x50, 0x80, 0x8e, 0x62,
        0xac, 0x44, 0xca, 0x26, 0x3f, 0x10, 0x01, 0xf2, 0xe3, 0xd4, 0xc5, 0xb6,
        0x58, 0x67, 0x76, 0x85, 0x94, 0xa3, 0xb2, 0xc1, 0x2f, 0x00, 0xf1, 0xe2,
        0xd3, 0xc4, 0xb5, 0xa6, 0x68, 0x77, 0x86, 0x95, 0xa4, 0xb3, 0xc2, 0xd1,
        0x1f, 0xf0, 0xe1, 0xd2, 0xc3, 0xb4, 0xa5, 0x96, 0x78, 0x87, 0x96, 0xa5,
        0xb4, 0xc3, 0xd2, 0xe1, 0x0f, 0xe0, 0xd1, 0xc2, 0xb3, 0xa4, 0x95, 0x86,
        0x88, 0x97, 0xa6, 0xb5, 0xc4, 0xd3, 0xe2, 0xf1, 0xff, 0xd0, 0xc1, 0xb2,
        0xa3, 0x94, 0x85, 0x76, 0x98, 0xa7, 0xb6, 0xc5, 0xd4, 0xe3, 0xf2, 0x01,
        0x96, 0x69, 0x96, 0x69, 0x96, 0x69, 0x96, 0x69, 0x69, 0x96, 0x69, 0x96,
        0x69, 0x96, 0x69, 0x96, 0x96, 0x69, 0x96, 0x69, 0x96, 0x69, 0x96, 0x69,
        0x69, 0x96, 0x69, 0x96, 0x69, 0x96, 0x69, 0x96, 0x96, 0x69, 0x96, 0x69,
        0x96, 0x69, 0x96, 0x69, 0x69, 0x96, 0x69, 0x96, 0x69, 0x96, 0x69, 0x96,
        0x96, 0x69, 0x96, 0x69, 0x96, 0x69, 0x96, 0x69, 0x69, 0x96, 0x69, 0x96,
        0x69, 0x96, 0x69, 0x96, 0x96, 0x69, 0x96, 0x69, 0x96, 0x69, 0x96, 0x69,
        0x69, 0x96, 0x69, 0x96, 0x69, 0x96, 0x69, 0x96, 0xcc, 0x33, 0xcc, 0x33,
        0x33, 0xcc, 0x33, 0xcc, 0xcc, 0x33, 0xcc, 0x33, 0x33, 0xcc, 0x33, 0xcc,
        0xcc, 0x33, 0xcc, 0x33, 0x33, 0xcc, 0x33, 0xcc, 0xcc, 0x33, 0xcc, 0x33,
        0x33, 0xcc, 0x33, 0xcc, 0xcc, 0x33, 0xcc, 0x33, 0x33, 0xcc, 0x33, 0xcc,
        0xcc, 0x33, 0xcc, 0x33, 0x33, 0xcc, 0x33, 0xcc, 0xcc, 0x33, 0xcc, 0x33,
        0x33, 0xcc, 0x33, 0xcc, 0xcc, 0x33, 0xcc, 0x33, 0x33, 0xcc, 0x33, 0xcc,
        0xcc, 0x33, 0xcc, 0x33, 0x33, 0xcc, 0x33, 0xcc, 0xcc, 0x33, 0xcc, 0x33,
        0x33, 0xcc, 0x33, 0xcc, 0x3c, 0x3c, 0xc3, 0xc3, 0xc3, 0xc3, 0x3c, 0x3c,
        0x3c, 0x3c, 0xc3, 0xc3, 0xc3, 0xc3, 0x3c, 0x3c, 0x3c, 0x3c, 0xc3, 0xc3,
        0xc3, 0xc3, 0x3c, 0x3c, 0x3c, 0x3c, 0xc3, 0xc3, 0xc3, 0xc3, 0x3c, 0x3c,
        0x3c, 0x3c, 0xc3, 0xc3, 0xc3, 0xc3, 0x3c, 0x3c, 0x3c, 0x3c, 0xc3, 0xc3,
        0xc3, 0xc3, 0x3c, 0x3c, 0x3c, 0x3c, 0xc3, 0xc3, 0xc3, 0xc3, 0x3c, 0x3c,
        0x3c, 0x3c, 0xc3, 0xc3, 0xc3, 0xc3, 0x3c, 0x3c, 0x3c, 0x3c, 0xc3, 0xc3,
        0xc3, 0xc3, 0x3c, 0x3c, 0x3c, 0x3c, 0xc3, 0xc3, 0xc3, 0xc3, 0x3c, 0x3c,
        0x55, 0x55, 0x55, 0x55, 0x55, 0x55, 0x55, 0x55, 0x55, 0x55, 0x55, 0x55,
        0x55, 0x55, 0x55, 0x55, 0x55, 0x55, 0x55, 0x55, 0x55, 0x55, 0x55, 0x55,
        0x55, 0x55, 0x55, 0x55, 0x55, 0x55, 0x55, 0x55, 0x55, 0x55, 0x55, 0x55,
        0x55, 0x55, 0x55, 0x55, 0x55, 0x55, 0x55, 0x55, 0x55, 0x55, 0x55, 0x55,
        0x55, 0x55, 0x55, 0x55, 0x55, 0x55, 0x55, 0x55, 0x55, 0x55, 0x55, 0x55,
        0x55, 0x55, 0x55, 0x55, 0x55, 0x55, 0x55, 0x55, 0x55, 0x55, 0x55, 0x55,
        0x55, 0x55, 0x55, 0x55, 0x55, 0x55, 0x55, 0x55, 0x33, 0x33, 0xcc, 0xcc,
        0xcc, 0xcc, 0x33, 0x33, 0xcc, 0xcc, 0x33, 0x33, 0x33, 0x33, 0xcc, 0xcc,
        0x33, 0x33, 0xcc, 0xcc, 0xcc, 0xcc, 0x33, 0x33, 0xcc, 0xcc, 0x33, 0x33,
        0x33, 0x33, 0xcc, 0xcc, 0x33, 0x33, 0xcc, 0xcc, 0xcc, 0xcc, 0x33, 0x33,
        0xcc, 0xcc, 0x33, 0x33, 0x33, 0x33, 0xcc, 0xcc, 0x33, 0x33, 0xcc, 0xcc,
        0xcc, 0xcc, 0x33, 0x33, 0xcc, 0xcc, 0x33, 0x33, 0x33, 0x33, 0xcc, 0xcc,
        0x33, 0x33, 0xcc, 0xcc, 0xcc, 0xcc, 0x33, 0x33, 0xcc, 0xcc, 0x33, 0x33,
        0x33, 0x33, 0xcc, 0xcc, 0xc3, 0x3c, 0x3c, 0xc3, 0x3c, 0xc3, 0xc3, 0x3c,
        0xc3, 0x3c, 0x3c, 0xc3, 0x3c, 0xc3, 0xc3, 0x3c, 0xc3, 0x3c, 0x3c, 0xc3,
        0x3c, 0xc3, 0xc3, 0x3c, 0xc3, 0x3c, 0x3c, 0xc3, 0x3c, 0xc3, 0xc3, 0x3c,
        0xc3, 0x3c, 0x3c, 0xc3, 0x3c, 0xc3, 0xc3, 0x3c, 0xc3, 0x3c, 0x3c, 0xc3,
        0x3c, 0xc3, 0xc3, 0x3c, 0xc3, 0x3c, 0x3c, 0xc3, 0x3c, 0xc3, 0xc3, 0x3c,
        0xc3, 0x3c, 0x3c, 0xc3, 0x3c, 0xc3, 0xc3, 0x3c, 0xc3, 0x3c, 0x3c, 0xc3,
        0x3c, 0xc3, 0xc3, 0x3c, 0xc3, 0x3c, 0x3c, 0xc3, 0x3c, 0xc3, 0xc3, 0x3c,
        0x66, 0x99, 0x99, 0x66, 0x99, 0x66, 0x66, 0x99, 0x66, 0x99, 0x99, 0x66,
        0x99, 0x66, 0x66, 0x99, 0x66, 0x99, 0x99, 0x66, 0x99, 0x66, 0x66, 0x99,
        0x66, 0x99, 0x99, 0x66, 0x99, 0x66, 0x66, 0x99, 0x66, 0x99, 0x99, 0x66,
        0x99, 0x66, 0x66, 0x99, 0x66, 0x99, 0x99, 0x66, 0x99, 0x66, 0x66, 0x99,
        0x66, 0x99, 0x99, 0x66, 0x99, 0x66, 0x66, 0x99, 0x66, 0x99, 0x99, 0x66,
        0x99, 0x66, 0x66, 0x99, 0x66, 0x99, 0x99, 0x66, 0x99, 0x66, 0x66, 0x99,
        0x66, 0x99, 0x99, 0x66, 0x99, 0x66, 0x66, 0x99, 0x55, 0xaa, 0xaa, 0x55,
        0xaa, 0x55, 0x55, 0xaa, 0x55, 0xaa, 0xaa, 0x55, 0xaa, 0x55, 0x55, 0xaa,
        0x55, 0xaa, 0xaa, 0x55, 0xaa, 0x55, 0x55, 0xaa, 0x55, 0xaa, 0xaa, 0x55,
        0xaa, 0x55, 0x55, 0xaa, 0x55, 0xaa, 0xaa, 0x55, 0xaa, 0x55, 0x55, 0xaa,
        0x55, 0xaa, 0xaa, 0x55, 0xaa, 0x55, 0x55, 0xaa, 0x55, 0xaa, 0xaa, 0x55,
        0xaa, 0x55, 0x55, 0xaa, 0x55, 0xaa, 0xaa, 0x55, 0xaa, 0x55, 0x55, 0xaa,
        0x55, 0xaa, 0xaa, 0x55, 0xaa, 0x55, 0x55, 0xaa, 0x55, 0xaa, 0xaa, 0x55,
        0xaa, 0x55, 0x55, 0xaa, 0x69, 0x69, 0x96, 0x96, 0x96, 0x96, 0x69, 0x69,
        0x69, 0x69, 0x96, 0x96, 0x96, 0x96, 0x69, 0x69, 0x69, 0x69, 0x96, 0x96,
        0x96, 0x96, 0x69, 0x69, 0x69, 0x69, 0x96, 0x96, 0x96, 0x96, 0x69, 0x69,
        0x69, 0x69, 0x96, 0x96, 0x96, 0x96, 0x69, 0x69, 0x69, 0x69, 0x96, 0x96,
        0x96, 0x96, 0x69, 0x69, 0x69, 0x69, 0x96, 0x96, 0x96, 0x96, 0x69, 0x69,
        0x69, 0x69, 0x96, 0x96, 0x96, 0x96, 0x69, 0x69, 0x69, 0x69, 0x96, 0x96,
        0x96, 0x96, 0x69, 0x69, 0x69, 0x69, 0x96, 0x96, 0x96, 0x96, 0x69, 0x69,
        0x96, 0x69, 0x69, 0x96, 0x69, 0x96, 0x96, 0x69, 0x69, 0x96, 0x96, 0x69,
        0x96, 0x69, 0x69, 0x96, 0x96, 0x69, 0x69, 0x96, 0x69, 0x96, 0x96, 0x69,
        0x69, 0x96, 0x96, 0x69, 0x96, 0x69, 0x69, 0x96, 0x96, 0x69, 0x69, 0x96,
        0x69, 0x96, 0x96, 0x69, 0x69, 0x96, 0x96, 0x69, 0x96, 0x69, 0x69, 0x96,
        0x96, 0x69, 0x69, 0x96, 0x69, 0x96, 0x96, 0x69, 0x69, 0x96, 0x96, 0x69,
        0x96, 0x69, 0x69, 0x96, 0x96, 0x69, 0x69, 0x96, 0x69, 0x96, 0x96, 0x69,
        0x69, 0x96, 0x96, 0x69, 0x96, 0x69, 0x69, 0x96, 0x66, 0x66, 0x66, 0x66,
        0x66, 0x66, 0x66, 0x66, 0x66, 0x66, 0x66, 0x66, 0x66, 0x66, 0x66, 0x66,
        0x66, 0x66, 0x66, 0x66, 0x66, 0x66, 0x66, 0x66, 0x66, 0x66, 0x66, 0x66,
        0x66, 0x66, 0x66, 0x66, 0x66, 0x66, 0x66, 0x66, 0x66, 0x66, 0x66, 0x66,
        0x66, 0x66, 0x66, 0x66, 0x66, 0x66, 0x66, 0x66, 0x66, 0x66, 0x66, 0x66,
        0x66, 0x66, 0x66, 0x66, 0x66, 0x66, 0x66, 0x66, 0x66, 0x66, 0x66, 0x66,
        0x66, 0x66, 0x66, 0x66, 0x66, 0x66, 0x66, 0x66, 0x66, 0x66, 0x66, 0x66,
        0x66, 0x66, 0x66, 0x66, 0xaa, 0xaa, 0x55, 0x55, 0x55, 0x55, 0xaa, 0xaa,
        0xaa, 0xaa, 0x55, 0x55, 0x55, 0x55, 0xaa, 0xaa, 0xaa, 0xaa, 0x55, 0x55,
        0x55, 0x55, 0xaa, 0xaa, 0xaa, 0xaa, 0x55, 0x55, 0x55, 0x55, 0xaa, 0xaa,
        0xaa, 0xaa, 0x55, 0x55, 0x55, 0x55, 0xaa, 0xaa, 0xaa, 0xaa, 0x55, 0x55,
        0x55, 0x55, 0xaa, 0xaa, 0xaa, 0xaa, 0x55, 0x55, 0x55, 0x55, 0xaa, 0xaa,
        0xaa, 0xaa, 0x55, 0x55, 0x55, 0x55, 0xaa, 0xaa, 0xaa, 0xaa, 0x55, 0x55,
        0x55, 0x55, 0xaa, 0xaa, 0xaa, 0xaa, 0x55, 0x55, 0x55, 0x55, 0xaa, 0xaa,
        0x55, 0x55, 0xaa, 0xaa, 0xaa, 0xaa, 0x55, 0x55, 0xaa, 0xaa, 0x55, 0x55,
        0x55, 0x55, 0xaa, 0xaa, 0x55, 0x55, 0xaa, 0xaa, 0xaa, 0xaa, 0x55, 0x55,
        0xaa, 0xaa, 0x55, 0x55, 0x55, 0x55, 0xaa, 0xaa, 0x55, 0x55, 0xaa, 0xaa,
        0xaa, 0xaa, 0x55, 0x55, 0xaa, 0xaa, 0x55, 0x55, 0x55, 0x55, 0xaa, 0xaa,
        0x55, 0x55, 0xaa, 0xaa, 0xaa, 0xaa, 0x55, 0x55, 0xaa, 0xaa, 0x55, 0x55,
        0x55, 0x55, 0xaa, 0xaa, 0x55, 0x55, 0xaa, 0xaa, 0xaa, 0xaa, 0x55, 0x55,
        0xaa, 0xaa, 0x55, 0x55, 0x55, 0x55, 0xaa, 0xaa, 0xcc, 0x33, 0x33, 0xcc,
        0x33, 0xcc, 0xcc, 0x33, 0x33, 0xcc, 0xcc, 0x33, 0xcc, 0x33, 0x33, 0xcc,
        0xcc, 0x33, 0x33, 0xcc, 0x33, 0xcc, 0xcc, 0x33, 0x33, 0xcc, 0xcc, 0x33,
        0xcc, 0x33, 0x33, 0xcc, 0xcc, 0x33, 0x33, 0xcc, 0x33, 0xcc, 0xcc, 0x33,
        0x33, 0xcc, 0xcc, 0x33, 0xcc, 0x33, 0x33, 0xcc, 0xcc, 0x33, 0x33, 0xcc,
        0x33, 0xcc, 0xcc, 0x33, 0x33, 0xcc, 0xcc, 0x33, 0xcc, 0x33, 0x33, 0xcc,
        0xcc, 0x33, 0x33, 0xcc, 0x33, 0xcc, 0xcc, 0x33, 0x33, 0xcc, 0xcc, 0x33,
        0xcc, 0x33, 0x33, 0xcc, 0xcc, 0xcc, 0xcc, 0xcc, 0x33, 0x33, 0x33, 0x33,
        0x33, 0x33, 0x33, 0x33, 0xcc, 0xcc, 0xcc, 0xcc, 0xcc, 0xcc, 0xcc, 0xcc,
        0x33, 0x33, 0x33, 0x33, 0x33, 0x33, 0x33, 0x33, 0xcc, 0xcc, 0xcc, 0xcc,
        0xcc, 0xcc, 0xcc, 0xcc, 0x33, 0x33, 0x33, 0x33, 0x33, 0x33, 0x33, 0x33,
        0xcc, 0xcc, 0xcc, 0xcc, 0xcc, 0xcc, 0xcc, 0xcc, 0x33, 0x33, 0x33, 0x33,
        0x33, 0x33, 0x33, 0x33, 0xcc, 0xcc, 0xcc, 0xcc, 0xcc, 0xcc, 0xcc, 0xcc,
        0x33, 0x33, 0x33, 0x33, 0x33, 0x33, 0x33, 0x33, 0xcc, 0xcc, 0xcc, 0xcc,
        0x11, 0xfd, 0xf3, 0x1b, 0xd5, 0x39, 0xb7, 0x57, 0x66, 0x8a, 0x84, 0x6c,
        0xa2, 0x4e, 0xc0, 0x10, 0x01, 0x0d, 0xe3, 0x2b, 0xc5, 0x49, 0xa7, 0x67,
        0x76, 0x7a, 0x94, 0x5c, 0xb2, 0x3e, 0xd0, 0x00, 0xf1, 0x1d, 0xd3, 0x3b,
        0xb5, 0x59, 0x97, 0x77, 0x86, 0x6a, 0xa4, 0x4c, 0xc2, 0x2e, 0xe0, 0xf0,
        0xe1, 0x2d, 0xc3, 0x4b, 0xa5, 0x69, 0x87, 0x87, 0x96, 0x5a, 0xb4, 0x3c,
        0xd2, 0x1e, 0xf0, 0xe0, 0xd1, 0x3d, 0xb3, 0x5b, 0x95, 0x79, 0x77, 0x97,
        0xa6, 0x4a, 0xc4, 0x2c, 0xe2, 0x0e, 0x00, 0xd0, 0xf0, 0xf0, 0xf0, 0xf0,
        0x0f, 0x0f, 0x0f, 0x0f, 0x0f, 0x0f, 0x0f, 0x0f, 0xf0, 0xf0, 0xf0, 0xf0,
        0xf0, 0xf0, 0xf0, 0xf0, 0x0f, 0x0f, 0x0f, 0x0f, 0x0f, 0x0f, 0x0f, 0x0f,
        0xf0, 0xf0, 0xf0, 0xf0, 0xf0, 0xf0, 0xf0, 0xf0, 0x0f, 0x0f, 0x0f, 0x0f,
        0x0f, 0x0f, 0x0f, 0x0f, 0xf0, 0xf0, 0xf0, 0xf0, 0xf0, 0xf0, 0xf0, 0xf0,
        0x0f, 0x0f, 0x0f, 0x0f, 0x0f, 0x0f, 0x0f, 0x0f, 0xf0, 0xf0, 0xf0, 0xf0,
        0xf0, 0xf0, 0xf0, 0xf0, 0x0f, 0x0f, 0x0f, 0x0f, 0x0f, 0x0f, 0x0f, 0x0f,
        0xf0, 0xf0, 0xf0, 0xf0, 0x3c, 0xc3, 0x3c, 0xc3, 0xc3, 0x3c, 0xc3, 0x3c,
        0xc3, 0x3c, 0xc3, 0x3c, 0x3c, 0xc3, 0x3c, 0xc3, 0x3c, 0xc3, 0x3c, 0xc3,
        0xc3, 0x3c, 0xc3, 0x3c, 0xc3, 0x3c, 0xc3, 0x3c, 0x3c, 0xc3, 0x3c, 0xc3,
        0x3c, 0xc3, 0x3c, 0xc3, 0xc3, 0x3c, 0xc3, 0x3c, 0xc3, 0x3c, 0xc3, 0x3c,
        0x3c, 0xc3, 0x3c, 0xc3, 0x3c, 0xc3, 0x3c, 0xc3, 0xc3, 0x3c, 0xc3, 0x3c,
        0xc3, 0x3c, 0xc3, 0x3c, 0x3c, 0xc3, 0x3c, 0xc3, 0x3c, 0xc3, 0x3c, 0xc3,
        0xc3, 0x3c, 0xc3, 0x3c, 0xc3, 0x3c, 0xc3, 0x3c, 0x3c, 0xc3, 0x3c, 0xc3,
        0x99, 0x66, 0x66, 0x99, 0x66, 0x99, 0x99, 0x66, 0x99, 0x66, 0x66, 0x99,
        0x66, 0x99, 0x99, 0x66, 0x99, 0x66, 0x66, 0x99, 0x66, 0x99, 0x99, 0x66,
        0x99, 0x66, 0x66, 0x99, 0x66, 0x99, 0x99, 0x66, 0x99, 0x66, 0x66, 0x99,
        0x66, 0x99, 0x99, 0x66, 0x99, 0x66, 0x66, 0x99, 0x66, 0x99, 0x99, 0x66,
        0x99, 0x66, 0x66, 0x99, 0x66, 0x99, 0x99, 0x66, 0x99, 0x66, 0x66, 0x99,
        0x66, 0x99, 0x99, 0x66, 0x99, 0x66, 0x66, 0x99, 0x66, 0x99, 0x99, 0x66,
        0x99, 0x66, 0x66, 0x99, 0x66, 0x99, 0x99, 0x66, 0x33, 0xcc, 0xcc, 0x33,
        0xcc, 0x33, 0x33, 0xcc, 0x33, 0xcc, 0xcc, 0x33, 0xcc, 0x33, 0x33, 0xcc,
        0x33, 0xcc, 0xcc, 0x33, 0xcc, 0x33, 0x33, 0xcc, 0x33, 0xcc, 0xcc, 0x33,
        0xcc, 0x33, 0x33, 0xcc, 0x33, 0xcc, 0xcc, 0x33, 0xcc, 0x33, 0x33, 0xcc,
        0x33, 0xcc, 0xcc, 0x33, 0xcc, 0x33, 0x33, 0xcc, 0x33, 0xcc, 0xcc, 0x33,
        0xcc, 0x33, 0x33, 0xcc, 0x33, 0xcc, 0xcc, 0x33, 0xcc, 0x33, 0x33, 0xcc,
        0x33, 0xcc, 0xcc, 0x33, 0xcc, 0x33, 0x33, 0xcc, 0x33, 0xcc, 0xcc, 0x33,
        0xcc, 0x33, 0x33, 0xcc, 0xf0, 0xf0, 0x0f, 0x0f, 0xf0, 0xf0, 0x0f, 0x0f,
        0x0f, 0x0f, 0xf0, 0xf0, 0x0f, 0x0f, 0xf0, 0xf0, 0xf0, 0xf0, 0x0f, 0x0f,
        0xf0, 0xf0, 0x0f, 0x0f, 0x0f, 0x0f, 0xf0, 0xf0, 0x0f, 0x0f, 0xf0, 0xf0,
        0xf0, 0xf0, 0x0f, 0x0f, 0xf0, 0xf0, 0x0f, 0x0f, 0x0f, 0x0f, 0xf0, 0xf0,
        0x0f, 0x0f, 0xf0, 0xf0, 0xf0, 0xf0, 0x0f, 0x0f, 0xf0, 0xf0, 0x0f, 0x0f,
        0x0f, 0x0f, 0xf0, 0xf0, 0x0f, 0x0f, 0xf0, 0xf0, 0xf0, 0xf0, 0x0f, 0x0f,
        0xf0, 0xf0, 0x0f, 0x0f, 0x0f, 0x0f, 0xf0, 0xf0, 0x0f, 0x0f, 0xf0, 0xf0,
        0x3c, 0x3c, 0x3c, 0x3c, 0xc3, 0xc3, 0xc3, 0xc3, 0x3c, 0x3c, 0x3c, 0x3c,
        0xc3, 0xc3, 0xc3, 0xc3, 0x3c, 0x3c, 0x3c, 0x3c, 0xc3, 0xc3, 0xc3, 0xc3,
        0x3c, 0x3c, 0x3c, 0x3c, 0xc3, 0xc3, 0xc3, 0xc3, 0x3c, 0x3c, 0x3c, 0x3c,
        0xc3, 0xc3, 0xc3, 0xc3, 0x3c, 0x3c, 0x3c, 0x3c, 0xc3, 0xc3, 0xc3, 0xc3,
        0x3c, 0x3c, 0x3c, 0x3c, 0xc3, 0xc3, 0xc3, 0xc3, 0x3c, 0x3c, 0x3c, 0x3c,
        0xc3, 0xc3, 0xc3, 0xc3, 0x3c, 0x3c, 0x3c, 0x3c, 0xc3, 0xc3, 0xc3, 0xc3,
        0x3c, 0x3c, 0x3c, 0x3c, 0xc3, 0xc3, 0xc3, 0xc3, 0x3c, 0x3c, 0xc3, 0xc3,
        0xc3, 0xc3, 0x3c, 0x3c, 0xc3, 0xc3, 0x3c, 0x3c, 0x3c, 0x3c, 0xc3, 0xc3,
        0x3c, 0x3c, 0xc3, 0xc3, 0xc3, 0xc3, 0x3c, 0x3c, 0xc3, 0xc3, 0x3c, 0x3c,
        0x3c, 0x3c, 0xc3, 0xc3, 0x3c, 0x3c, 0xc3, 0xc3, 0xc3, 0xc3, 0x3c, 0x3c,
        0xc3, 0xc3, 0x3c, 0x3c, 0x3c, 0x3c, 0xc3, 0xc3, 0x3c, 0x3c, 0xc3, 0xc3,
        0xc3, 0xc3, 0x3c, 0x3c, 0xc3, 0xc3, 0x3c, 0x3c, 0x3c, 0x3c, 0xc3, 0xc3,
        0x3c, 0x3c, 0xc3, 0xc3, 0xc3, 0xc3, 0x3c, 0x3c, 0xc3, 0xc3, 0x3c, 0x3c,
        0x3c, 0x3c, 0xc3, 0xc3, 0x0f, 0xf0, 0x0f, 0xf0, 0xf0, 0x0f, 0xf0, 0x0f,
        0xf0, 0x0f, 0xf0, 0x0f, 0x0f, 0xf0, 0x0f, 0xf0, 0x0f, 0xf0, 0x0f, 0xf0,
        0xf0, 0x0f, 0xf0, 0x0f, 0xf0, 0x0f, 0xf0, 0x0f, 0x0f, 0xf0, 0x0f, 0xf0,
        0x0f, 0xf0, 0x0f, 0xf0, 0xf0, 0x0f, 0xf0, 0x0f, 0xf0, 0x0f, 0xf0, 0x0f,
        0x0f, 0xf0, 0x0f, 0xf0, 0x0f, 0xf0, 0x0f, 0xf0, 0xf0, 0x0f, 0xf0, 0x0f,
        0xf0, 0x0f, 0xf0, 0x0f, 0x0f, 0xf0, 0x0f, 0xf0, 0x0f, 0xf0, 0x0f, 0xf0,
        0xf0, 0x0f, 0xf0, 0x0f, 0xf0, 0x0f, 0xf0, 0x0f, 0x0f, 0xf0, 0x0f, 0xf0,
        0x66, 0x66, 0x66, 0x66, 0x66, 0x66, 0x66, 0x66, 0x66, 0x66, 0x66, 0x66,
        0x66, 0x66, 0x66, 0x66, 0x66, 0x66, 0x66, 0x66, 0x66, 0x66, 0x66, 0x66,
        0x66, 0x66, 0x66, 0x66, 0x66, 0x66, 0x66, 0x66, 0x66, 0x66, 0x66, 0x66,
        0x66, 0x66, 0x66, 0x66, 0x66, 0x66, 0x66, 0x66, 0x66, 0x66, 0x66, 0x66,
        0x66, 0x66, 0x66, 0x66, 0x66, 0x66, 0x66, 0x66, 0x66, 0x66, 0x66, 0x66,
        0x66, 0x66, 0x66, 0x66, 0x66, 0x66, 0x66, 0x66, 0x66, 0x66, 0x66, 0x66,
        0x66, 0x66, 0x66, 0x66, 0x66, 0x66, 0x66, 0x66, 0x89, 0x65, 0x54, 0xb4,
        0xba, 0x56, 0x67, 0x8f, 0x01, 0xed, 0xdc, 0xcc, 0x22, 0xee, 0xff, 0x77,
        0x99, 0x55, 0x44, 0x44, 0xaa, 0x66, 0x77, 0xff, 0x11, 0xdd, 0xcc, 0xdc,
        0x12, 0xfe, 0x8f, 0x67, 0xa9, 0x45, 0xb4, 0x54, 0x9a, 0x76, 0x07, 0xef,
        0x21, 0xcd, 0x3c, 0xec, 0x02, 0x8e, 0x9f, 0x57, 0xb9, 0xb5, 0xa4, 0x64,
        0x8a, 0x06, 0x17, 0xdf, 0x31, 0x3d, 0x2c, 0xfc, 0x72, 0x9e, 0xaf, 0x47,
        0x49, 0xa5, 0x94, 0x74, 0xfa, 0x16, 0x27, 0xcf, 0xc1, 0x2d, 0x1c, 0x8c,
        0x62, 0xae, 0xbf, 0xb7, 0x0f, 0xf0, 0xf0, 0x0f, 0xf0, 0x0f, 0x0f, 0xf0,
        0xf0, 0x0f, 0x0f, 0xf0, 0x0f, 0xf0, 0xf0, 0x0f, 0x0f, 0xf0, 0xf0, 0x0f,
        0xf0, 0x0f, 0x0f, 0xf0, 0xf0, 0x0f, 0x0f, 0xf0, 0x0f, 0xf0, 0xf0, 0x0f,
        0x0f, 0xf0, 0xf0, 0x0f, 0xf0, 0x0f, 0x0f, 0xf0, 0xf0, 0x0f, 0x0f, 0xf0,
        0x0f, 0xf0, 0xf0, 0x0f, 0x0f, 0xf0, 0xf0, 0x0f, 0xf0, 0x0f, 0x0f, 0xf0,
        0xf0, 0x0f, 0x0f, 0xf0, 0x0f, 0xf0, 0xf0, 0x0f, 0x0f, 0xf0, 0xf0, 0x0f,
        0xf0, 0x0f, 0x0f, 0xf0, 0xf0, 0x0f, 0x0f, 0xf0, 0x0f, 0xf0, 0xf0, 0x0f,
        0x33, 0x33, 0x33, 0x33, 0x33, 0x33, 0x33, 0x33, 0xcc, 0xcc, 0xcc, 0xcc,
        0xcc, 0xcc, 0xcc, 0xcc, 0x33, 0x33, 0x33, 0x33, 0x33, 0x33, 0x33, 0x33,
        0xcc, 0xcc, 0xcc, 0xcc, 0xcc, 0xcc, 0xcc, 0xcc, 0x33, 0x33, 0x33, 0x33,
        0x33, 0x33, 0x33, 0x33, 0xcc, 0xcc, 0xcc, 0xcc, 0xcc, 0xcc, 0xcc, 0xcc,
        0x33, 0x33, 0x33, 0x33, 0x33, 0x33, 0x33, 0x33, 0xcc, 0xcc, 0xcc, 0xcc,
        0xcc, 0xcc, 0xcc, 0xcc, 0x33, 0x33, 0x33, 0x33, 0x33, 0x33, 0x33, 0x33,
        0xcc, 0xcc, 0xcc, 0xcc, 0xcc, 0xcc, 0xcc, 0xcc, 0x0f, 0xf0, 0xf0, 0x0f,
        0xf0, 0x0f, 0x0f, 0xf0, 0xf0, 0x0f, 0x0f, 0xf0, 0x0f, 0xf0, 0xf0, 0x0f,
        0x0f, 0xf0, 0xf0, 0x0f, 0xf0, 0x0f, 0x0f, 0xf0, 0xf0, 0x0f, 0x0f, 0xf0,
        0x0f, 0xf0, 0xf0, 0x0f, 0x0f, 0xf0, 0xf0, 0x0f, 0xf0, 0x0f, 0x0f, 0xf0,
        0xf0, 0x0f, 0x0f, 0xf0, 0x0f, 0xf0, 0xf0, 0x0f, 0x0f, 0xf0, 0xf0, 0x0f,
        0xf0, 0x0f, 0x0f, 0xf0, 0xf0, 0x0f, 0x0f, 0xf0, 0x0f, 0xf0, 0xf0, 0x0f,
        0x0f, 0xf0, 0xf0, 0x0f, 0xf0, 0x0f, 0x0f, 0xf0, 0xf0, 0x0f, 0x0f, 0xf0,
        0x0f, 0xf0, 0xf0, 0x0f, 0x8f, 0x60, 0xae, 0xbd, 0x33, 0x24, 0xea, 0xf9,
        0xf7, 0xe8, 0x26, 0x35, 0xbb, 0xac, 0x62, 0x71, 0x7f, 0x50, 0xbe, 0xcd,
        0x23, 0x14, 0xfa, 0x09, 0xe7, 0xd8, 0x36, 0x45, 0xab, 0x9c, 0x72, 0x81,
        0x6f, 0x40, 0xce, 0xdd, 0x13, 0x04, 0x0a, 0x19, 0xd7, 0xc8, 0x46, 0x55,
        0x9b, 0x8c, 0x82, 0x91, 0x5f, 0x30, 0xde, 0xed, 0x03, 0xf4, 0x1a, 0x29,
        0xc7, 0xb8, 0x56, 0x65, 0x8b, 0x7c, 0x92, 0xa1, 0x4f, 0x20, 0xee, 0xfd,
        0xf3, 0xe4, 0x2a, 0x39, 0xb7, 0xa8, 0x66, 0x75, 0x7b, 0x6c, 0xa2, 0xb1,
        0x99, 0x99, 0x99, 0x99, 0x99, 0x99, 0x99, 0x99, 0x66, 0x66, 0x66, 0x66,
        0x66, 0x66, 0x66, 0x66, 0x99, 0x99, 0x99, 0x99, 0x99, 0x99, 0x99, 0x99,
        0x66, 0x66, 0x66, 0x66, 0x66, 0x66, 0x66, 0x66, 0x99, 0x99, 0x99, 0x99,
        0x99, 0x99, 0x99, 0x99, 0x66, 0x66, 0x66, 0x66, 0x66, 0x66, 0x66, 0x66,
        0x99, 0x99, 0x99, 0x99, 0x99, 0x99, 0x99, 0x99, 0x66, 0x66, 0x66, 0x66,
        0x66, 0x66, 0x66, 0x66, 0x99, 0x99, 0x99, 0x99, 0x99, 0x99, 0x99, 0x99,
        0x66, 0x66, 0x66, 0x66, 0x66, 0x66, 0x66, 0x66, 0xcc, 0xcc, 0x33, 0x33,
        0xcc, 0xcc, 0x33, 0x33, 0x33, 0x33, 0xcc, 0xcc, 0x33, 0x33, 0xcc, 0xcc,
        0xcc, 0xcc, 0x33, 0x33, 0xcc, 0xcc, 0x33, 0x33, 0x33, 0x33, 0xcc, 0xcc,
        0x33, 0x33, 0xcc, 0xcc, 0xcc, 0xcc, 0x33, 0x33, 0xcc, 0xcc, 0x33, 0x33,
        0x33, 0x33, 0xcc, 0xcc, 0x33, 0x33, 0xcc, 0xcc, 0xcc, 0xcc, 0x33, 0x33,
        0xcc, 0xcc, 0x33, 0x33, 0x33, 0x33, 0xcc, 0xcc, 0x33, 0x33, 0xcc, 0xcc,
        0xcc, 0xcc, 0x33, 0x33, 0xcc, 0xcc, 0x33, 0x33, 0x33, 0x33, 0xcc, 0xcc,
        0x33, 0x33, 0xcc, 0xcc, 0x00, 0x00, 0x00, 0x00, 0x00, 0x00, 0x00, 0x00,
        0xff, 0xff, 0xff, 0xff, 0xff, 0xff, 0xff, 0xff, 0x00, 0x00, 0x00, 0x00,
        0x00, 0x00, 0x00, 0x00, 0xff, 0xff, 0xff, 0xff, 0xff, 0xff, 0xff, 0xff,
        0x00, 0x00, 0x00, 0x00, 0x00, 0x00, 0x00, 0x00, 0xff, 0xff, 0xff, 0xff,
        0xff, 0xff, 0xff, 0xff, 0x00, 0x00, 0x00, 0x00, 0x00, 0x00, 0x00, 0x00,
        0xff, 0xff, 0xff, 0xff, 0xff, 0xff, 0xff, 0xff, 0x00, 0x00, 0x00, 0x00,
        0x00, 0x00, 0x00, 0x00, 0xff, 0xff, 0xff, 0xff, 0xff, 0xff, 0xff, 0xff,
        0x00, 0xff, 0xff, 0x00, 0x00, 0xff, 0xff, 0x00, 0xff, 0x00, 0x00, 0xff,
        0xff, 0x00, 0x00, 0xff, 0x00, 0xff, 0xff, 0x00, 0x00, 0xff, 0xff, 0x00,
        0xff, 0x00, 0x00, 0xff, 0xff, 0x00, 0x00, 0xff, 0x00, 0xff, 0xff, 0x00,
        0x00, 0xff, 0xff, 0x00, 0xff, 0x00, 0x00, 0xff, 0xff, 0x00, 0x00, 0xff,
        0x00, 0xff, 0xff, 0x00, 0x00, 0xff, 0xff, 0x00, 0xff, 0x00, 0x00, 0xff,
        0xff, 0x00, 0x00, 0xff, 0x00, 0xff, 0xff, 0x00, 0x00, 0xff, 0xff, 0x00,
        0xff, 0x00, 0x00, 0xff, 0xff, 0x00, 0x00, 0xff, 0x33, 0x33, 0xcc, 0xcc,
        0x33, 0x33, 0xcc, 0xcc, 0x33, 0x33, 0xcc, 0xcc, 0x33, 0x33, 0xcc, 0xcc,
        0x33, 0x33, 0xcc, 0xcc, 0x33, 0x33, 0xcc, 0xcc, 0x33, 0x33, 0xcc, 0xcc,
        0x33, 0x33, 0xcc, 0xcc, 0x33, 0x33, 0xcc, 0xcc, 0x33, 0x33, 0xcc, 0xcc,
        0x33, 0x33, 0xcc, 0xcc, 0x33, 0x33, 0xcc, 0xcc, 0x33, 0x33, 0xcc, 0xcc,
        0x33, 0x33, 0xcc, 0xcc, 0x33, 0x33, 0xcc, 0xcc, 0x33, 0x33, 0xcc, 0xcc,
        0x33, 0x33, 0xcc, 0xcc, 0x33, 0x33, 0xcc, 0xcc, 0x33, 0x33, 0xcc, 0xcc,
        0x33, 0x33, 0xcc, 0xcc, 0x00, 0x00, 0x00, 0x00, 0xff, 0xff, 0xff, 0xff,
        0x00, 0x00, 0x00, 0x00, 0xff, 0xff, 0xff, 0xff, 0x00, 0x00, 0x00, 0x00,
        0xff, 0xff, 0xff, 0xff, 0x00, 0x00, 0x00, 0x00, 0xff, 0xff, 0xff, 0xff,
        0x00, 0x00, 0x00, 0x00, 0xff, 0xff, 0xff, 0xff, 0x00, 0x00, 0x00, 0x00,
        0xff, 0xff, 0xff, 0xff, 0x00, 0x00, 0x00, 0x00, 0xff, 0xff, 0xff, 0xff,
        0x00, 0x00, 0x00, 0x00, 0xff, 0xff, 0xff, 0xff, 0x00, 0x00, 0x00, 0x00,
        0xff, 0xff, 0xff, 0xff, 0x00, 0x00, 0x00, 0x00, 0xff, 0xff, 0xff, 0xff,
        0xcc, 0x33, 0x33, 0xcc, 0xcc, 0x33, 0x33, 0xcc, 0x33, 0xcc, 0xcc, 0x33,
        0x33, 0xcc, 0xcc, 0x33, 0xcc, 0x33, 0x33, 0xcc, 0xcc, 0x33, 0x33, 0xcc,
        0x33, 0xcc, 0xcc, 0x33, 0x33, 0xcc, 0xcc, 0x33, 0xcc, 0x33, 0x33, 0xcc,
        0xcc, 0x33, 0x33, 0xcc, 0x33, 0xcc, 0xcc, 0x33, 0x33, 0xcc, 0xcc, 0x33,
        0xcc, 0x33, 0x33, 0xcc, 0xcc, 0x33, 0x33, 0xcc, 0x33, 0xcc, 0xcc, 0x33,
        0x33, 0xcc, 0xcc, 0x33, 0xcc, 0x33, 0x33, 0xcc, 0xcc, 0x33, 0x33, 0xcc,
        0x33, 0xcc, 0xcc, 0x33, 0x33, 0xcc, 0xcc, 0x33, 0xf0, 0x0f, 0xf0, 0x0f,
        0xf0, 0x0f, 0xf0, 0x0f, 0x0f, 0xf0, 0x0f, 0xf0, 0x0f, 0xf0, 0x0f, 0xf0,
        0xf0, 0x0f, 0xf0, 0x0f, 0xf0, 0x0f, 0xf0, 0x0f, 0x0f, 0xf0, 0x0f, 0xf0,
        0x0f, 0xf0, 0x0f, 0xf0, 0xf0, 0x0f, 0xf0, 0x0f, 0xf0, 0x0f, 0xf0, 0x0f,
        0x0f, 0xf0, 0x0f, 0xf0, 0x0f, 0xf0, 0x0f, 0xf0, 0xf0, 0x0f, 0xf0, 0x0f,
        0xf0, 0x0f, 0xf0, 0x0f, 0x0f, 0xf0, 0x0f, 0xf0, 0x0f, 0xf0, 0x0f, 0xf0,
        0xf0, 0x0f, 0xf0, 0x0f, 0xf0, 0x0f, 0xf0, 0x0f, 0x0f, 0xf0, 0x0f, 0xf0,
        0x0f, 0xf0, 0x0f, 0xf0, 0x69, 0x96, 0x69, 0x96, 0x69, 0x96, 0x69, 0x96,
        0x96, 0x69, 0x96, 0x69, 0x96, 0x69, 0x96, 0x69, 0x69, 0x96, 0x69, 0x96,
        0x69, 0x96, 0x69, 0x96, 0x96, 0x69, 0x96, 0x69, 0x96, 0x69, 0x96, 0x69,
        0x69, 0x96, 0x69, 0x96, 0x69, 0x96, 0x69, 0x96, 0x96, 0x69, 0x96, 0x69,
        0x96, 0x69, 0x96, 0x69, 0x69, 0x96, 0x69, 0x96, 0x69, 0x96, 0x69, 0x96,
        0x96, 0x69, 0x96, 0x69, 0x96, 0x69, 0x96, 0x69, 0x69, 0x96, 0x69, 0x96,
        0x69, 0x96, 0x69, 0x96, 0x96, 0x69, 0x96, 0x69, 0x96, 0x69, 0x96, 0x69
    },
    {
        0x99, 0x66, 0x66, 0x99, 0x99, 0x66, 0x66, 0x99, 0x99, 0x66, 0x66, 0x99,
        0x99, 0x66, 0x66, 0x99, 0x99, 0x66, 0x66, 0x99, 0x99, 0x66, 0x66, 0x99,
        0x99, 0x66, 0x66, 0x99, 0x99, 0x66, 0x66, 0x99, 0x99, 0x66, 0x66, 0x99,
        0x99, 0x66, 0x66, 0x99, 0x99, 0x66, 0x66, 0x99, 0x99, 0x66, 0x66, 0x99,
        0x99, 0x66, 0x66, 0x99, 0x99, 0x66, 0x66, 0x99, 0x99, 0x66, 0x66, 0x99,
        0x99, 0x66, 0x66, 0x99, 0x99, 0x66, 0x66, 0x99, 0x99, 0x66, 0x66, 0x99,
        0x99, 0x66, 0x66, 0x99, 0x99, 0x66, 0x66, 0x99, 0xa5, 0x5a, 0xa5, 0x5a,
        0xa5, 0x5a, 0xa5, 0x5a, 0xa5, 0x5a, 0xa5, 0x5a, 0xa5, 0x5a, 0xa5, 0x5a,
        0xa5, 0x5a, 0xa5, 0x5a, 0xa5, 0x5a, 0xa5, 0x5a, 0xa5, 0x5a, 0xa5, 0x5a,
        0xa5, 0x5a, 0xa5, 0x5a, 0xa5, 0x5a, 0xa5, 0x5a, 0xa5, 0x5a, 0xa5, 0x5a,
        0xa5, 0x5a, 0xa5, 0x5a, 0xa5, 0x5a, 0xa5, 0x5a, 0xa5, 0x5a, 0xa5, 0x5a,
        0xa5, 0x5a, 0xa5, 0x5a, 0xa5, 0x5a, 0xa5, 0x5a, 0xa5, 0x5a, 0xa5, 0x5a,
        0xa5, 0x5a, 0xa5, 0x5a, 0xa5, 0x5a, 0xa5, 0x5a, 0xa5, 0x5a, 0xa5, 0x5a,
        0xa5, 0x5a, 0xa5, 0x5a, 0xf0, 0x0f, 0xf0, 0x0f, 0xf0, 0x0f, 0xf0, 0x0f,
        0xf0, 0x0f, 0xf0, 0x0f, 0xf0, 0x0f, 0xf0, 0x0f, 0xf0, 0x0f, 0xf0, 0x0f,
        0xf0, 0x0f, 0xf0, 0x0f, 0xf0, 0x0f, 0xf0, 0x0f, 0xf0, 0x0f, 0xf0, 0x0f,
        0xf0, 0x0f, 0xf0, 0x0f, 0xf0, 0x0f, 0xf0, 0x0f, 0xf0, 0x0f, 0xf0, 0x0f,
        0xf0, 0x0f, 0xf0, 0x0f, 0xf0, 0x0f, 0xf0, 0x0f, 0xf0, 0x0f, 0xf0, 0x0f,
        0xf0, 0x0f, 0xf0, 0x0f, 0xf0, 0x0f, 0xf0, 0x0f, 0xf0, 0x0f, 0xf0, 0x0f,
        0xf0, 0x0f, 0xf0, 0x0f, 0xf0, 0x0f, 0xf0, 0x0f, 0xf0, 0x0f, 0xf0, 0x0f,
        0xa5, 0x5a, 0xa5, 0x5a, 0x5a, 0xa5, 0x5a, 0xa5, 0x5a, 0xa5, 0x5a, 0xa5,
        0xa5, 0x5a, 0xa5, 0x5a, 0xa5, 0x5a, 0xa5, 0x5a, 0x5a, 0xa5, 0x5a, 0xa5,
        0x5a, 0xa5, 0x5a, 0xa5, 0xa5, 0x5a, 0xa5, 0x5a, 0xa5, 0x5a, 0xa5, 0x5a,
        0x5a, 0xa5, 0x5a, 0xa5, 0x5a, 0xa5, 0x5a, 0xa5, 0xa5, 0x5a, 0xa5, 0x5a,
        0xa5, 0x5a, 0xa5, 0x5a, 0x5a, 0xa5, 0x5a, 0xa5, 0x5a, 0xa5, 0x5a, 0xa5,
        0xa5, 0x5a, 0xa5, 0x5a, 0xa5, 0x5a, 0xa5, 0x5a, 0x5a, 0xa5, 0x5a, 0xa5,
        0x5a, 0xa5, 0x5a, 0xa5, 0xa5, 0x5a, 0xa5, 0x5a, 0x55, 0x55, 0x55, 0x55,
        0xaa, 0xaa, 0xaa, 0xaa, 0x55, 0x55, 0x55, 0x55, 0xaa, 0xaa, 0xaa, 0xaa,
        0x55, 0x55, 0x55, 0x55, 0xaa, 0xaa, 0xaa, 0xaa, 0x55, 0x55, 0x55, 0x55,
        0xaa, 0xaa, 0xaa, 0xaa, 0x55, 0x55, 0x55, 0x55, 0xaa, 0xaa, 0xaa, 0xaa,
        0x55, 0x55, 0x55, 0x55, 0xaa, 0xaa, 0xaa, 0xaa, 0x55, 0x55, 0x55, 0x55,
        0xaa, 0xaa, 0xaa, 0xaa, 0x55, 0x55, 0x55, 0x55, 0xaa, 0xaa, 0xaa, 0xaa,
        0x55, 0x55, 0x55, 0x55, 0xaa, 0xaa, 0xaa, 0xaa, 0x55, 0x55, 0x55, 0x55,
        0xaa, 0xaa, 0xaa, 0xaa, 0x69, 0x96, 0x69, 0x96, 0x69, 0x96, 0x69, 0x96,
        0x69, 0x96, 0x69, 0x96, 0x69, 0x96, 0x69, 0x96, 0x69, 0x96, 0x69, 0x96,
        0x69, 0x96, 0x69, 0x96, 0x69, 0x96, 0x69, 0x96, 0x69, 0x96, 0x69, 0x96,
        0x69, 0x96, 0x69, 0x96, 0x69, 0x96, 0x69, 0x96, 0x69, 0x96, 0x69, 0x96,
        0x69, 0x96, 0x69, 0x96, 0x69, 0x96, 0x69, 0x96, 0x69, 0x96, 0x69, 0x96,
        0x69, 0x96, 0x69, 0x96, 0x69, 0x96, 0x69, 0x96, 0x69, 0x96, 0x69, 0x96,
        0x69, 0x96, 0x69, 0x96, 0x69, 0x96, 0x69, 0x96, 0x69, 0x96, 0x69, 0x96,
        0x66, 0x99, 0x66, 0x99, 0x99, 0x66, 0x99, 0x66, 0x66, 0x99, 0x66, 0x99,
        0x99, 0x66, 0x99, 0x66, 0x66, 0x99, 0x66, 0x99, 0x99, 0x66, 0x99, 0x66,
        0x66, 0x99, 0x66, 0x99, 0x99, 0x66, 0x99, 0x66, 0x66, 0x99, 0x66, 0x99,
        0x99, 0x66, 0x99, 0x66, 0x66, 0x99, 0x66, 0x99, 0x99, 0x66, 0x99, 0x66,
        0x66, 0x99, 0x66, 0x99, 0x99, 0x66, 0x99, 0x66, 0x66, 0x99, 0x66, 0x99,
        0x99, 0x66, 0x99, 0x66, 0x66, 0x99, 0x66, 0x99, 0x99, 0x66, 0x99, 0x66,
        0x66, 0x99, 0x66, 0x99, 0x99, 0x66, 0x99, 0x66, 0xff, 0xff, 0xff, 0xff,
        0x00, 0x00, 0x00, 0x00, 0x00, 0x00, 0x00, 0x00, 0xff, 0xff, 0xff, 0xff,
        0xff, 0xff, 0xff, 0xff, 0x00, 0x00, 0x00, 0x00, 0x00, 0x00, 0x00, 0x00,
        0xff, 0xff, 0xff, 0xff, 0xff, 0xff, 0xff, 0xff, 0x00, 0x00, 0x00, 0x00,
        0x00, 0x00, 0x00, 0x00, 0xff, 0xff, 0xff, 0xff, 0xff, 0xff, 0xff, 0xff,
        0x00, 0x00, 0x00, 0x00, 0x00, 0x00, 0x00, 0x00, 0xff, 0xff, 0xff, 0xff,
        0xff, 0xff, 0xff, 0xff, 0x00, 0x00, 0x00, 0x00, 0x00, 0x00, 0x00, 0x00,
        0xff, 0xff, 0xff, 0xff, 0x96, 0x69, 0x69, 0x96, 0x69, 0x96, 0x96, 0x69,
        0x69, 0x96, 0x96, 0x69, 0x96, 0x69, 0x69, 0x96, 0x96, 0x69, 0x69, 0x96,
        0x69, 0x96, 0x96, 0x69, 0x69, 0x96, 0x96, 0x69, 0x96, 0x69, 0x69, 0x96,
        0x96, 0x69, 0x69, 0x96, 0x69, 0x96, 0x96, 0x69, 0x69, 0x96, 0x96, 0x69,
        0x96, 0x69, 0x69, 0x96, 0x96, 0x69, 0x69, 0x96, 0x69, 0x96, 0x96, 0x69,
        0x69, 0x96, 0x96, 0x69, 0x96, 0x69, 0x69, 0x96, 0x96, 0x69, 0x69, 0x96,
        0x69, 0x96, 0x96, 0x69, 0x69, 0x96, 0x96, 0x69, 0x96, 0x69, 0x69, 0x96,
        0xaa, 0x55, 0x55, 0xaa, 0xaa, 0x55, 0x55, 0xaa, 0x55, 0xaa, 0xaa, 0x55,
        0x55, 0xaa, 0xaa, 0x55, 0xaa, 0x55, 0x55, 0xaa, 0xaa, 0x55, 0x55, 0xaa,
        0x55, 0xaa, 0xaa, 0x55, 0x55, 0xaa, 0xaa, 0x55, 0xaa, 0x55, 0x55, 0xaa,
        0xaa, 0x55, 0x55, 0xaa, 0x55, 0xaa, 0xaa, 0x55, 0x55, 0xaa, 0xaa, 0x55,
        0xaa, 0x55, 0x55, 0xaa, 0xaa, 0x55, 0x55, 0xaa, 0x55, 0xaa, 0xaa, 0x55,
        0x55, 0xaa, 0xaa, 0x55, 0xaa, 0x55, 0x55, 0xaa, 0xaa, 0x55, 0x55, 0xaa,
        0x55, 0xaa, 0xaa, 0x55, 0x55, 0xaa, 0xaa, 0x55, 0x5a, 0x5a, 0xa5, 0xa5,
        0x5a, 0x5a, 0xa5, 0xa5, 0x5a, 0x5a, 0xa5, 0xa5, 0x5a, 0x5a, 0xa5, 0xa5,
        0x5a, 0x5a, 0xa5, 0xa5, 0x5a, 0x5a, 0xa5, 0xa5, 0x5a, 0x5a, 0xa5, 0xa5,
        0x5a, 0x5a, 0xa5, 0xa5, 0x5a, 0x5a, 0xa5, 0xa5, 0x5a, 0x5a, 0xa5, 0xa5,
        0x5a, 0x5a, 0xa5, 0xa5, 0x5a, 0x5a, 0xa5, 0xa5, 0x5a, 0x5a, 0xa5, 0xa5,
        0x5a, 0x5a, 0xa5, 0xa5, 0x5a, 0x5a, 0xa5, 0xa5, 0x5a, 0x5a, 0xa5, 0xa5,
        0x5a, 0x5a, 0xa5, 0xa5, 0x5a, 0x5a, 0xa5, 0xa5, 0x5a, 0x5a, 0xa5, 0xa5,
        0x5a, 0x5a, 0xa5, 0xa5, 0x55, 0xaa, 0xaa, 0x55, 0x55, 0xaa, 0xaa, 0x55,
        0xaa, 0x55, 0x55, 0xaa, 0xaa, 0x55, 0x55, 0xaa, 0x55, 0xaa, 0xaa, 0x55,
        0x55, 0xaa, 0xaa, 0x55, 0xaa, 0x55, 0x55, 0xaa, 0xaa, 0x55, 0x55, 0xaa,
        0x55, 0xaa, 0xaa, 0x55, 0x55, 0xaa, 0xaa, 0x55, 0xaa, 0x55, 0x55, 0xaa,
        0xaa, 0x55, 0x55, 0xaa, 0x55, 0xaa, 0xaa, 0x55, 0x55, 0xaa, 0xaa, 0x55,
        0xaa, 0x55, 0x55, 0xaa, 0xaa, 0x55, 0x55, 0xaa, 0x55, 0xaa, 0xaa, 0x55,
        0x55, 0xaa, 0xaa, 0x55, 0xaa, 0x55, 0x55, 0xaa, 0xaa, 0x55, 0x55, 0xaa,
        0xff, 0xff, 0xff, 0xff, 0x00, 0x00, 0x00, 0x00, 0x00, 0x00, 0x00, 0x00,
        0xff, 0xff, 0xff, 0xff, 0xff, 0xff, 0xff, 0xff, 0x00, 0x00, 0x00, 0x00,
        0x00, 0x00, 0x00, 0x00, 0xff, 0xff, 0xff, 0xff, 0xff, 0xff, 0xff, 0xff,
        0x00, 0x00, 0x00, 0x00, 0x00, 0x00, 0x00, 0x00, 0xff, 0xff, 0xff, 0xff,
        0xff, 0xff, 0xff, 0xff, 0x00, 0x00, 0x00, 0x00, 0x00, 0x00, 0x00, 0x00,
        0xff, 0xff, 0xff, 0xff, 0xff, 0xff, 0xff, 0xff, 0x00, 0x00, 0x00, 0x00,
        0x00, 0x00, 0x00, 0x00, 0xff, 0xff, 0xff, 0xff, 0x55, 0xaa, 0x55, 0xaa,
        0x55, 0xaa, 0x55, 0xaa, 0x55, 0xaa, 0x55, 0xaa, 0x55, 0xaa, 0x55, 0xaa,
        0x55, 0xaa, 0x55, 0xaa, 0x55, 0xaa, 0x55, 0xaa, 0x55, 0xaa, 0x55, 0xaa,
        0x55, 0xaa, 0x55, 0xaa, 0x55, 0xaa, 0x55, 0xaa, 0x55, 0xaa, 0x55, 0xaa,
        0x55, 0xaa, 0x55, 0xaa, 0x55, 0xaa, 0x55, 0xaa, 0x55, 0xaa, 0x55, 0xaa,
        0x55, 0xaa, 0x55, 0xaa, 0x55, 0xaa, 0x55, 0xaa, 0x55, 0xaa, 0x55, 0xaa,
        0x55, 0xaa, 0x55, 0xaa, 0x55, 0xaa, 0x55, 0xaa, 0x55, 0xaa, 0x55, 0xaa,
        0x55, 0xaa, 0x55, 0xaa, 0xcc, 0x33, 0xcc, 0x33, 0xcc, 0x33, 0xcc, 0x33,
        0x33, 0xcc, 0x33, 0xcc, 0x33, 0xcc, 0x33, 0xcc, 0xcc, 0x33, 0xcc, 0x33,
        0xcc, 0x33, 0xcc, 0x33, 0x33, 0xcc, 0x33, 0xcc, 0x33, 0xcc, 0x33, 0xcc,
        0xcc, 0x33, 0xcc, 0x33, 0xcc, 0x33, 0xcc, 0x33, 0x33, 0xcc, 0x33, 0xcc,
        0x33, 0xcc, 0x33, 0xcc, 0xcc, 0x33, 0xcc, 0x33, 0xcc, 0x33, 0xcc, 0x33,
        0x33, 0xcc, 0x33, 0xcc, 0x33, 0xcc, 0x33, 0xcc, 0xcc, 0x33, 0xcc, 0x33,
        0xcc, 0x33, 0xcc, 0x33, 0x33, 0xcc, 0x33, 0xcc, 0x33, 0xcc, 0x33, 0xcc,
        0xaa, 0xaa, 0xaa, 0xaa, 0x55, 0x55, 0x55, 0x55, 0x55, 0x55, 0x55, 0x55,
        0xaa, 0xaa, 0xaa, 0xaa, 0xaa, 0xaa, 0xaa, 0xaa, 0x55, 0x55, 0x55, 0x55,
        0x55, 0x55, 0x55, 0x55, 0xaa, 0xaa, 0xaa, 0xaa, 0xaa, 0xaa, 0xaa, 0xaa,
        0x55, 0x55, 0x55, 0x55, 0x55, 0x55, 0x55, 0x55, 0xaa, 0xaa, 0xaa, 0xaa,
        0xaa, 0xaa, 0xaa, 0xaa, 0x55, 0x55, 0x55, 0x55, 0x55, 0x55, 0x55, 0x55,
        0xaa, 0xaa, 0xaa, 0xaa, 0xaa, 0xaa, 0xaa, 0xaa, 0x55, 0x55, 0x55, 0x55,
        0x55, 0x55, 0x55, 0x55, 0xaa, 0xaa, 0xaa, 0xaa, 0x96, 0x69, 0x69, 0x96,
        0x96, 0x69, 0x69, 0x96, 0x96, 0x69, 0x69, 0x96, 0x96, 0x69, 0x69, 0x96,
        0x96, 0x69, 0x69, 0x96, 0x96, 0x69, 0x69, 0x96, 0x96, 0x69, 0x69, 0x96,
        0x96, 0x69, 0x69, 0x96, 0x96, 0x69, 0x69, 0x96, 0x96, 0x69, 0x69, 0x96,
        0x96, 0x69, 0x69, 0x96, 0x96, 0x69, 0x69, 0x96, 0x96, 0x69, 0x69, 0x96,
        0x96, 0x69, 0x69, 0x96, 0x96, 0x69, 0x69, 0x96, 0x96, 0x69, 0x69, 0x96,
        0x96, 0x69, 0x69, 0x96, 0x96, 0x69, 0x69, 0x96, 0x96, 0x69, 0x69, 0x96,
        0x96, 0x69, 0x69, 0x96, 0x5a, 0x5a, 0x5a, 0x5a, 0xa5, 0xa5, 0xa5, 0xa5,
        0xa5, 0xa5, 0xa5, 0xa5, 0x5a, 0x5a, 0x5a, 0x5a, 0x5a, 0x5a, 0x5a, 0x5a,
        0xa5, 0xa5, 0xa5, 0xa5, 0xa5, 0xa5, 0xa5, 0xa5, 0x5a, 0x5a, 0x5a, 0x5a,
        0x5a, 0x5a, 0x5a, 0x5a, 0xa5, 0xa5, 0xa5, 0xa5, 0xa5, 0xa5, 0xa5, 0xa5,
        0x5a, 0x5a, 0x5a, 0x5a, 0x5a, 0x5a, 0x5a, 0x5a, 0xa5, 0xa5, 0xa5, 0xa5,
        0xa5, 0xa5, 0xa5, 0xa5, 0x5a, 0x5a, 0x5a, 0x5a, 0x5a, 0x5a, 0x5a, 0x5a,
        0xa5, 0xa5, 0xa5, 0xa5, 0xa5, 0xa5, 0xa5, 0xa5, 0x5a, 0x5a, 0x5a, 0x5a,
        0x66, 0x99, 0x66, 0x99, 0x66, 0x99, 0x66, 0x99, 0x66, 0x99, 0x66, 0x99,
        0x66, 0x99, 0x66, 0x99, 0x66, 0x99, 0x66, 0x99, 0x66, 0x99, 0x66, 0x99,
        0x66, 0x99, 0x66, 0x99, 0x66, 0x99, 0x66, 0x99, 0x66, 0x99, 0x66, 0x99,
        0x66, 0x99, 0x66, 0x99, 0x66, 0x99, 0x66, 0x99, 0x66, 0x99, 0x66, 0x99,
        0x66, 0x99, 0x66, 0x99, 0x66, 0x99, 0x66, 0x99, 0x66, 0x99, 0x66, 0x99,
        0x66, 0x99, 0x66, 0x99, 0x66, 0x99, 0x66, 0x99, 0x66, 0x99, 0x66, 0x99,
        0x66, 0x99, 0x66, 0x99, 0x66, 0x99, 0x66, 0x99, 0x7b, 0x97, 0x99, 0x49,
        0x58, 0xd4, 0x3a, 0xf2, 0xe3, 0xef, 0x01, 0xc1, 0xd0, 0x5c, 0xb2, 0x7a,
        0x6b, 0x67, 0x89, 0x59, 0x28, 0xc4, 0x0a, 0xe2, 0x13, 0xff, 0x31, 0xd1,
        0xa0, 0x4c, 0x82, 0x6a, 0x9b, 0x77, 0xb9, 0x29, 0x38, 0xf4, 0x1a, 0x12,
        0x03, 0xcf, 0x21, 0xa1, 0xb0, 0x7c, 0x92, 0x9a, 0x8b, 0x47, 0xa9, 0x39,
        0x08, 0xe4, 0xea, 0x02, 0x33, 0xdf, 0x51, 0xb1, 0x80, 0x6c, 0x62, 0x8a,
        0xbb, 0x57, 0xd9, 0x09, 0x18, 0x14, 0xfa, 0x32, 0x23, 0xaf, 0x41, 0x81,
        0x90, 0x9c, 0x72, 0xba, 0x99, 0x99, 0x99, 0x99, 0x99, 0x99, 0x99, 0x99,
        0x99, 0x99, 0x99, 0x99, 0x99, 0x99, 0x99, 0x99, 0x99, 0x99, 0x99, 0x99,
        0x99, 0x99, 0x99, 0x99, 0x99, 0x99, 0x99, 0x99, 0x99, 0x99, 0x99, 0x99,
        0x99, 0x99, 0x99, 0x99, 0x99, 0x99, 0x99, 0x99, 0x99, 0x99, 0x99, 0x99,
        0x99, 0x99, 0x99, 0x99, 0x99, 0x99, 0x99, 0x99, 0x99, 0x99, 0x99, 0x99,
        0x99, 0x99, 0x99, 0x99, 0x99, 0x99, 0x99, 0x99, 0x99, 0x99, 0x99, 0x99,
        0x99, 0x99, 0x99, 0x99, 0x99, 0x99, 0x99, 0x99, 0x99, 0x99, 0x99, 0x99,
        0xaa, 0x55, 0xaa, 0x55, 0xaa, 0x55, 0xaa, 0x55, 0x55, 0xaa, 0x55, 0xaa,
        0x55, 0xaa, 0x55, 0xaa, 0xaa, 0x55, 0xaa, 0x55, 0xaa, 0x55, 0xaa, 0x55,
        0x55, 0xaa, 0x55, 0xaa, 0x55, 0xaa, 0x55, 0xaa, 0xaa, 0x55, 0xaa, 0x55,
        0xaa, 0x55, 0xaa, 0x55, 0x55, 0xaa, 0x55, 0xaa, 0x55, 0xaa, 0x55, 0xaa,
        0xaa, 0x55, 0xaa, 0x55, 0xaa, 0x55, 0xaa, 0x55, 0x55, 0xaa, 0x55, 0xaa,
        0x55, 0xaa, 0x55, 0xaa, 0xaa, 0x55, 0xaa, 0x55, 0xaa, 0x55, 0xaa, 0x55,
        0x55, 0xaa, 0x55, 0xaa, 0x55, 0xaa, 0x55, 0xaa, 0x96, 0x69, 0x96, 0x69,
        0x96, 0x69, 0x96, 0x69, 0x69, 0x96, 0x69, 0x96, 0x69, 0x96, 0x69, 0x96,
        0x96, 0x69, 0x96, 0x69, 0x96, 0x69, 0x96, 0x69, 0x69, 0x96, 0x69, 0x96,
        0x69, 0x96, 0x69, 0x96, 0x96, 0x69, 0x96, 0x69, 0x96, 0x69, 0x96, 0x69,
        0x69, 0x96, 0x69, 0x96, 0x69, 0x96, 0x69, 0x96, 0x96, 0x69, 0x96, 0x69,
        0x96, 0x69, 0x96, 0x69, 0x69, 0x96, 0x69, 0x96, 0x69, 0x96, 0x69, 0x96,
        0x96, 0x69, 0x96, 0x69, 0x96, 0x69, 0x96, 0x69, 0x69, 0x96, 0x69, 0x96,
        0x69, 0x96, 0x69, 0x96, 0xcc, 0x33, 0xcc, 0x33, 0xcc, 0x33, 0xcc, 0x33,
        0xcc, 0x33, 0xcc, 0x33, 0xcc, 0x33, 0xcc, 0x33, 0xcc, 0x33, 0xcc, 0x33,
        0xcc, 0x33, 0xcc, 0x33, 0xcc, 0x33, 0xcc, 0x33, 0xcc, 0x33, 0xcc, 0x33,
        0xcc, 0x33, 0xcc, 0x33, 0xcc, 0x33, 0xcc, 0x33, 0xcc, 0x33, 0xcc, 0x33,
        0xcc, 0x33, 0xcc, 0x33, 0xcc, 0x33, 0xcc, 0x33, 0xcc, 0x33, 0xcc, 0x33,
        0xcc, 0x33, 0xcc, 0x33, 0xcc, 0x33, 0xcc, 0x33, 0xcc, 0x33, 0xcc, 0x33,
        0xcc, 0x33, 0xcc, 0x33, 0xcc, 0x33, 0xcc, 0x33, 0xcc, 0x33, 0xcc, 0x33,
        0xaa, 0xaa, 0x55, 0x55, 0x55, 0x55, 0xaa, 0xaa, 0x55, 0x55, 0xaa, 0xaa,
        0xaa, 0xaa, 0x55, 0x55, 0xaa, 0xaa, 0x55, 0x55, 0x55, 0x55, 0xaa, 0xaa,
        0x55, 0x55, 0xaa, 0xaa, 0xaa, 0xaa, 0x55, 0x55, 0xaa, 0xaa, 0x55, 0x55,
        0x55, 0x55, 0xaa, 0xaa, 0x55, 0x55, 0xaa, 0xaa, 0xaa, 0xaa, 0x55, 0x55,
        0xaa, 0xaa, 0x55, 0x55, 0x55, 0x55, 0xaa, 0xaa, 0x55, 0x55, 0xaa, 0xaa,
        0xaa, 0xaa, 0x55, 0x55, 0xaa, 0xaa, 0x55, 0x55, 0x55, 0x55, 0xaa, 0xaa,
        0x55, 0x55, 0xaa, 0xaa, 0xaa, 0xaa, 0x55, 0x55, 0xcc, 0x33, 0x33, 0xcc,
        0xcc, 0x33, 0x33, 0xcc, 0x33, 0xcc, 0xcc, 0x33, 0x33, 0xcc, 0xcc, 0x33,
        0xcc, 0x33, 0x33, 0xcc, 0xcc, 0x33, 0x33, 0xcc, 0x33, 0xcc, 0xcc, 0x33,
        0x33, 0xcc, 0xcc, 0x33, 0xcc, 0x33, 0x33, 0xcc, 0xcc, 0x33, 0x33, 0xcc,
        0x33, 0xcc, 0xcc, 0x33, 0x33, 0xcc, 0xcc, 0x33, 0xcc, 0x33, 0x33, 0xcc,
        0xcc, 0x33, 0x33, 0xcc, 0x33, 0xcc, 0xcc, 0x33, 0x33, 0xcc, 0xcc, 0x33,
        0xcc, 0x33, 0x33, 0xcc, 0xcc, 0x33, 0x33, 0xcc, 0x33, 0xcc, 0xcc, 0x33,
        0x33, 0xcc, 0xcc, 0x33, 0x55, 0x55, 0xaa, 0xaa, 0xaa, 0xaa, 0x55, 0x55,
        0x55, 0x55, 0xaa, 0xaa, 0xaa, 0xaa, 0x55, 0x55, 0x55, 0x55, 0xaa, 0xaa,
        0xaa, 0xaa, 0x55, 0x55, 0x55, 0x55, 0xaa, 0xaa, 0xaa, 0xaa, 0x55, 0x55,
        0x55, 0x55, 0xaa, 0xaa, 0xaa, 0xaa, 0x55, 0x55, 0x55, 0x55, 0xaa, 0xaa,
        0xaa, 0xaa, 0x55, 0x55, 0x55, 0x55, 0xaa, 0xaa, 0xaa, 0xaa, 0x55, 0x55,
        0x55, 0x55, 0xaa, 0xaa, 0xaa, 0xaa, 0x55, 0x55, 0x55, 0x55, 0xaa, 0xaa,
        0xaa, 0xaa, 0x55, 0x55, 0x55, 0x55, 0xaa, 0xaa, 0xaa, 0xaa, 0x55, 0x55,
        0x69, 0x96, 0x96, 0x69, 0x69, 0x96, 0x96, 0x69, 0x69, 0x96, 0x96, 0x69,
        0x69, 0x96, 0x96, 0x69, 0x69, 0x96, 0x96, 0x69, 0x69, 0x96, 0x96, 0x69,
        0x69, 0x96, 0x96, 0x69, 0x69, 0x96, 0x96, 0x69, 0x69, 0x96, 0x96, 0x69,
        0x69, 0x96, 0x96, 0x69, 0x69, 0x96, 0x96, 0x69, 0x69, 0x96, 0x96, 0x69,
        0x69, 0x96, 0x96, 0x69, 0x69, 0x96, 0x96, 0x69, 0x69, 0x96, 0x96, 0x69,
        0x69, 0x96, 0x96, 0x69, 0x69, 0x96, 0x96, 0x69, 0x69, 0x96, 0x96, 0x69,
        0x69, 0x96, 0x96, 0x69, 0x69, 0x96, 0x96, 0x69, 0xaa, 0xaa, 0xaa, 0xaa,
        0xaa, 0xaa, 0xaa, 0xaa, 0xaa, 0xaa, 0xaa, 0xaa, 0xaa, 0xaa, 0xaa, 0xaa,
        0xaa, 0xaa, 0xaa, 0xaa, 0xaa, 0xaa, 0xaa, 0xaa, 0xaa, 0xaa, 0xaa, 0xaa,
        0xaa, 0xaa, 0xaa, 0xaa, 0xaa, 0xaa, 0xaa, 0xaa, 0xaa, 0xaa, 0xaa, 0xaa,
        0xaa, 0xaa, 0xaa, 0xaa, 0xaa, 0xaa, 0xaa, 0xaa, 0xaa, 0xaa, 0xaa, 0xaa,
        0xaa, 0xaa, 0xaa, 0xaa, 0xaa, 0xaa, 0xaa, 0xaa, 0xaa, 0xaa, 0xaa, 0xaa,
        0xaa, 0xaa, 0xaa, 0xaa, 0xaa, 0xaa, 0xaa, 0xaa, 0xaa, 0xaa, 0xaa, 0xaa,
        0xaa, 0xaa, 0xaa, 0xaa, 0x3c, 0x3c, 0x3c, 0x3c, 0x3c, 0x3c, 0x3c, 0x3c,
        0x3c, 0x3c, 0x3c, 0x3c, 0x3c, 0x3c, 0x3c, 0x3c, 0x3c, 0x3c, 0x3c, 0x3c,
        0x3c, 0x3c, 0x3c, 0x3c, 0x3c, 0x3c, 0x3c, 0x3c, 0x3c, 0x3c, 0x3c, 0x3c,
        0x3c, 0x3c, 0x3c, 0x3c, 0x3c, 0x3c, 0x3c, 0x3c, 0x3c, 0x3c, 0x3c, 0x3c,
        0x3c, 0x3c, 0x3c, 0x3c, 0x3c, 0x3c, 0x3c, 0x3c, 0x3c, 0x3c, 0x3c, 0x3c,
        0x3c, 0x3c, 0x3c, 0x3c, 0x3c, 0x3c, 0x3c, 0x3c, 0x3c, 0x3c, 0x3c, 0x3c,
        0x3c, 0x3c, 0x3c, 0x3c, 0x3c, 0x3c, 0x3c, 0x3c, 0x3c, 0x3c, 0x3c, 0x3c,
        0x55, 0x55, 0x55, 0x55, 0xaa, 0xaa, 0xaa, 0xaa, 0xaa, 0xaa, 0xaa, 0xaa,
        0x55, 0x55, 0x55, 0x55, 0x55, 0x55, 0x55, 0x55, 0xaa, 0xaa, 0xaa, 0xaa,
        0xaa, 0xaa, 0xaa, 0xaa, 0x55, 0x55, 0x55, 0x55, 0x55, 0x55, 0x55, 0x55,
        0xaa, 0xaa, 0xaa, 0xaa, 0xaa, 0xaa, 0xaa, 0xaa, 0x55, 0x55, 0x55, 0x55,
        0x55, 0x55, 0x55, 0x55, 0xaa, 0xaa, 0xaa, 0xaa, 0xaa, 0xaa, 0xaa, 0xaa,
        0x55, 0x55, 0x55, 0x55, 0x55, 0x55, 0x55, 0x55, 0xaa, 0xaa, 0xaa, 0xaa,
        0xaa, 0xaa, 0xaa, 0xaa, 0x55, 0x55, 0x55, 0x55, 0x3c, 0x3c, 0x3c, 0x3c,
        0xc3, 0xc3, 0xc3, 0xc3, 0x3c, 0x3c, 0x3c, 0x3c, 0xc3, 0xc3, 0xc3, 0xc3,
        0x3c, 0x3c, 0x3c, 0x3c, 0xc3, 0xc3, 0xc3, 0xc3, 0x3c, 0x3c, 0x3c, 0x3c,
        0xc3, 0xc3, 0xc3, 0xc3, 0x3c, 0x3c, 0x3c, 0x3c, 0xc3, 0xc3, 0xc3, 0xc3,
        0x3c, 0x3c, 0x3c, 0x3c, 0xc3, 0xc3, 0xc3, 0xc3, 0x3c, 0x3c, 0x3c, 0x3c,
        0xc3, 0xc3, 0xc3, 0xc3, 0x3c, 0x3c, 0x3c, 0x3c, 0xc3, 0xc3, 0xc3, 0xc3,
        0x3c, 0x3c, 0x3c, 0x3c, 0xc3, 0xc3, 0xc3, 0xc3, 0x3c, 0x3c, 0x3c, 0x3c,
        0xc3, 0xc3, 0xc3, 0xc3, 0x81, 0x8d, 0x9c, 0x54, 0xba, 0x36, 0x27, 0xe7,
        0xf6, 0xfa, 0xeb, 0x23, 0xcd, 0x41, 0x50, 0x80, 0x71, 0x9d, 0xac, 0x44,
        0xca, 0x26, 0x17, 0xf7, 0x06, 0xea, 0xdb, 0x33, 0xbd, 0x51, 0x60, 0x70,
        0x61, 0xad, 0xbc, 0x34, 0xda, 0x16, 0x07, 0x07, 0x16, 0xda, 0xcb, 0x43,
        0xad, 0x61, 0x70, 0x60, 0x51, 0xbd, 0xcc, 0x24, 0xea, 0x06, 0xf7, 0x17,
        0x26, 0xca, 0xbb, 0x53, 0x9d, 0x71, 0x80, 0x50, 0x41, 0xcd, 0xdc, 0x14,
        0xfa, 0xf6, 0xe7, 0x27, 0x36, 0xba, 0xab, 0x63, 0x8d, 0x81, 0x90, 0x40,
        0x55, 0x55, 0xaa, 0xaa, 0xaa, 0xaa, 0x55, 0x55, 0xaa, 0xaa, 0x55, 0x55,
        0x55, 0x55, 0xaa, 0xaa, 0x55, 0x55, 0xaa, 0xaa, 0xaa, 0xaa, 0x55, 0x55,
        0xaa, 0xaa, 0x55, 0x55, 0x55, 0x55, 0xaa, 0xaa, 0x55, 0x55, 0xaa, 0xaa,
        0xaa, 0xaa, 0x55, 0x55, 0xaa, 0xaa, 0x55, 0x55, 0x55, 0x55, 0xaa, 0xaa,
        0x55, 0x55, 0xaa, 0xaa, 0xaa, 0xaa, 0x55, 0x55, 0xaa, 0xaa, 0x55, 0x55,
        0x55, 0x55, 0xaa, 0xaa, 0x55, 0x55, 0xaa, 0xaa, 0xaa, 0xaa, 0x55, 0x55,
        0xaa, 0xaa, 0x55, 0x55, 0x55, 0x55, 0xaa, 0xaa, 0x33, 0xcc, 0x33, 0xcc,
        0xcc, 0x33, 0xcc, 0x33, 0x33, 0xcc, 0x33, 0xcc, 0xcc, 0x33, 0xcc, 0x33,
        0x33, 0xcc, 0x33, 0xcc, 0xcc, 0x33, 0xcc, 0x33, 0x33, 0xcc, 0x33, 0xcc,
        0xcc, 0x33, 0xcc, 0x33, 0x33, 0xcc, 0x33, 0xcc, 0xcc, 0x33, 0xcc, 0x33,
        0x33, 0xcc, 0x33, 0xcc, 0xcc, 0x33, 0xcc, 0x33, 0x33, 0xcc, 0x33, 0xcc,
        0xcc, 0x33, 0xcc, 0x33, 0x33, 0xcc, 0x33, 0xcc, 0xcc, 0x33, 0xcc, 0x33,
        0x33, 0xcc, 0x33, 0xcc, 0xcc, 0x33, 0xcc, 0x33, 0x33, 0xcc, 0x33, 0xcc,
        0xcc, 0x33, 0xcc, 0x33, 0xa5, 0x5a, 0xa5, 0x5a, 0xa5, 0x5a, 0xa5, 0x5a,
        0xa5, 0x5a, 0xa5, 0x5a, 0xa5, 0x5a, 0xa5, 0x5a, 0xa5, 0x5a, 0xa5, 0x5a,
        0xa5, 0x5a, 0xa5, 0x5a, 0xa5, 0x5a, 0xa5, 0x5a, 0xa5, 0x5a, 0xa5, 0x5a,
        0xa5, 0x5a, 0xa5, 0x5a, 0xa5, 0x5a, 0xa5, 0x5a, 0xa5, 0x5a, 0xa5, 0x5a,
        0xa5, 0x5a, 0xa5, 0x5a, 0xa5, 0x5a, 0xa5, 0x5a, 0xa5, 0x5a, 0xa5, 0x5a,
        0xa5, 0x5a, 0xa5, 0x5a, 0xa5, 0x5a, 0xa5, 0x5a, 0xa5, 0x5a, 0xa5, 0x5a,
        0xa5, 0x5a, 0xa5, 0x5a, 0xa5, 0x5a, 0xa5, 0x5a, 0xa5, 0x5a, 0xa5, 0x5a,
        0x00, 0x00, 0x00, 0x00, 0xff, 0xff, 0xff, 0xff, 0xff, 0xff, 0xff, 0xff,
        0x00, 0x00, 0x00, 0x00, 0x00, 0x00, 0x00, 0x00, 0xff, 0xff, 0xff, 0xff,
        0xff, 0xff, 0xff, 0xff, 0x00, 0x00, 0x00, 0x00, 0x00, 0x00, 0x00, 0x00,
        0xff, 0xff, 0xff, 0xff, 0xff, 0xff, 0xff, 0xff, 0x00, 0x00, 0x00, 0x00,
        0x00, 0x00, 0x00, 0x00, 0xff, 0xff, 0xff, 0xff, 0xff, 0xff, 0xff, 0xff,
        0x00, 0x00, 0x00, 0x00, 0x00, 0x00, 0x00, 0x00, 0xff, 0xff, 0xff, 0xff,
        0xff, 0xff, 0xff, 0xff, 0x00, 0x00, 0x00, 0x00, 0x3c, 0x3c, 0x3c, 0x3c,
        0xc3, 0xc3, 0xc3, 0xc3, 0xc3, 0xc3, 0xc3, 0xc3, 0x3c, 0x3c, 0x3c, 0x3c,
        0x3c, 0x3c, 0x3c, 0x3c, 0xc3, 0xc3, 0xc3, 0xc3, 0xc3, 0xc3, 0xc3, 0xc3,
        0x3c, 0x3c, 0x3c, 0x3c, 0x3c, 0x3c, 0x3c, 0x3c, 0xc3, 0xc3, 0xc3, 0xc3,
        0xc3, 0xc3, 0xc3, 0xc3, 0x3c, 0x3c, 0x3c, 0x3c, 0x3c, 0x3c, 0x3c, 0x3c,
        0xc3, 0xc3, 0xc3, 0xc3, 0xc3, 0xc3, 0xc3, 0xc3, 0x3c, 0x3c, 0x3c, 0x3c,
        0x3c, 0x3c, 0x3c, 0x3c, 0xc3, 0xc3, 0xc3, 0xc3, 0xc3, 0xc3, 0xc3, 0xc3,
        0x3c, 0x3c, 0x3c, 0x3c, 0x96, 0x96, 0x69, 0x69, 0x69, 0x69, 0x96, 0x96,
        0x96, 0x96, 0x69, 0x69, 0x69, 0x69, 0x96, 0x96, 0x96, 0x96, 0x69, 0x69,
        0x69, 0x69, 0x96, 0x96, 0x96, 0x96, 0x69, 0x69, 0x69, 0x69, 0x96, 0x96,
        0x96, 0x96, 0x69, 0x69, 0x69, 0x69, 0x96, 0x96, 0x96, 0x96, 0x69, 0x69,
        0x69, 0x69, 0x96, 0x96, 0x96, 0x96, 0x69, 0x69, 0x69, 0x69, 0x96, 0x96,
        0x96, 0x96, 0x69, 0x69, 0x69, 0x69, 0x96, 0x96, 0x96, 0x96, 0x69, 0x69,
        0x69, 0x69, 0x96, 0x96, 0x96, 0x96, 0x69, 0x69, 0x69, 0x69, 0x96, 0x96,
        0x5a, 0xa5, 0x5a, 0xa5, 0x5a, 0xa5, 0x5a, 0xa5, 0xa5, 0x5a, 0xa5, 0x5a,
        0xa5, 0x5a, 0xa5, 0x5a, 0x5a, 0xa5, 0x5a, 0xa5, 0x5a, 0xa5, 0x5a, 0xa5,
        0xa5, 0x5a, 0xa5, 0x5a, 0xa5, 0x5a, 0xa5, 0x5a, 0x5a, 0xa5, 0x5a, 0xa5,
        0x5a, 0xa5, 0x5a, 0xa5, 0xa5, 0x5a, 0xa5, 0x5a, 0xa5, 0x5a, 0xa5, 0x5a,
        0x5a, 0xa5, 0x5a, 0xa5, 0x5a, 0xa5, 0x5a, 0xa5, 0xa5, 0x5a, 0xa5, 0x5a,
        0xa5, 0x5a, 0xa5, 0x5a, 0x5a, 0xa5, 0x5a, 0xa5, 0x5a, 0xa5, 0x5a, 0xa5,
        0xa5, 0x5a, 0xa5, 0x5a, 0xa5, 0x5a, 0xa5, 0x5a, 0x33, 0x33, 0xcc, 0xcc,
        0xcc, 0xcc, 0x33, 0x33, 0x33, 0x33, 0xcc, 0xcc, 0xcc, 0xcc, 0x33, 0x33,
        0x33, 0x33, 0xcc, 0xcc, 0xcc, 0xcc, 0x33, 0x33, 0x33, 0x33, 0xcc, 0xcc,
        0xcc, 0xcc, 0x33, 0x33, 0x33, 0x33, 0xcc, 0xcc, 0xcc, 0xcc, 0x33, 0x33,
        0x33, 0x33, 0xcc, 0xcc, 0xcc, 0xcc, 0x33, 0x33, 0x33, 0x33, 0xcc, 0xcc,
        0xcc, 0xcc, 0x33, 0x33, 0x33, 0x33, 0xcc, 0xcc, 0xcc, 0xcc, 0x33, 0x33,
        0x33, 0x33, 0xcc, 0xcc, 0xcc, 0xcc, 0x33, 0x33, 0x33, 0x33, 0xcc, 0xcc,
        0xcc, 0xcc, 0x33, 0x33, 0x00, 0xff, 0x00, 0xff, 0xff, 0x00, 0xff, 0x00,
        0xff, 0x00, 0xff, 0x00, 0x00, 0xff, 0x00, 0xff, 0x00, 0xff, 0x00, 0xff,
        0xff, 0x00, 0xff, 0x00, 0xff, 0x00, 0xff, 0x00, 0x00, 0xff, 0x00, 0xff,
        0x00, 0xff, 0x00, 0xff, 0xff, 0x00, 0xff, 0x00, 0xff, 0x00, 0xff, 0x00,
        0x00, 0xff, 0x00, 0xff, 0x00, 0xff, 0x00, 0xff, 0xff, 0x00, 0xff, 0x00,
        0xff, 0x00, 0xff, 0x00, 0x00, 0xff, 0x00, 0xff, 0x00, 0xff, 0x00, 0xff,
        0xff, 0x00, 0xff, 0x00, 0xff, 0x00, 0xff, 0x00, 0x00, 0xff, 0x00, 0xff,
        0xaa, 0xaa, 0x55, 0x55, 0x55, 0x55, 0xaa, 0xaa, 0x55, 0x55, 0xaa, 0xaa,
        0xaa, 0xaa, 0x55, 0x55, 0xaa, 0xaa, 0x55, 0x55, 0x55, 0x55, 0xaa, 0xaa,
        0x55, 0x55, 0xaa, 0xaa, 0xaa, 0xaa, 0x55, 0x55, 0xaa, 0xaa, 0x55, 0x55,
        0x55, 0x55, 0xaa, 0xaa, 0x55, 0x55, 0xaa, 0xaa, 0xaa, 0xaa, 0x55, 0x55,
        0xaa, 0xaa, 0x55, 0x55, 0x55, 0x55, 0xaa, 0xaa, 0x55, 0x55, 0xaa, 0xaa,
        0xaa, 0xaa, 0x55, 0x55, 0xaa, 0xaa, 0x55, 0x55, 0x55, 0x55, 0xaa, 0xaa,
        0x55, 0x55, 0xaa, 0xaa, 0xaa, 0xaa, 0x55, 0x55, 0x3c, 0xc3, 0x3c, 0xc3,
        0xc3, 0x3c, 0xc3, 0x3c, 0x3c, 0xc3, 0x3c, 0xc3, 0xc3, 0x3c, 0xc3, 0x3c,
        0x3c, 0xc3, 0x3c, 0xc3, 0xc3, 0x3c, 0xc3, 0x3c, 0x3c, 0xc3, 0x3c, 0xc3,
        0xc3, 0x3c, 0xc3, 0x3c, 0x3c, 0xc3, 0x3c, 0xc3, 0xc3, 0x3c, 0xc3, 0x3c,
        0x3c, 0xc3, 0x3c, 0xc3, 0xc3, 0x3c, 0xc3, 0x3c, 0x3c, 0xc3, 0x3c, 0xc3,
        0xc3, 0x3c, 0xc3, 0x3c, 0x3c, 0xc3, 0x3c, 0xc3, 0xc3, 0x3c, 0xc3, 0x3c,
        0x3c, 0xc3, 0x3c, 0xc3, 0xc3, 0x3c, 0xc3, 0x3c, 0x3c, 0xc3, 0x3c, 0xc3,
        0xc3, 0x3c, 0xc3, 0x3c, 0x55, 0x55, 0x55, 0x55, 0xaa, 0xaa, 0xaa, 0xaa,
        0xaa, 0xaa, 0xaa, 0xaa, 0x55, 0x55, 0x55, 0x55, 0x55, 0x55, 0x55, 0x55,
        0xaa, 0xaa, 0xaa, 0xaa, 0xaa, 0xaa, 0xaa, 0xaa, 0x55, 0x55, 0x55, 0x55,
        0x55, 0x55, 0x55, 0x55, 0xaa, 0xaa, 0xaa, 0xaa, 0xaa, 0xaa, 0xaa, 0xaa,
        0x55, 0x55, 0x55, 0x55, 0x55, 0x55, 0x55, 0x55, 0xaa, 0xaa, 0xaa, 0xaa,
        0xaa, 0xaa, 0xaa, 0xaa, 0x55, 0x55, 0x55, 0x55, 0x55, 0x55, 0x55, 0x55,
        0xaa, 0xaa, 0xaa, 0xaa, 0xaa, 0xaa, 0xaa, 0xaa, 0x55, 0x55, 0x55, 0x55,
        0x3c, 0xc3, 0xc3, 0x3c, 0xc3, 0x3c, 0x3c, 0xc3, 0xc3, 0x3c, 0x3c, 0xc3,
        0x3c, 0xc3, 0xc3, 0x3c, 0x3c, 0xc3, 0xc3, 0x3c, 0xc3, 0x3c, 0x3c, 0xc3,
        0xc3, 0x3c, 0x3c, 0xc3, 0x3c, 0xc3, 0xc3, 0x3c, 0x3c, 0xc3, 0xc3, 0x3c,
        0xc3, 0x3c, 0x3c, 0xc3, 0xc3, 0x3c, 0x3c, 0xc3, 0x3c, 0xc3, 0xc3, 0x3c,
        0x3c, 0xc3, 0xc3, 0x3c, 0xc3, 0x3c, 0x3c, 0xc3, 0xc3, 0x3c, 0x3c, 0xc3,
        0x3c, 0xc3, 0xc3, 0x3c, 0x3c, 0xc3, 0xc3, 0x3c, 0xc3, 0x3c, 0x3c, 0xc3,
        0xc3, 0x3c, 0x3c, 0xc3, 0x3c, 0xc3, 0xc3, 0x3c, 0x5a, 0x5a, 0x5a, 0x5a,
        0x5a, 0x5a, 0x5a, 0x5a, 0xa5, 0xa5, 0xa5, 0xa5, 0xa5, 0xa5, 0xa5, 0xa5,
        0x5a, 0x5a, 0x5a, 0x5a, 0x5a, 0x5a, 0x5a, 0x5a, 0xa5, 0xa5, 0xa5, 0xa5,
        0xa5, 0xa5, 0xa5, 0xa5, 0x5a, 0x5a, 0x5a, 0x5a, 0x5a, 0x5a, 0x5a, 0x5a,
        0xa5, 0xa5, 0xa5, 0xa5, 0xa5, 0xa5, 0xa5, 0xa5, 0x5a, 0x5a, 0x5a, 0x5a,
        0x5a, 0x5a, 0x5a, 0x5a, 0xa5, 0xa5, 0xa5, 0xa5, 0xa5, 0xa5, 0xa5, 0xa5,
        0x5a, 0x5a, 0x5a, 0x5a, 0x5a, 0x5a, 0x5a, 0x5a, 0xa5, 0xa5, 0xa5, 0xa5,
        0xa5, 0xa5, 0xa5, 0xa5, 0x55, 0xaa, 0x55, 0xaa, 0x55, 0xaa, 0x55, 0xaa,
        0x55, 0xaa, 0x55, 0xaa, 0x55, 0xaa, 0x55, 0xaa, 0x55, 0xaa, 0x55, 0xaa,
        0x55, 0xaa, 0x55, 0xaa, 0x55, 0xaa, 0x55, 0xaa, 0x55, 0xaa, 0x55, 0xaa,
        0x55, 0xaa, 0x55, 0xaa, 0x55, 0xaa, 0x55, 0xaa, 0x55, 0xaa, 0x55, 0xaa,
        0x55, 0xaa, 0x55, 0xaa, 0x55, 0xaa, 0x55, 0xaa, 0x55, 0xaa, 0x55, 0xaa,
        0x55, 0xaa, 0x55, 0xaa, 0x55, 0xaa, 0x55, 0xaa, 0x55, 0xaa, 0x55, 0xaa,
        0x55, 0xaa, 0x55, 0xaa, 0x55, 0xaa, 0x55, 0xaa, 0x55, 0xaa, 0x55, 0xaa,
        0xf0, 0x0f, 0xf0, 0x0f, 0x0f, 0xf0, 0x0f, 0xf0, 0x0f, 0xf0, 0x0f, 0xf0,
        0xf0, 0x0f, 0xf0, 0x0f, 0xf0, 0x0f, 0xf0, 0x0f, 0x0f, 0xf0, 0x0f, 0xf0,
        0x0f, 0xf0, 0x0f, 0xf0, 0xf0, 0x0f, 0xf0, 0x0f, 0xf0, 0x0f, 0xf0, 0x0f,
        0x0f, 0xf0, 0x0f, 0xf0, 0x0f, 0xf0, 0x0f, 0xf0, 0xf0, 0x0f, 0xf0, 0x0f,
        0xf0, 0x0f, 0xf0, 0x0f, 0x0f, 0xf0, 0x0f, 0xf0, 0x0f, 0xf0, 0x0f, 0xf0,
        0xf0, 0x0f, 0xf0, 0x0f, 0xf0, 0x0f, 0xf0, 0x0f, 0x0f, 0xf0, 0x0f, 0xf0,
        0x0f, 0xf0, 0x0f, 0xf0, 0xf0, 0x0f, 0xf0, 0x0f, 0xcc, 0xcc, 0x33, 0x33,
        0xcc, 0xcc, 0x33, 0x33, 0xcc, 0xcc, 0x33, 0x33, 0xcc, 0xcc, 0x33, 0x33,
        0xcc, 0xcc, 0x33, 0x33, 0xcc, 0xcc, 0x33, 0x33, 0xcc, 0xcc, 0x33, 0x33,
        0xcc, 0xcc, 0x33, 0x33, 0xcc, 0xcc, 0x33, 0x33, 0xcc, 0xcc, 0x33, 0x33,
        0xcc, 0xcc, 0x33, 0x33, 0xcc, 0xcc, 0x33, 0x33, 0xcc, 0xcc, 0x33, 0x33,
        0xcc, 0xcc, 0x33, 0x33, 0xcc, 0xcc, 0x33, 0x33, 0xcc, 0xcc, 0x33, 0x33,
        0xcc, 0xcc, 0x33, 0x33, 0xcc, 0xcc, 0x33, 0x33, 0xcc, 0xcc, 0x33, 0x33,
        0xcc, 0xcc, 0x33, 0x33, 0xcc, 0xcc, 0xcc, 0xcc, 0xcc, 0xcc, 0xcc, 0xcc,
        0xcc, 0xcc, 0xcc, 0xcc, 0xcc, 0xcc, 0xcc, 0xcc, 0xcc, 0xcc, 0xcc, 0xcc,
        0xcc, 0xcc, 0xcc, 0xcc, 0xcc, 0xcc, 0xcc, 0xcc, 0xcc, 0xcc, 0xcc, 0xcc,
        0xcc, 0xcc, 0xcc, 0xcc, 0xcc, 0xcc, 0xcc, 0xcc, 0xcc, 0xcc, 0xcc, 0xcc,
        0xcc, 0xcc, 0xcc, 0xcc, 0xcc, 0xcc, 0xcc, 0xcc, 0xcc, 0xcc, 0xcc, 0xcc,
        0xcc, 0xcc, 0xcc, 0xcc, 0xcc, 0xcc, 0xcc, 0xcc, 0xcc, 0xcc, 0xcc, 0xcc,
        0xcc, 0xcc, 0xcc, 0xcc, 0xcc, 0xcc, 0xcc, 0xcc, 0xcc, 0xcc, 0xcc, 0xcc,
        0x00, 0x00, 0xff, 0xff, 0x00, 0x00, 0xff, 0xff, 0x00, 0x00, 0xff, 0xff,
        0x00, 0x00, 0xff, 0xff, 0x00, 0x00, 0xff, 0xff, 0x00, 0x00, 0xff, 0xff,
        0x00, 0x00, 0xff, 0xff, 0x00, 0x00, 0xff, 0xff, 0x00, 0x00, 0xff, 0xff,
        0x00, 0x00, 0xff, 0xff, 0x00, 0x00, 0xff, 0xff, 0x00, 0x00, 0xff, 0xff,
        0x00, 0x00, 0xff, 0xff, 0x00, 0x00, 0xff, 0xff, 0x00, 0x00, 0xff, 0xff,
        0x00, 0x00, 0xff, 0xff, 0x00, 0x00, 0xff, 0xff, 0x00, 0x00, 0xff, 0xff,
        0x00, 0x00, 0xff, 0xff, 0x00, 0x00, 0xff, 0xff, 0x69, 0x69, 0x69, 0x69,
        0x69, 0x69, 0x69, 0x69, 0x96, 0x96, 0x96, 0x96, 0x96, 0x96, 0x96, 0x96,
        0x69, 0x69, 0x69, 0x69, 0x69, 0x69, 0x69, 0x69, 0x96, 0x96, 0x96, 0x96,
        0x96, 0x96, 0x96, 0x96, 0x69, 0x69, 0x69, 0x69, 0x69, 0x69, 0x69, 0x69,
        0x96, 0x96, 0x96, 0x96, 0x96, 0x96, 0x96, 0x96, 0x69, 0x69, 0x69, 0x69,
        0x69, 0x69, 0x69, 0x69, 0x96, 0x96, 0x96, 0x96, 0x96, 0x96, 0x96, 0x96,
        0x69, 0x69, 0x69, 0x69, 0x69, 0x69, 0x69, 0x69, 0x96, 0x96, 0x96, 0x96,
        0x96, 0x96, 0x96, 0x96, 0xf0, 0xf0, 0x0f, 0x0f, 0x0f, 0x0f, 0xf0, 0xf0,
        0xf0, 0xf0, 0x0f, 0x0f, 0x0f, 0x0f, 0xf0, 0xf0, 0xf0, 0xf0, 0x0f, 0x0f,
        0x0f, 0x0f, 0xf0, 0xf0, 0xf0, 0xf0, 0x0f, 0x0f, 0x0f, 0x0f, 0xf0, 0xf0,
        0xf0, 0xf0, 0x0f, 0x0f, 0x0f, 0x0f, 0xf0, 0xf0, 0xf0, 0xf0, 0x0f, 0x0f,
        0x0f, 0x0f, 0xf0, 0xf0, 0xf0, 0xf0, 0x0f, 0x0f, 0x0f, 0x0f, 0xf0, 0xf0,
        0xf0, 0xf0, 0x0f, 0x0f, 0x0f, 0x0f, 0xf0, 0xf0, 0xf0, 0xf0, 0x0f, 0x0f,
        0x0f, 0x0f, 0xf0, 0xf0, 0xf0, 0xf0, 0x0f, 0x0f, 0x0f, 0x0f, 0xf0, 0xf0,
        0x0f, 0x0f, 0x0f, 0x0f, 0xf0, 0xf0, 0xf0, 0xf0, 0xf0, 0xf0, 0xf0, 0xf0,
        0x0f, 0x0f, 0x0f, 0x0f, 0x0f, 0x0f, 0x0f, 0x0f, 0xf0, 0xf0, 0xf0, 0xf0,
        0xf0, 0xf0, 0xf0, 0xf0, 0x0f, 0x0f, 0x0f, 0x0f, 0x0f, 0x0f, 0x0f, 0x0f,
        0xf0, 0xf0, 0xf0, 0xf0, 0xf0, 0xf0, 0xf0, 0xf0, 0x0f, 0x0f, 0x0f, 0x0f,
        0x0f, 0x0f, 0x0f, 0x0f, 0xf0, 0xf0, 0xf0, 0xf0, 0xf0, 0xf0, 0xf0, 0xf0,
        0x0f, 0x0f, 0x0f, 0x0f, 0x0f, 0x0f, 0x0f, 0x0f, 0xf0, 0xf0, 0xf0, 0xf0,
        0xf0, 0xf0, 0xf0, 0xf0, 0x0f, 0x0f, 0x0f, 0x0f, 0x33, 0x33, 0xcc, 0xcc,
        0xcc, 0xcc, 0x33, 0x33, 0xcc, 0xcc, 0x33, 0x33, 0x33, 0x33, 0xcc, 0xcc,
        0x33, 0x33, 0xcc, 0xcc, 0xcc, 0xcc, 0x33, 0x33, 0xcc, 0xcc, 0x33, 0x33,
        0x33, 0x33, 0xcc, 0xcc, 0x33, 0x33, 0xcc, 0xcc, 0xcc, 0xcc, 0x33, 0x33,
        0xcc, 0xcc, 0x33, 0x33, 0x33, 0x33, 0xcc, 0xcc, 0x33, 0x33, 0xcc, 0xcc,
        0xcc, 0xcc, 0x33, 0x33, 0xcc, 0xcc, 0x33, 0x33, 0x33, 0x33, 0xcc, 0xcc,
        0x33, 0x33, 0xcc, 0xcc, 0xcc, 0xcc, 0x33, 0x33, 0xcc, 0xcc, 0x33, 0x33,
        0x33, 0x33, 0xcc, 0xcc, 0xcc, 0xcc, 0xcc, 0xcc, 0xcc, 0xcc, 0xcc, 0xcc,
        0x33, 0x33, 0x33, 0x33, 0x33, 0x33, 0x33, 0x33, 0xcc, 0xcc, 0xcc, 0xcc,
        0xcc, 0xcc, 0xcc, 0xcc, 0x33, 0x33, 0x33, 0x33, 0x33, 0x33, 0x33, 0x33,
        0xcc, 0xcc, 0xcc, 0xcc, 0xcc, 0xcc, 0xcc, 0xcc, 0x33, 0x33, 0x33, 0x33,
        0x33, 0x33, 0x33, 0x33, 0xcc, 0xcc, 0xcc, 0xcc, 0xcc, 0xcc, 0xcc, 0xcc,
        0x33, 0x33, 0x33, 0x33, 0x33, 0x33, 0x33, 0x33, 0xcc, 0xcc, 0xcc, 0xcc,
        0xcc, 0xcc, 0xcc, 0xcc, 0x33, 0x33, 0x33, 0x33, 0x33, 0x33, 0x33, 0x33,
        0x5a, 0x5a, 0xa5, 0xa5, 0x5a, 0x5a, 0xa5, 0xa5, 0x5a, 0x5a, 0xa5, 0xa5,
        0x5a, 0x5a, 0xa5, 0xa5, 0x5a, 0x5a, 0xa5, 0xa5, 0x5a, 0x5a, 0xa5, 0xa5,
        0x5a, 0x5a, 0xa5, 0xa5, 0x5a, 0x5a, 0xa5, 0xa5, 0x5a, 0x5a, 0xa5, 0xa5,
        0x5a, 0x5a, 0xa5, 0xa5, 0x5a, 0x5a, 0xa5, 0xa5, 0x5a, 0x5a, 0xa5, 0xa5,
        0x5a, 0x5a, 0xa5, 0xa5, 0x5a, 0x5a, 0xa5, 0xa5, 0x5a, 0x5a, 0xa5, 0xa5,
        0x5a, 0x5a, 0xa5, 0xa5, 0x5a, 0x5a, 0xa5, 0xa5, 0x5a, 0x5a, 0xa5, 0xa5,
        0x5a, 0x5a, 0xa5, 0xa5, 0x5a, 0x5a, 0xa5, 0xa5, 0x96, 0x69, 0x96, 0x69,
        0x96, 0x69, 0x96, 0x69, 0x96, 0x69, 0x96, 0x69, 0x96, 0x69, 0x96, 0x69,
        0x96, 0x69, 0x96, 0x69, 0x96, 0x69, 0x96, 0x69, 0x96, 0x69, 0x96, 0x69,
        0x96, 0x69, 0x96, 0x69, 0x96, 0x69, 0x96, 0x69, 0x96, 0x69, 0x96, 0x69,
        0x96, 0x69, 0x96, 0x69, 0x96, 0x69, 0x96, 0x69, 0x96, 0x69, 0x96, 0x69,
        0x96, 0x69, 0x96, 0x69, 0x96, 0x69, 0x96, 0x69, 0x96, 0x69, 0x96, 0x69,
        0x96, 0x69, 0x96, 0x69, 0x96, 0x69, 0x96, 0x69, 0x96, 0x69, 0x96, 0x69,
        0x96, 0x69, 0x96, 0x69, 0x73, 0x84, 0x6a, 0x59, 0x48, 0x37, 0xd9, 0xea,
        0x04, 0xf3, 0x1d, 0x2e, 0x3f, 0x50, 0x9e, 0x8d, 0x83, 0x94, 0x5a, 0x49,
        0x38, 0x27, 0xe9, 0xfa, 0xf4, 0xe3, 0x2d, 0x3e, 0x4f, 0x60, 0x8e, 0x7d,
        0x93, 0xa4, 0x4a, 0x39, 0x28, 0x17, 0xf9, 0x0a, 0xe4, 0xd3, 0x3d, 0x4e,
        0x5f, 0x70, 0x7e, 0x6d, 0xa3, 0xb4, 0x3a, 0x29, 0x18, 0x07, 0x09, 0x1a,
        0xd4, 0xc3, 0x4d, 0x5e, 0x6f, 0x80, 0x6e, 0x5d, 0xb3, 0xc4, 0x2a, 0x19,
        0x08, 0xf7, 0x19, 0x2a, 0xc4, 0xb3, 0x5d, 0x6e, 0x7f, 0x90, 0x5e, 0x4d,
        0x0f, 0xf0, 0xf0, 0x0f, 0x0f, 0xf0, 0xf0, 0x0f, 0xf0, 0x0f, 0x0f, 0xf0,
        0xf0, 0x0f, 0x0f, 0xf0, 0x0f, 0xf0, 0xf0, 0x0f, 0x0f, 0xf0, 0xf0, 0x0f,
        0xf0, 0x0f, 0x0f, 0xf0, 0xf0, 0x0f, 0x0f, 0xf0, 0x0f, 0xf0, 0xf0, 0x0f,
        0x0f, 0xf0, 0xf0, 0x0f, 0xf0, 0x0f, 0x0f, 0xf0, 0xf0, 0x0f, 0x0f, 0xf0,
        0x0f, 0xf0, 0xf0, 0x0f, 0x0f, 0xf0, 0xf0, 0x0f, 0xf0, 0x0f, 0x0f, 0xf0,
        0xf0, 0x0f, 0x0f, 0xf0, 0x0f, 0xf0, 0xf0, 0x0f, 0x0f, 0xf0, 0xf0, 0x0f,
        0xf0, 0x0f, 0x0f, 0xf0, 0xf0, 0x0f, 0x0f, 0xf0, 0x76, 0x61, 0xef, 0xfc,
        0x32, 0x2d, 0x23, 0x30, 0xfe, 0xe9, 0x67, 0x74, 0xba, 0x55, 0xbb, 0x88,
        0x66, 0x11, 0xff, 0xcc, 0x22, 0xdd, 0x33, 0x00, 0xee, 0x99, 0x77, 0x44,
        0xaa, 0x45, 0x8b, 0x98, 0x16, 0x01, 0xcf, 0xdc, 0xd2, 0xcd, 0x03, 0x10,
        0x9e, 0x89, 0x47, 0x54, 0x5a, 0x75, 0x9b, 0xe8, 0x06, 0x31, 0xdf, 0x2c,
        0xc2, 0xfd, 0x13, 0x60, 0x8e, 0xb9, 0x57, 0xa4, 0x4a, 0x65, 0xeb, 0xf8,
        0x36, 0x21, 0x2f, 0x3c, 0xf2, 0xed, 0x63, 0x70, 0xbe, 0xa9, 0xa7, 0xb4,
        0x7a, 0x15, 0xfb, 0xc8, 0xfc, 0xf4, 0xe5, 0x29, 0xc7, 0x47, 0x56, 0x9a,
        0x8b, 0x83, 0x92, 0x5e, 0xb0, 0x20, 0x11, 0xfd, 0x0c, 0xe4, 0xd5, 0x39,
        0xb7, 0x57, 0x66, 0x8a, 0x7b, 0x93, 0xa2, 0x4e, 0xc0, 0x10, 0x01, 0x0d,
        0x1c, 0xd4, 0xc5, 0x49, 0xa7, 0x67, 0x76, 0x7a, 0x6b, 0xa3, 0xb2, 0x3e,
        0xd0, 0x00, 0xf1, 0x1d, 0x2c, 0xc4, 0xb5, 0x59, 0x97, 0x77, 0x86, 0x6a,
        0x5b, 0xb3, 0xc2, 0x2e, 0xe0, 0xf0, 0xe1, 0x2d, 0x3c, 0xb4, 0xa5, 0x69,
        0x87, 0x87, 0x96, 0x5a, 0x4b, 0xc3, 0xd2, 0x1e, 0xf0, 0xe0, 0xd1, 0x3d,
        0x69, 0x96, 0x69, 0x96, 0x69, 0x96, 0x69, 0x96, 0x96, 0x69, 0x96, 0x69,
        0x96, 0x69, 0x96, 0x69, 0x69, 0x96, 0x69, 0x96, 0x69, 0x96, 0x69, 0x96,
        0x96, 0x69, 0x96, 0x69, 0x96, 0x69, 0x96, 0x69, 0x69, 0x96, 0x69, 0x96,
        0x69, 0x96, 0x69, 0x96, 0x96, 0x69, 0x96, 0x69, 0x96, 0x69, 0x96, 0x69,
        0x69, 0x96, 0x69, 0x96, 0x69, 0x96, 0x69, 0x96, 0x96, 0x69, 0x96, 0x69,
        0x96, 0x69, 0x96, 0x69, 0x69, 0x96, 0x69, 0x96, 0x69, 0x96, 0x69, 0x96,
        0x96, 0x69, 0x96, 0x69, 0x96, 0x69, 0x96, 0x69, 0x96, 0x96, 0x96, 0x96,
        0x96, 0x96, 0x96, 0x96, 0x96, 0x96, 0x96, 0x96, 0x96, 0x96, 0x96, 0x96,
        0x96, 0x96, 0x96, 0x96, 0x96, 0x96, 0x96, 0x96, 0x96, 0x96, 0x96, 0x96,
        0x96, 0x96, 0x96, 0x96, 0x96, 0x96, 0x96, 0x96, 0x96, 0x96, 0x96, 0x96,
        0x96, 0x96, 0x96, 0x96, 0x96, 0x96, 0x96, 0x96, 0x96, 0x96, 0x96, 0x96,
        0x96, 0x96, 0x96, 0x96, 0x96, 0x96, 0x96, 0x96, 0x96, 0x96, 0x96, 0x96,
        0x96, 0x96, 0x96, 0x96, 0x96, 0x96, 0x96, 0x96, 0x96, 0x96, 0x96, 0x96,
        0x96, 0x96, 0x96, 0x96, 0x69, 0x96, 0x69, 0x96, 0x96, 0x69, 0x96, 0x69,
        0x69, 0x96, 0x69, 0x96, 0x96, 0x69, 0x96, 0x69, 0x69, 0x96, 0x69, 0x96,
        0x96, 0x69, 0x96, 0x69, 0x69, 0x96, 0x69, 0x96, 0x96, 0x69, 0x96, 0x69,
        0x69, 0x96, 0x69, 0x96, 0x96, 0x69, 0x96, 0x69, 0x69, 0x96, 0x69, 0x96,
        0x96, 0x69, 0x96, 0x69, 0x69, 0x96, 0x69, 0x96, 0x96, 0x69, 0x96, 0x69,
        0x69, 0x96, 0x69, 0x96, 0x96, 0x69, 0x96, 0x69, 0x69, 0x96, 0x69, 0x96,
        0x96, 0x69, 0x96, 0x69, 0x69, 0x96, 0x69, 0x96, 0x96, 0x69, 0x96, 0x69,
        0xaa, 0xaa, 0x55, 0x55, 0x55, 0x55, 0xaa, 0xaa, 0xaa, 0xaa, 0x55, 0x55,
        0x55, 0x55, 0xaa, 0xaa, 0xaa, 0xaa, 0x55, 0x55, 0x55, 0x55, 0xaa, 0xaa,
        0xaa, 0xaa, 0x55, 0x55, 0x55, 0x55, 0xaa, 0xaa, 0xaa, 0xaa, 0x55, 0x55,
        0x55, 0x55, 0xaa, 0xaa, 0xaa, 0xaa, 0x55, 0x55, 0x55, 0x55, 0xaa, 0xaa,
        0xaa, 0xaa, 0x55, 0x55, 0x55, 0x55, 0xaa, 0xaa, 0xaa, 0xaa, 0x55, 0x55,
        0x55, 0x55, 0xaa, 0xaa, 0xaa, 0xaa, 0x55, 0x55, 0x55, 0x55, 0xaa, 0xaa,
        0xaa, 0xaa, 0x55, 0x55, 0x55, 0x55, 0xaa, 0xaa, 0xa5, 0xa5, 0xa5, 0xa5,
        0x5a, 0x5a, 0x5a, 0x5a, 0xa5, 0xa5, 0xa5, 0xa5, 0x5a, 0x5a, 0x5a, 0x5a,
        0xa5, 0xa5, 0xa5, 0xa5, 0x5a, 0x5a, 0x5a, 0x5a, 0xa5, 0xa5, 0xa5, 0xa5,
        0x5a, 0x5a, 0x5a, 0x5a, 0xa5, 0xa5, 0xa5, 0xa5, 0x5a, 0x5a, 0x5a, 0x5a,
        0xa5, 0xa5, 0xa5, 0xa5, 0x5a, 0x5a, 0x5a, 0x5a, 0xa5, 0xa5, 0xa5, 0xa5,
        0x5a, 0x5a, 0x5a, 0x5a, 0xa5, 0xa5, 0xa5, 0xa5, 0x5a, 0x5a, 0x5a, 0x5a,
        0xa5, 0xa5, 0xa5, 0xa5, 0x5a, 0x5a, 0x5a, 0x5a, 0xa5, 0xa5, 0xa5, 0xa5,
        0x5a, 0x5a, 0x5a, 0x5a, 0x96, 0x69, 0x69, 0x96, 0x69, 0x96, 0x96, 0x69,
        0x96, 0x69, 0x69, 0x96, 0x69, 0x96, 0x96, 0x69, 0x96, 0x69, 0x69, 0x96,
        0x69, 0x96, 0x96, 0x69, 0x96, 0x69, 0x69, 0x96, 0x69, 0x96, 0x96, 0x69,
        0x96, 0x69, 0x69, 0x96, 0x69, 0x96, 0x96, 0x69, 0x96, 0x69, 0x69, 0x96,
        0x69, 0x96, 0x96, 0x69, 0x96, 0x69, 0x69, 0x96, 0x69, 0x96, 0x96, 0x69,
        0x96, 0x69, 0x69, 0x96, 0x69, 0x96, 0x96, 0x69, 0x96, 0x69, 0x69, 0x96,
        0x69, 0x96, 0x96, 0x69, 0x96, 0x69, 0x69, 0x96, 0x69, 0x96, 0x96, 0x69,
        0x66, 0x66, 0x66, 0x66, 0x66, 0x66, 0x66, 0x66, 0x66, 0x66, 0x66, 0x66,
        0x66, 0x66, 0x66, 0x66, 0x66, 0x66, 0x66, 0x66, 0x66, 0x66, 0x66, 0x66,
        0x66, 0x66, 0x66, 0x66, 0x66, 0x66, 0x66, 0x66, 0x66, 0x66, 0x66, 0x66,
        0x66, 0x66, 0x66, 0x66, 0x66, 0x66, 0x66, 0x66, 0x66, 0x66, 0x66, 0x66,
        0x66, 0x66, 0x66, 0x66, 0x66, 0x66, 0x66, 0x66, 0x66, 0x66, 0x66, 0x66,
        0x66, 0x66, 0x66, 0x66, 0x66, 0x66, 0x66, 0x66, 0x66, 0x66, 0x66, 0x66,
        0x66, 0x66, 0x66, 0x66, 0x66, 0x66, 0x66, 0x66, 0x39, 0xf1, 0x1f, 0x93,
        0x7d, 0xbd, 0x53, 0x5f, 0x4e, 0x86, 0x68, 0xe4, 0x0a, 0xda, 0xd4, 0x38,
        0x09, 0xe1, 0x6f, 0x83, 0x4d, 0xad, 0xa3, 0x4f, 0x7e, 0x96, 0x18, 0xf4,
        0x3a, 0x2a, 0xc4, 0x08, 0x19, 0x91, 0x7f, 0xb3, 0x5d, 0x5d, 0xb3, 0x7f,
        0x6e, 0xe6, 0x08, 0xc4, 0x2a, 0x3a, 0xf4, 0x18, 0x69, 0x81, 0x4f, 0xa3,
        0xad, 0x4d, 0x83, 0x6f, 0x1e, 0xf6, 0x38, 0xd4, 0xda, 0x0a, 0xe4, 0x68,
        0x79, 0xb1, 0x5f, 0x53, 0xbd, 0x7d, 0x93, 0x1f, 0x0e, 0xc6, 0x28, 0x24,
        0xca, 0x1a, 0x94, 0x78, 0xaa, 0x55, 0xaa, 0x55, 0xaa, 0x55, 0xaa, 0x55,
        0xaa, 0x55, 0xaa, 0x55, 0xaa, 0x55, 0xaa, 0x55, 0xaa, 0x55, 0xaa, 0x55,
        0xaa, 0x55, 0xaa, 0x55, 0xaa, 0x55, 0xaa, 0x55, 0xaa, 0x55, 0xaa, 0x55,
        0xaa, 0x55, 0xaa, 0x55, 0xaa, 0x55, 0xaa, 0x55, 0xaa, 0x55, 0xaa, 0x55,
        0xaa, 0x55, 0xaa, 0x55, 0xaa, 0x55, 0xaa, 0x55, 0xaa, 0x55, 0xaa, 0x55,
        0xaa, 0x55, 0xaa, 0x55, 0xaa, 0x55, 0xaa, 0x55, 0xaa, 0x55, 0xaa, 0x55,
        0xaa, 0x55, 0xaa, 0x55, 0xaa, 0x55, 0xaa, 0x55, 0xaa, 0x55, 0xaa, 0x55,
        0xcc, 0xcc, 0xcc, 0xcc, 0xcc, 0xcc, 0xcc, 0xcc, 0xcc, 0xcc, 0xcc, 0xcc,
        0xcc, 0xcc, 0xcc, 0xcc, 0xcc, 0xcc, 0xcc, 0xcc, 0xcc, 0xcc, 0xcc, 0xcc,
        0xcc, 0xcc, 0xcc, 0xcc, 0xcc, 0xcc, 0xcc, 0xcc, 0xcc, 0xcc, 0xcc, 0xcc,
        0xcc, 0xcc, 0xcc, 0xcc, 0xcc, 0xcc, 0xcc, 0xcc, 0xcc, 0xcc, 0xcc, 0xcc,
        0xcc, 0xcc, 0xcc, 0xcc, 0xcc, 0xcc, 0xcc, 0xcc, 0xcc, 0xcc, 0xcc, 0xcc,
        0xcc, 0xcc, 0xcc, 0xcc, 0xcc, 0xcc, 0xcc, 0xcc, 0xcc, 0xcc, 0xcc, 0xcc,
        0xcc, 0xcc, 0xcc, 0xcc, 0xcc, 0xcc, 0xcc, 0xcc, 0x66, 0x99, 0x99, 0x66,
        0x66, 0x99, 0x99, 0x66, 0x99, 0x66, 0x66, 0x99, 0x99, 0x66, 0x66, 0x99,
        0x66, 0x99, 0x99, 0x66, 0x66, 0x99, 0x99, 0x66, 0x99, 0x66, 0x66, 0x99,
        0x99, 0x66, 0x66, 0x99, 0x66, 0x99, 0x99, 0x66, 0x66, 0x99, 0x99, 0x66,
        0x99, 0x66, 0x66, 0x99, 0x99, 0x66, 0x66, 0x99, 0x66, 0x99, 0x99, 0x66,
        0x66, 0x99, 0x99, 0x66, 0x99, 0x66, 0x66, 0x99, 0x99, 0x66, 0x66, 0x99,
        0x66, 0x99, 0x99, 0x66, 0x66, 0x99, 0x99, 0x66, 0x99, 0x66, 0x66, 0x99,
        0x99, 0x66, 0x66, 0x99, 0x85, 0x96, 0xa7, 0xb0, 0xbe, 0xad, 0x9c, 0xf3,
        0xe2, 0xd1, 0xc0, 0x37, 0xd9, 0xea, 0xfb, 0x84, 0x95, 0xa6, 0xb7, 0x40,
        0xae, 0x9d, 0x8c, 0xe3, 0xd2, 0xc1, 0x30, 0x27, 0xe9, 0xfa, 0x8b, 0x94,
        0xa5, 0xb6, 0x47, 0x50, 0x9e, 0x8d, 0xfc, 0xd3, 0xc2, 0x31, 0x20, 0x17,
        0xf9, 0x8a, 0x9b, 0xa4, 0xb5, 0x46, 0x57, 0x60, 0x8e, 0xfd, 0xec, 0xc3,
        0x32, 0x21, 0x10, 0x07, 0x89, 0x9a, 0xab, 0xb4, 0x45, 0x56, 0x67, 0x70,
        0xfe, 0xed, 0xdc, 0x33, 0x22, 0x11, 0x00, 0x77, 0x99, 0xaa, 0xbb, 0x44,
        0xa5, 0x5a, 0x5a, 0xa5, 0x5a, 0xa5, 0xa5, 0x5a, 0xa5, 0x5a, 0x5a, 0xa5,
        0x5a, 0xa5, 0xa5, 0x5a, 0xa5, 0x5a, 0x5a, 0xa5, 0x5a, 0xa5, 0xa5, 0x5a,
        0xa5, 0x5a, 0x5a, 0xa5, 0x5a, 0xa5, 0xa5, 0x5a, 0xa5, 0x5a, 0x5a, 0xa5,
        0x5a, 0xa5, 0xa5, 0x5a, 0xa5, 0x5a, 0x5a, 0xa5, 0x5a, 0xa5, 0xa5, 0x5a,
        0xa5, 0x5a, 0x5a, 0xa5, 0x5a, 0xa5, 0xa5, 0x5a, 0xa5, 0x5a, 0x5a, 0xa5,
        0x5a, 0xa5, 0xa5, 0x5a, 0xa5, 0x5a, 0x5a, 0xa5, 0x5a, 0xa5, 0xa5, 0x5a,
        0xa5, 0x5a, 0x5a, 0xa5, 0x5a, 0xa5, 0xa5, 0x5a, 0x66, 0x66, 0x99, 0x99,
        0x66, 0x66, 0x99, 0x99, 0x99, 0x99, 0x66, 0x66, 0x99, 0x99, 0x66, 0x66,
        0x66, 0x66, 0x99, 0x99, 0x66, 0x66, 0x99, 0x99, 0x99, 0x99, 0x66, 0x66,
        0x99, 0x99, 0x66, 0x66, 0x66, 0x66, 0x99, 0x99, 0x66, 0x66, 0x99, 0x99,
        0x99, 0x99, 0x66, 0x66, 0x99, 0x99, 0x66, 0x66, 0x66, 0x66, 0x99, 0x99,
        0x66, 0x66, 0x99, 0x99, 0x99, 0x99, 0x66, 0x66, 0x99, 0x99, 0x66, 0x66,
        0x66, 0x66, 0x99, 0x99, 0x66, 0x66, 0x99, 0x99, 0x99, 0x99, 0x66, 0x66,
        0x99, 0x99, 0x66, 0x66, 0xa5, 0x5a, 0xa5, 0x5a, 0x5a, 0xa5, 0x5a, 0xa5,
        0x5a, 0xa5, 0x5a, 0xa5, 0xa5, 0x5a, 0xa5, 0x5a, 0xa5, 0x5a, 0xa5, 0x5a,
        0x5a, 0xa5, 0x5a, 0xa5, 0x5a, 0xa5, 0x5a, 0xa5, 0xa5, 0x5a, 0xa5, 0x5a,
        0xa5, 0x5a, 0xa5, 0x5a, 0x5a, 0xa5, 0x5a, 0xa5, 0x5a, 0xa5, 0x5a, 0xa5,
        0xa5, 0x5a, 0xa5, 0x5a, 0xa5, 0x5a, 0xa5, 0x5a, 0x5a, 0xa5, 0x5a, 0xa5,
        0x5a, 0xa5, 0x5a, 0xa5, 0xa5, 0x5a, 0xa5, 0x5a, 0xa5, 0x5a, 0xa5, 0x5a,
        0x5a, 0xa5, 0x5a, 0xa5, 0x5a, 0xa5, 0x5a, 0xa5, 0xa5, 0x5a, 0xa5, 0x5a,
        0xa2, 0x6e, 0x80, 0x08, 0x19, 0xd5, 0x3b, 0x3b, 0x2a, 0xe6, 0x08, 0x80,
        0x91, 0x5d, 0xb3, 0xa3, 0x92, 0x7e, 0xf0, 0x18, 0x29, 0xc5, 0xcb, 0x2b,
        0x1a, 0xf6, 0x78, 0x90, 0xa1, 0x4d, 0x43, 0x93, 0x82, 0x0e, 0xe0, 0x28,
        0x39, 0x35, 0xdb, 0x1b, 0x0a, 0x86, 0x68, 0xa0, 0xb1, 0xbd, 0x53, 0x83,
        0xf2, 0x1e, 0xd0, 0x38, 0xc9, 0x25, 0xeb, 0x0b, 0x7a, 0x96, 0x58, 0xb0,
        0x41, 0xad, 0x63, 0xf3, 0xe2, 0x2e, 0xc0, 0xc8, 0xd9, 0x15, 0xfb, 0x7b,
        0x6a, 0xa6, 0x48, 0x40, 0x51, 0x9d, 0x73, 0xe3, 0xff, 0xff, 0xff, 0xff,
        0xff, 0xff, 0xff, 0xff, 0xff, 0xff, 0xff, 0xff, 0xff, 0xff, 0xff, 0xff,
        0xff, 0xff, 0xff, 0xff, 0xff, 0xff, 0xff, 0xff, 0xff, 0xff, 0xff, 0xff,
        0xff, 0xff, 0xff, 0xff, 0xff, 0xff, 0xff, 0xff, 0xff, 0xff, 0xff, 0xff,
        0xff, 0xff, 0xff, 0xff, 0xff, 0xff, 0xff, 0xff, 0xff, 0xff, 0xff, 0xff,
        0xff, 0xff, 0xff, 0xff, 0xff, 0xff, 0xff, 0xff, 0xff, 0xff, 0xff, 0xff,
        0xff, 0xff, 0xff, 0xff, 0xff, 0xff, 0xff, 0xff, 0xff, 0xff, 0xff, 0xff,
        0xff, 0xff, 0xff, 0xff, 0x55, 0x55, 0x55, 0x55, 0xaa, 0xaa, 0xaa, 0xaa,
        0x55, 0x55, 0x55, 0x55, 0xaa, 0xaa, 0xaa, 0xaa, 0x55, 0x55, 0x55, 0x55,
        0xaa, 0xaa, 0xaa, 0xaa, 0x55, 0x55, 0x55, 0x55, 0xaa, 0xaa, 0xaa, 0xaa,
        0x55, 0x55, 0x55, 0x55, 0xaa, 0xaa, 0xaa, 0xaa, 0x55, 0x55, 0x55, 0x55,
        0xaa, 0xaa, 0xaa, 0xaa, 0x55, 0x55, 0x55, 0x55, 0xaa, 0xaa, 0xaa, 0xaa,
        0x55, 0x55, 0x55, 0x55, 0xaa, 0xaa, 0xaa, 0xaa, 0x55, 0x55, 0x55, 0x55,
        0xaa, 0xaa, 0xaa, 0xaa, 0x55, 0x55, 0x55, 0x55, 0xaa, 0xaa, 0xaa, 0xaa,
        0x55, 0x55, 0x55, 0x55, 0x55, 0x55, 0x55, 0x55, 0xaa, 0xaa, 0xaa, 0xaa,
        0xaa, 0xaa, 0xaa, 0xaa, 0x55, 0x55, 0x55, 0x55, 0x55, 0x55, 0x55, 0x55,
        0xaa, 0xaa, 0xaa, 0xaa, 0xaa, 0xaa, 0xaa, 0xaa, 0x55, 0x55, 0x55, 0x55,
        0x55, 0x55, 0x55, 0x55, 0xaa, 0xaa, 0xaa, 0xaa, 0xaa, 0xaa, 0xaa, 0xaa,
        0x55, 0x55, 0x55, 0x55, 0x55, 0x55, 0x55, 0x55, 0xaa, 0xaa, 0xaa, 0xaa,
        0xaa, 0xaa, 0xaa, 0xaa, 0x55, 0x55, 0x55, 0x55, 0x55, 0x55, 0x55, 0x55,
        0xaa, 0xaa, 0xaa, 0xaa, 0xaa, 0xaa, 0xaa, 0xaa, 0xfd, 0xf1, 0x1f, 0xcf,
        0x41, 0xad, 0x63, 0x8b, 0x7a, 0x96, 0x58, 0xb8, 0x36, 0xda, 0x14, 0xfc,
        0x0d, 0xe1, 0x2f, 0xbf, 0x51, 0x9d, 0x73, 0x7b, 0x6a, 0xa6, 0x48, 0xc8,
        0x26, 0xea, 0x04, 0x0c, 0x1d, 0xd1, 0x3f, 0xaf, 0x61, 0x8d, 0x83, 0x6b,
        0x5a, 0xb6, 0x38, 0xd8, 0x16, 0xfa, 0xf4, 0x1c, 0x2d, 0xc1, 0x4f, 0x9f,
        0x71, 0x7d, 0x93, 0x5b, 0x4a, 0xc6, 0x28, 0xe8, 0x06, 0x0a, 0xe4, 0x2c,
        0x3d, 0xb1, 0x5f, 0x8f, 0x81, 0x6d, 0xa3, 0x4b, 0x3a, 0xd6, 0x18, 0xf8,
        0xf6, 0x1a, 0xd4, 0x3c, 0x0f, 0x0f, 0xf0, 0xf0, 0x0f, 0x0f, 0xf0, 0xf0,
        0x0f, 0x0f, 0xf0, 0xf0, 0x0f, 0x0f, 0xf0, 0xf0, 0x0f, 0x0f, 0xf0, 0xf0,
        0x0f, 0x0f, 0xf0, 0xf0, 0x0f, 0x0f, 0xf0, 0xf0, 0x0f, 0x0f, 0xf0, 0xf0,
        0x0f, 0x0f, 0xf0, 0xf0, 0x0f, 0x0f, 0xf0, 0xf0, 0x0f, 0x0f, 0xf0, 0xf0,
        0x0f, 0x0f, 0xf0, 0xf0, 0x0f, 0x0f, 0xf0, 0xf0, 0x0f, 0x0f, 0xf0, 0xf0,
        0x0f, 0x0f, 0xf0, 0xf0, 0x0f, 0x0f, 0xf0, 0xf0, 0x0f, 0x0f, 0xf0, 0xf0,
        0x0f, 0x0f, 0xf0, 0xf0, 0x0f, 0x0f, 0xf0, 0xf0, 0x0f, 0x0f, 0xf0, 0xf0,
        0x3c, 0xc3, 0x3c, 0xc3, 0xc3, 0x3c, 0xc3, 0x3c, 0x3c, 0xc3, 0x3c, 0xc3,
        0xc3, 0x3c, 0xc3, 0x3c, 0x3c, 0xc3, 0x3c, 0xc3, 0xc3, 0x3c, 0xc3, 0x3c,
        0x3c, 0xc3, 0x3c, 0xc3, 0xc3, 0x3c, 0xc3, 0x3c, 0x3c, 0xc3, 0x3c, 0xc3,
        0xc3, 0x3c, 0xc3, 0x3c, 0x3c, 0xc3, 0x3c, 0xc3, 0xc3, 0x3c, 0xc3, 0x3c,
        0x3c, 0xc3, 0x3c, 0xc3, 0xc3, 0x3c, 0xc3, 0x3c, 0x3c, 0xc3, 0x3c, 0xc3,
        0xc3, 0x3c, 0xc3, 0x3c, 0x3c, 0xc3, 0x3c, 0xc3, 0xc3, 0x3c, 0xc3, 0x3c,
        0x3c, 0xc3, 0x3c, 0xc3, 0xc3, 0x3c, 0xc3, 0x3c, 0x66, 0x66, 0x99, 0x99,
        0x66, 0x66, 0x99, 0x99, 0x66, 0x66, 0x99, 0x99, 0x66, 0x66, 0x99, 0x99,
        0x66, 0x66, 0x99, 0x99, 0x66, 0x66, 0x99, 0x99, 0x66, 0x66, 0x99, 0x99,
        0x66, 0x66, 0x99, 0x99, 0x66, 0x66, 0x99, 0x99, 0x66, 0x66, 0x99, 0x99,
        0x66, 0x66, 0x99, 0x99, 0x66, 0x66, 0x99, 0x99, 0x66, 0x66, 0x99, 0x99,
        0x66, 0x66, 0x99, 0x99, 0x66, 0x66, 0x99, 0x99, 0x66, 0x66, 0x99, 0x99,
        0x66, 0x66, 0x99, 0x99, 0x66, 0x66, 0x99, 0x99, 0x66, 0x66, 0x99, 0x99,
        0x66, 0x66, 0x99, 0x99, 0x3c, 0x3c, 0xc3, 0xc3, 0xc3, 0xc3, 0x3c, 0x3c,
        0xc3, 0xc3, 0x3c, 0x3c, 0x3c, 0x3c, 0xc3, 0xc3, 0x3c, 0x3c, 0xc3, 0xc3,
        0xc3, 0xc3, 0x3c, 0x3c, 0xc3, 0xc3, 0x3c, 0x3c, 0x3c, 0x3c, 0xc3, 0xc3,
        0x3c, 0x3c, 0xc3, 0xc3, 0xc3, 0xc3, 0x3c, 0x3c, 0xc3, 0xc3, 0x3c, 0x3c,
        0x3c, 0x3c, 0xc3, 0xc3, 0x3c, 0x3c, 0xc3, 0xc3, 0xc3, 0xc3, 0x3c, 0x3c,
        0xc3, 0xc3, 0x3c, 0x3c, 0x3c, 0x3c, 0xc3, 0xc3, 0x3c, 0x3c, 0xc3, 0xc3,
        0xc3, 0xc3, 0x3c, 0x3c, 0xc3, 0xc3, 0x3c, 0x3c, 0x3c, 0x3c, 0xc3, 0xc3,
        0x55, 0xaa, 0x55, 0xaa, 0xaa, 0x55, 0xaa, 0x55, 0xaa, 0x55, 0xaa, 0x55,
        0x55, 0xaa, 0x55, 0xaa, 0x55, 0xaa, 0x55, 0xaa, 0xaa, 0x55, 0xaa, 0x55,
        0xaa, 0x55, 0xaa, 0x55, 0x55, 0xaa, 0x55, 0xaa, 0x55, 0xaa, 0x55, 0xaa,
        0xaa, 0x55, 0xaa, 0x55, 0xaa, 0x55, 0xaa, 0x55, 0x55, 0xaa, 0x55, 0xaa,
        0x55, 0xaa, 0x55, 0xaa, 0xaa, 0x55, 0xaa, 0x55, 0xaa, 0x55, 0xaa, 0x55,
        0x55, 0xaa, 0x55, 0xaa, 0x55, 0xaa, 0x55, 0xaa, 0xaa, 0x55, 0xaa, 0x55,
        0xaa, 0x55, 0xaa, 0x55, 0x55, 0xaa, 0x55, 0xaa, 0x72, 0x45, 0xab, 0xd8,
        0xc9, 0xe6, 0xe8, 0xfb, 0x35, 0x22, 0xac, 0xbf, 0x8e, 0x91, 0x9f, 0x8c,
        0x42, 0x55, 0xdb, 0xc8, 0xf9, 0x16, 0xf8, 0xcb, 0x25, 0x52, 0xbc, 0x8f,
        0x9e, 0x61, 0x8f, 0xbc, 0x52, 0x25, 0xcb, 0xf8, 0xe9, 0x06, 0xc8, 0xdb,
        0x55, 0x42, 0x8c, 0x9f, 0x6e, 0x71, 0xbf, 0xac, 0x22, 0x35, 0xfb, 0xe8,
        0x19, 0x36, 0xd8, 0xab, 0x45, 0x72, 0x9c, 0x6f, 0x7e, 0x41, 0xaf, 0xdc,
        0x32, 0x05, 0xeb, 0x18, 0x09, 0x26, 0xa8, 0xbb, 0x75, 0x62, 0x6c, 0x7f,
        0x4e, 0x51, 0xdf, 0xcc, 0x00, 0xff, 0xff, 0x00, 0xff, 0x00, 0x00, 0xff,
        0x00, 0xff, 0xff, 0x00, 0xff, 0x00, 0x00, 0xff, 0x00, 0xff, 0xff, 0x00,
        0xff, 0x00, 0x00, 0xff, 0x00, 0xff, 0xff, 0x00, 0xff, 0x00, 0x00, 0xff,
        0x00, 0xff, 0xff, 0x00, 0xff, 0x00, 0x00, 0xff, 0x00, 0xff, 0xff, 0x00,
        0xff, 0x00, 0x00, 0xff, 0x00, 0xff, 0xff, 0x00, 0xff, 0x00, 0x00, 0xff,
        0x00, 0xff, 0xff, 0x00, 0xff, 0x00, 0x00, 0xff, 0x00, 0xff, 0xff, 0x00,
        0xff, 0x00, 0x00, 0xff, 0x00, 0xff, 0xff, 0x00, 0xff, 0x00, 0x00, 0xff
    },
    {
        0x33, 0xcc, 0x33, 0xcc, 0xcc, 0x33, 0xcc, 0x33, 0xcc, 0x33, 0xcc, 0x33,
        0x33, 0xcc, 0x33, 0xcc, 0x33, 0xcc, 0x33, 0xcc, 0xcc, 0x33, 0xcc, 0x33,
        0xcc, 0x33, 0xcc, 0x33, 0x33, 0xcc, 0x33, 0xcc, 0x33, 0xcc, 0x33, 0xcc,
        0xcc, 0x33, 0xcc, 0x33, 0xcc, 0x33, 0xcc, 0x33, 0x33, 0xcc, 0x33, 0xcc,
        0x33, 0xcc, 0x33, 0xcc, 0xcc, 0x33, 0xcc, 0x33, 0xcc, 0x33, 0xcc, 0x33,
        0x33, 0xcc, 0x33, 0xcc, 0x33, 0xcc, 0x33, 0xcc, 0xcc, 0x33, 0xcc, 0x33,
        0xcc, 0x33, 0xcc, 0x33, 0x33, 0xcc, 0x33, 0xcc, 0x7b, 0x48, 0x59, 0x36,
        0x07, 0x14, 0xe5, 0xf2, 0xc3, 0xd0, 0xa1, 0xbe, 0x8f, 0x9c, 0x6d, 0x7a,
        0x4b, 0x58, 0x29, 0x06, 0x17, 0xe4, 0xf5, 0xc2, 0xd3, 0xa0, 0xb1, 0x8e,
        0x9f, 0x6c, 0x7d, 0x4a, 0x5b, 0x28, 0x39, 0x16, 0xe7, 0xf4, 0xc5, 0xd2,
        0xa3, 0xb0, 0x81, 0x9e, 0x6f, 0x7c, 0x4d, 0x5a, 0x2b, 0x38, 0x09, 0xe6,
        0xf7, 0xc4, 0xd5, 0xa2, 0xb3, 0x80, 0x91, 0x6e, 0x7f, 0x4c, 0x5d, 0x2a,
        0x3b, 0x08, 0x19, 0xf6, 0xc7, 0xd4, 0xa5, 0xb2, 0x83, 0x90, 0x61, 0x7e,
        0x4f, 0x5c, 0x2d, 0x3a, 0x96, 0x69, 0x69, 0x96, 0x69, 0x96, 0x96, 0x69,
        0x69, 0x96, 0x96, 0x69, 0x96, 0x69, 0x69, 0x96, 0x96, 0x69, 0x69, 0x96,
        0x69, 0x96, 0x96, 0x69, 0x69, 0x96, 0x96, 0x69, 0x96, 0x69, 0x69, 0x96,
        0x96, 0x69, 0x69, 0x96, 0x69, 0x96, 0x96, 0x69, 0x69, 0x96, 0x96, 0x69,
        0x96, 0x69, 0x69, 0x96, 0x96, 0x69, 0x69, 0x96, 0x69, 0x96, 0x96, 0x69,
        0x69, 0x96, 0x96, 0x69, 0x96, 0x69, 0x69, 0x96, 0x96, 0x69, 0x69, 0x96,
        0x69, 0x96, 0x96, 0x69, 0x69, 0x96, 0x96, 0x69, 0x96, 0x69, 0x69, 0x96,
        0x66, 0x66, 0x99, 0x99, 0x99, 0x99, 0x66, 0x66, 0x66, 0x66, 0x99, 0x99,
        0x99, 0x99, 0x66, 0x66, 0x66, 0x66, 0x99, 0x99, 0x99, 0x99, 0x66, 0x66,
        0x66, 0x66, 0x99, 0x99, 0x99, 0x99, 0x66, 0x66, 0x66, 0x66, 0x99, 0x99,
        0x99, 0x99, 0x66, 0x66, 0x66, 0x66, 0x99, 0x99, 0x99, 0x99, 0x66, 0x66,
        0x66, 0x66, 0x99, 0x99, 0x99, 0x99, 0x66, 0x66, 0x66, 0x66, 0x99, 0x99,
        0x99, 0x99, 0x66, 0x66, 0x66, 0x66, 0x99, 0x99, 0x99, 0x99, 0x66, 0x66,
        0x66, 0x66, 0x99, 0x99, 0x99, 0x99, 0x66, 0x66, 0x96, 0x69, 0x69, 0x96,
        0x69, 0x96, 0x96, 0x69, 0x96, 0x69, 0x69, 0x96, 0x69, 0x96, 0x96, 0x69,
        0x96, 0x69, 0x69, 0x96, 0x69, 0x96, 0x96, 0x69, 0x96, 0x69, 0x69, 0x96,
        0x69, 0x96, 0x96, 0x69, 0x96, 0x69, 0x69, 0x96, 0x69, 0x96, 0x96, 0x69,
        0x96, 0x69, 0x69, 0x96, 0x69, 0x96, 0x96, 0x69, 0x96, 0x69, 0x69, 0x96,
        0x69, 0x96, 0x96, 0x69, 0x96, 0x69, 0x69, 0x96, 0x69, 0x96, 0x96, 0x69,
        0x96, 0x69, 0x69, 0x96, 0x69, 0x96, 0x96, 0x69, 0x96, 0x69, 0x69, 0x96,
        0x69, 0x96, 0x96, 0x69, 0x99, 0x66, 0x66, 0x99, 0x66, 0x99, 0x99, 0x66,
        0x66, 0x99, 0x99, 0x66, 0x99, 0x66, 0x66, 0x99, 0x99, 0x66, 0x66, 0x99,
        0x66, 0x99, 0x99, 0x66, 0x66, 0x99, 0x99, 0x66, 0x99, 0x66, 0x66, 0x99,
        0x99, 0x66, 0x66, 0x99, 0x66, 0x99, 0x99, 0x66, 0x66, 0x99, 0x99, 0x66,
        0x99, 0x66, 0x66, 0x99, 0x99, 0x66, 0x66, 0x99, 0x66, 0x99, 0x99, 0x66,
        0x66, 0x99, 0x99, 0x66, 0x99, 0x66, 0x66, 0x99, 0x99, 0x66, 0x66, 0x99,
        0x66, 0x99, 0x99, 0x66, 0x66, 0x99, 0x99, 0x66, 0x99, 0x66, 0x66, 0x99,
        0x63, 0x6f, 0x7e, 0xbe, 0xaf, 0x23, 0x32, 0xfa, 0x14, 0x18, 0x09, 0xd9,
        0xa8, 0x44, 0x75, 0x9d, 0x93, 0x7f, 0x4e, 0xae, 0xdf, 0x33, 0x02, 0xea,
        0xe4, 0x08, 0x39, 0xa9, 0xb8, 0x74, 0x65, 0x6d, 0x83, 0x4f, 0x5e, 0xde,
        0xcf, 0x03, 0x12, 0x1a, 0xf4, 0x38, 0x29, 0xb9, 0x88, 0x64, 0x95, 0x7d,
        0xb3, 0x5f, 0x2e, 0xce, 0xff, 0x13, 0xe2, 0x0a, 0xc4, 0x28, 0x59, 0x89,
        0x98, 0x94, 0x85, 0x4d, 0xa3, 0x2f, 0x3e, 0xfe, 0xef, 0xe3, 0xf2, 0x3a,
        0xd4, 0x58, 0x49, 0x99, 0x68, 0x84, 0xb5, 0x5d, 0xa5, 0xa5, 0xa5, 0xa5,
        0xa5, 0xa5, 0xa5, 0xa5, 0xa5, 0xa5, 0xa5, 0xa5, 0xa5, 0xa5, 0xa5, 0xa5,
        0xa5, 0xa5, 0xa5, 0xa5, 0xa5, 0xa5, 0xa5, 0xa5, 0xa5, 0xa5, 0xa5, 0xa5,
        0xa5, 0xa5, 0xa5, 0xa5, 0xa5, 0xa5, 0xa5, 0xa5, 0xa5, 0xa5, 0xa5, 0xa5,
        0xa5, 0xa5, 0xa5, 0xa5, 0xa5, 0xa5, 0xa5, 0xa5, 0xa5, 0xa5, 0xa5, 0xa5,
        0xa5, 0xa5, 0xa5, 0xa5, 0xa5, 0xa5, 0xa5, 0xa5, 0xa5, 0xa5, 0xa5, 0xa5,
        0xa5, 0xa5, 0xa5, 0xa5, 0xa5, 0xa5, 0xa5, 0xa5, 0xa5, 0xa5, 0xa5, 0xa5,
        0xa5, 0xa5, 0xa5, 0xa5, 0xaa, 0x55, 0xaa, 0x55, 0x55, 0xaa, 0x55, 0xaa,
        0xaa, 0x55, 0xaa, 0x55, 0x55, 0xaa, 0x55, 0xaa, 0xaa, 0x55, 0xaa, 0x55,
        0x55, 0xaa, 0x55, 0xaa, 0xaa, 0x55, 0xaa, 0x55, 0x55, 0xaa, 0x55, 0xaa,
        0xaa, 0x55, 0xaa, 0x55, 0x55, 0xaa, 0x55, 0xaa, 0xaa, 0x55, 0xaa, 0x55,
        0x55, 0xaa, 0x55, 0xaa, 0xaa, 0x55, 0xaa, 0x55, 0x55, 0xaa, 0x55, 0xaa,
        0xaa, 0x55, 0xaa, 0x55, 0x55, 0xaa, 0x55, 0xaa, 0xaa, 0x55, 0xaa, 0x55,
        0x55, 0xaa, 0x55, 0xaa, 0xaa, 0x55, 0xaa, 0x55, 0x55, 0xaa, 0x55, 0xaa,
        0x5a, 0x5a, 0xa5, 0xa5, 0x5a, 0x5a, 0xa5, 0xa5, 0xa5, 0xa5, 0x5a, 0x5a,
        0xa5, 0xa5, 0x5a, 0x5a, 0x5a, 0x5a, 0xa5, 0xa5, 0x5a, 0x5a, 0xa5, 0xa5,
        0xa5, 0xa5, 0x5a, 0x5a, 0xa5, 0xa5, 0x5a, 0x5a, 0x5a, 0x5a, 0xa5, 0xa5,
        0x5a, 0x5a, 0xa5, 0xa5, 0xa5, 0xa5, 0x5a, 0x5a, 0xa5, 0xa5, 0x5a, 0x5a,
        0x5a, 0x5a, 0xa5, 0xa5, 0x5a, 0x5a, 0xa5, 0xa5, 0xa5, 0xa5, 0x5a, 0x5a,
        0xa5, 0xa5, 0x5a, 0x5a, 0x5a, 0x5a, 0xa5, 0xa5, 0x5a, 0x5a, 0xa5, 0xa5,
        0xa5, 0xa5, 0x5a, 0x5a, 0xa5, 0xa5, 0x5a, 0x5a, 0xf0, 0xf0, 0xf0, 0xf0,
        0x0f, 0x0f, 0x0f, 0x0f, 0xf0, 0xf0, 0xf0, 0xf0, 0x0f, 0x0f, 0x0f, 0x0f,
        0xf0, 0xf0, 0xf0, 0xf0, 0x0f, 0x0f, 0x0f, 0x0f, 0xf0, 0xf0, 0xf0, 0xf0,
        0x0f, 0x0f, 0x0f, 0x0f, 0xf0, 0xf0, 0xf0, 0xf0, 0x0f, 0x0f, 0x0f, 0x0f,
        0xf0, 0xf0, 0xf0, 0xf0, 0x0f, 0x0f, 0x0f, 0x0f, 0xf0, 0xf0, 0xf0, 0xf0,
        0x0f, 0x0f, 0x0f, 0x0f, 0xf0, 0xf0, 0xf0, 0xf0, 0x0f, 0x0f, 0x0f, 0x0f,
        0xf0, 0xf0, 0xf0, 0xf0, 0x0f, 0x0f, 0x0f, 0x0f, 0xf0, 0xf0, 0xf0, 0xf0,
        0x0f, 0x0f, 0x0f, 0x0f, 0x5a, 0x5a, 0xa5, 0xa5, 0xa5, 0xa5, 0x5a, 0x5a,
        0xa5, 0xa5, 0x5a, 0x5a, 0x5a, 0x5a, 0xa5, 0xa5, 0x5a, 0x5a, 0xa5, 0xa5,
        0xa5, 0xa5, 0x5a, 0x5a, 0xa5, 0xa5, 0x5a, 0x5a, 0x5a, 0x5a, 0xa5, 0xa5,
        0x5a, 0x5a, 0xa5, 0xa5, 0xa5, 0xa5, 0x5a, 0x5a, 0xa5, 0xa5, 0x5a, 0x5a,
        0x5a, 0x5a, 0xa5, 0xa5, 0x5a, 0x5a, 0xa5, 0xa5, 0xa5, 0xa5, 0x5a, 0x5a,
        0xa5, 0xa5, 0x5a, 0x5a, 0x5a, 0x5a, 0xa5, 0xa5, 0x5a, 0x5a, 0xa5, 0xa5,
        0xa5, 0xa5, 0x5a, 0x5a, 0xa5, 0xa5, 0x5a, 0x5a, 0x5a, 0x5a, 0xa5, 0xa5,
        0xff, 0xff, 0xff, 0xff, 0xff, 0xff, 0xff, 0xff, 0xff, 0xff, 0xff, 0xff,
        0xff, 0xff, 0xff, 0xff, 0xff, 0xff, 0xff, 0xff, 0xff, 0xff, 0xff, 0xff,
        0xff, 0xff, 0xff, 0xff, 0xff, 0xff, 0xff, 0xff, 0xff, 0xff, 0xff, 0xff,
        0xff, 0xff, 0xff, 0xff, 0xff, 0xff, 0xff, 0xff, 0xff, 0xff, 0xff, 0xff,
        0xff, 0xff, 0xff, 0xff, 0xff, 0xff, 0xff, 0xff, 0xff, 0xff, 0xff, 0xff,
        0xff, 0xff, 0xff, 0xff, 0xff, 0xff, 0xff, 0xff, 0xff, 0xff, 0xff, 0xff,
        0xff, 0xff, 0xff, 0xff, 0xff, 0xff, 0xff, 0xff, 0x0f, 0x0f, 0xf0, 0xf0,
        0xf0, 0xf0, 0x0f, 0x0f, 0xf0, 0xf0, 0x0f, 0x0f, 0x0f, 0x0f, 0xf0, 0xf0,
        0x0f, 0x0f, 0xf0, 0xf0, 0xf0, 0xf0, 0x0f, 0x0f, 0xf0, 0xf0, 0x0f, 0x0f,
        0x0f, 0x0f, 0xf0, 0xf0, 0x0f, 0x0f, 0xf0, 0xf0, 0xf0, 0xf0, 0x0f, 0x0f,
        0xf0, 0xf0, 0x0f, 0x0f, 0x0f, 0x0f, 0xf0, 0xf0, 0x0f, 0x0f, 0xf0, 0xf0,
        0xf0, 0xf0, 0x0f, 0x0f, 0xf0, 0xf0, 0x0f, 0x0f, 0x0f, 0x0f, 0xf0, 0xf0,
        0x0f, 0x0f, 0xf0, 0xf0, 0xf0, 0xf0, 0x0f, 0x0f, 0xf0, 0xf0, 0x0f, 0x0f,
        0x0f, 0x0f, 0xf0, 0xf0, 0x55, 0xaa, 0x55, 0xaa, 0xaa, 0x55, 0xaa, 0x55,
        0xaa, 0x55, 0xaa, 0x55, 0x55, 0xaa, 0x55, 0xaa, 0x55, 0xaa, 0x55, 0xaa,
        0xaa, 0x55, 0xaa, 0x55, 0xaa, 0x55, 0xaa, 0x55, 0x55, 0xaa, 0x55, 0xaa,
        0x55, 0xaa, 0x55, 0xaa, 0xaa, 0x55, 0xaa, 0x55, 0xaa, 0x55, 0xaa, 0x55,
        0x55, 0xaa, 0x55, 0xaa, 0x55, 0xaa, 0x55, 0xaa, 0xaa, 0x55, 0xaa, 0x55,
        0xaa, 0x55, 0xaa, 0x55, 0x55, 0xaa, 0x55, 0xaa, 0x55, 0xaa, 0x55, 0xaa,
        0xaa, 0x55, 0xaa, 0x55, 0xaa, 0x55, 0xaa, 0x55, 0x55, 0xaa, 0x55, 0xaa,
        0xff, 0xff, 0x00, 0x00, 0xff, 0xff, 0x00, 0x00, 0xff, 0xff, 0x00, 0x00,
        0xff, 0xff, 0x00, 0x00, 0xff, 0xff, 0x00, 0x00, 0xff, 0xff, 0x00, 0x00,
        0xff, 0xff, 0x00, 0x00, 0xff, 0xff, 0x00, 0x00, 0xff, 0xff, 0x00, 0x00,
        0xff, 0xff, 0x00, 0x00, 0xff, 0xff, 0x00, 0x00, 0xff, 0xff, 0x00, 0x00,
        0xff, 0xff, 0x00, 0x00, 0xff, 0xff, 0x00, 0x00, 0xff, 0xff, 0x00, 0x00,
        0xff, 0xff, 0x00, 0x00, 0xff, 0xff, 0x00, 0x00, 0xff, 0xff, 0x00, 0x00,
        0xff, 0xff, 0x00, 0x00, 0xff, 0xff, 0x00, 0x00, 0xaa, 0xaa, 0xaa, 0xaa,
        0x55, 0x55, 0x55, 0x55, 0xaa, 0xaa, 0xaa, 0xaa, 0x55, 0x55, 0x55, 0x55,
        0xaa, 0xaa, 0xaa, 0xaa, 0x55, 0x55, 0x55, 0x55, 0xaa, 0xaa, 0xaa, 0xaa,
        0x55, 0x55, 0x55, 0x55, 0xaa, 0xaa, 0xaa, 0xaa, 0x55, 0x55, 0x55, 0x55,
        0xaa, 0xaa, 0xaa, 0xaa, 0x55, 0x55, 0x55, 0x55, 0xaa, 0xaa, 0xaa, 0xaa,
        0x55, 0x55, 0x55, 0x55, 0xaa, 0xaa, 0xaa, 0xaa, 0x55, 0x55, 0x55, 0x55,
        0xaa, 0xaa, 0xaa, 0xaa, 0x55, 0x55, 0x55, 0x55, 0xaa, 0xaa, 0xaa, 0xaa,
        0x55, 0x55, 0x55, 0x55, 0x0f, 0xf0, 0xf0, 0x0f, 0xf0, 0x0f, 0x0f, 0xf0,
        0xf0, 0x0f, 0x0f, 0xf0, 0x0f, 0xf0, 0xf0, 0x0f, 0x0f, 0xf0, 0xf0, 0x0f,
        0xf0, 0x0f, 0x0f, 0xf0, 0xf0, 0x0f, 0x0f, 0xf0, 0x0f, 0xf0, 0xf0, 0x0f,
        0x0f, 0xf0, 0xf0, 0x0f, 0xf0, 0x0f, 0x0f, 0xf0, 0xf0, 0x0f, 0x0f, 0xf0,
        0x0f, 0xf0, 0xf0, 0x0f, 0x0f, 0xf0, 0xf0, 0x0f, 0xf0, 0x0f, 0x0f, 0xf0,
        0xf0, 0x0f, 0x0f, 0xf0, 0x0f, 0xf0, 0xf0, 0x0f, 0x0f, 0xf0, 0xf0, 0x0f,
        0xf0, 0x0f, 0x0f, 0xf0, 0xf0, 0x0f, 0x0f, 0xf0, 0x0f, 0xf0, 0xf0, 0x0f,
        0x99, 0x99, 0x99, 0x99, 0x66, 0x66, 0x66, 0x66, 0x66, 0x66, 0x66, 0x66,
        0x99, 0x99, 0x99, 0x99, 0x99, 0x99, 0x99, 0x99, 0x66, 0x66, 0x66, 0x66,
        0x66, 0x66, 0x66, 0x66, 0x99, 0x99, 0x99, 0x99, 0x99, 0x99, 0x99, 0x99,
        0x66, 0x66, 0x66, 0x66, 0x66, 0x66, 0x66, 0x66, 0x99, 0x99, 0x99, 0x99,
        0x99, 0x99, 0x99, 0x99, 0x66, 0x66, 0x66, 0x66, 0x66, 0x66, 0x66, 0x66,
        0x99, 0x99, 0x99, 0x99, 0x99, 0x99, 0x99, 0x99, 0x66, 0x66, 0x66, 0x66,
        0x66, 0x66, 0x66, 0x66, 0x99, 0x99, 0x99, 0x99, 0x96, 0x96, 0x96, 0x96,
        0x69, 0x69, 0x69, 0x69, 0x96, 0x96, 0x96, 0x96, 0x69, 0x69, 0x69, 0x69,
        0x96, 0x96, 0x96, 0x96, 0x69, 0x69, 0x69, 0x69, 0x96, 0x96, 0x96, 0x96,
        0x69, 0x69, 0x69, 0x69, 0x96, 0x96, 0x96, 0x96, 0x69, 0x69, 0x69, 0x69,
        0x96, 0x96, 0x96, 0x96, 0x69, 0x69, 0x69, 0x69, 0x96, 0x96, 0x96, 0x96,
        0x69, 0x69, 0x69, 0x69, 0x96, 0x96, 0x96, 0x96, 0x69, 0x69, 0x69, 0x69,
        0x96, 0x96, 0x96, 0x96, 0x69, 0x69, 0x69, 0x69, 0x96, 0x96, 0x96, 0x96,
        0x69, 0x69, 0x69, 0x69, 0x66, 0x99, 0x66, 0x99, 0x99, 0x66, 0x99, 0x66,
        0x66, 0x99, 0x66, 0x99, 0x99, 0x66, 0x99, 0x66, 0x66, 0x99, 0x66, 0x99,
        0x99, 0x66, 0x99, 0x66, 0x66, 0x99, 0x66, 0x99, 0x99, 0x66, 0x99, 0x66,
        0x66, 0x99, 0x66, 0x99, 0x99, 0x66, 0x99, 0x66, 0x66, 0x99, 0x66, 0x99,
        0x99, 0x66, 0x99, 0x66, 0x66, 0x99, 0x66, 0x99, 0x99, 0x66, 0x99, 0x66,
        0x66, 0x99, 0x66, 0x99, 0x99, 0x66, 0x99, 0x66, 0x66, 0x99, 0x66, 0x99,
        0x99, 0x66, 0x99, 0x66, 0x66, 0x99, 0x66, 0x99, 0x99, 0x66, 0x99, 0x66,
        0x00, 0x00, 0x00, 0x00, 0x00, 0x00, 0x00, 0x00, 0x00, 0x00, 0x00, 0x00,
        0x00, 0x00, 0x00, 0x00, 0x00, 0x00, 0x00, 0x00, 0x00, 0x00, 0x00, 0x00,
        0x00, 0x00, 0x00, 0x00, 0x00, 0x00, 0x00, 0x00, 0x00, 0x00, 0x00, 0x00,
        0x00, 0x00, 0x00, 0x00, 0x00, 0x00, 0x00, 0x00, 0x00, 0x00, 0x00, 0x00,
        0x00, 0x00, 0x00, 0x00, 0x00, 0x00, 0x00, 0x00, 0x00, 0x00, 0x00, 0x00,
        0x00, 0x00, 0x00, 0x00, 0x00, 0x00, 0x00, 0x00, 0x00, 0x00, 0x00, 0x00,
        0x00, 0x00, 0x00, 0x00, 0x00, 0x00, 0x00, 0x00, 0x00, 0xff, 0xff, 0x00,
        0xff, 0x00, 0x00, 0xff, 0xff, 0x00, 0x00, 0xff, 0x00, 0xff, 0xff, 0x00,
        0x00, 0xff, 0xff, 0x00, 0xff, 0x00, 0x00, 0xff, 0xff, 0x00, 0x00, 0xff,
        0x00, 0xff, 0xff, 0x00, 0x00, 0xff, 0xff, 0x00, 0xff, 0x00, 0x00, 0xff,
        0xff, 0x00, 0x00, 0xff, 0x00, 0xff, 0xff, 0x00, 0x00, 0xff, 0xff, 0x00,
        0xff, 0x00, 0x00, 0xff, 0xff, 0x00, 0x00, 0xff, 0x00, 0xff, 0xff, 0x00,
        0x00, 0xff, 0xff, 0x00, 0xff, 0x00, 0x00, 0xff, 0xff, 0x00, 0x00, 0xff,
        0x00, 0xff, 0xff, 0x00, 0x55, 0x55, 0x55, 0x55, 0x55, 0x55, 0x55, 0x55,
        0x55, 0x55, 0x55, 0x55, 0x55, 0x55, 0x55, 0x55, 0x55, 0x55, 0x55, 0x55,
        0x55, 0x55, 0x55, 0x55, 0x55, 0x55, 0x55, 0x55, 0x55, 0x55, 0x55, 0x55,
        0x55, 0x55, 0x55, 0x55, 0x55, 0x55, 0x55, 0x55, 0x55, 0x55, 0x55, 0x55,
        0x55, 0x55, 0x55, 0x55, 0x55, 0x55, 0x55, 0x55, 0x55, 0x55, 0x55, 0x55,
        0x55, 0x55, 0x55, 0x55, 0x55, 0x55, 0x55, 0x55, 0x55, 0x55, 0x55, 0x55,
        0x55, 0x55, 0x55, 0x55, 0x55, 0x55, 0x55, 0x55, 0x55, 0x55, 0x55, 0x55,
        0x69, 0x69, 0x96, 0x96, 0x96, 0x96, 0x69, 0x69, 0x69, 0x69, 0x96, 0x96,
        0x96, 0x96, 0x69, 0x69, 0x69, 0x69, 0x96, 0x96, 0x96, 0x96, 0x69, 0x69,
        0x69, 0x69, 0x96, 0x96, 0x96, 0x96, 0x69, 0x69, 0x69, 0x69, 0x96, 0x96,
        0x96, 0x96, 0x69, 0x69, 0x69, 0x69, 0x96, 0x96, 0x96, 0x96, 0x69, 0x69,
        0x69, 0x69, 0x96, 0x96, 0x96, 0x96, 0x69, 0x69, 0x69, 0x69, 0x96, 0x96,
        0x96, 0x96, 0x69, 0x69, 0x69, 0x69, 0x96, 0x96, 0x96, 0x96, 0x69, 0x69,
        0x69, 0x69, 0x96, 0x96, 0x96, 0x96, 0x69, 0x69, 0xcc, 0x33, 0xcc, 0x33,
        0xcc, 0x33, 0xcc, 0x33, 0xcc, 0x33, 0xcc, 0x33, 0xcc, 0x33, 0xcc, 0x33,
        0xcc, 0x33, 0xcc, 0x33, 0xcc, 0x33, 0xcc, 0x33, 0xcc, 0x33, 0xcc, 0x33,
        0xcc, 0x33, 0xcc, 0x33, 0xcc, 0x33, 0xcc, 0x33, 0xcc, 0x33, 0xcc, 0x33,
        0xcc, 0x33, 0xcc, 0x33, 0xcc, 0x33, 0xcc, 0x33, 0xcc, 0x33, 0xcc, 0x33,
        0xcc, 0x33, 0xcc, 0x33, 0xcc, 0x33, 0xcc, 0x33, 0xcc, 0x33, 0xcc, 0x33,
        0xcc, 0x33, 0xcc, 0x33, 0xcc, 0x33, 0xcc, 0x33, 0xcc, 0x33, 0xcc, 0x33,
        0xcc, 0x33, 0xcc, 0x33, 0xf0, 0x0f, 0x0f, 0xf0, 0x0f, 0xf0, 0xf0, 0x0f,
        0xf0, 0x0f, 0x0f, 0xf0, 0x0f, 0xf0, 0xf0, 0x0f, 0xf0, 0x0f, 0x0f, 0xf0,
        0x0f, 0xf0, 0xf0, 0x0f, 0xf0, 0x0f, 0x0f, 0xf0, 0x0f, 0xf0, 0xf0, 0x0f,
        0xf0, 0x0f, 0x0f, 0xf0, 0x0f, 0xf0, 0xf0, 0x0f, 0xf0, 0x0f, 0x0f, 0xf0,
        0x0f, 0xf0, 0xf0, 0x0f, 0xf0, 0x0f, 0x0f, 0xf0, 0x0f, 0xf0, 0xf0, 0x0f,
        0xf0, 0x0f, 0x0f, 0xf0, 0x0f, 0xf0, 0xf0, 0x0f, 0xf0, 0x0f, 0x0f, 0xf0,
        0x0f, 0xf0, 0xf0, 0x0f, 0xf0, 0x0f, 0x0f, 0xf0, 0x0f, 0xf0, 0xf0, 0x0f,
        0x99, 0x66, 0x99, 0x66, 0x99, 0x66, 0x99, 0x66, 0x66, 0x99, 0x66, 0x99,
        0x66, 0x99, 0x66, 0x99, 0x99, 0x66, 0x99, 0x66, 0x99, 0x66, 0x99, 0x66,
        0x66, 0x99, 0x66, 0x99, 0x66, 0x99, 0x66, 0x99, 0x99, 0x66, 0x99, 0x66,
        0x99, 0x66, 0x99, 0x66, 0x66, 0x99, 0x66, 0x99, 0x66, 0x99, 0x66, 0x99,
        0x99, 0x66, 0x99, 0x66, 0x99, 0x66, 0x99, 0x66, 0x66, 0x99, 0x66, 0x99,
        0x66, 0x99, 0x66, 0x99, 0x99, 0x66, 0x99, 0x66, 0x99, 0x66, 0x99, 0x66,
        0x66, 0x99, 0x66, 0x99, 0x66, 0x99, 0x66, 0x99, 0xf0, 0x0f, 0x0f, 0xf0,
        0xf0, 0x0f, 0x0f, 0xf0, 0xf0, 0x0f, 0x0f, 0xf0, 0xf0, 0x0f, 0x0f, 0xf0,
        0xf0, 0x0f, 0x0f, 0xf0, 0xf0, 0x0f, 0x0f, 0xf0, 0xf0, 0x0f, 0x0f, 0xf0,
        0xf0, 0x0f, 0x0f, 0xf0, 0xf0, 0x0f, 0x0f, 0xf0, 0xf0, 0x0f, 0x0f, 0xf0,
        0xf0, 0x0f, 0x0f, 0xf0, 0xf0, 0x0f, 0x0f, 0xf0, 0xf0, 0x0f, 0x0f, 0xf0,
        0xf0, 0x0f, 0x0f, 0xf0, 0xf0, 0x0f, 0x0f, 0xf0, 0xf0, 0x0f, 0x0f, 0xf0,
        0xf0, 0x0f, 0x0f, 0xf0, 0xf0, 0x0f, 0x0f, 0xf0, 0xf0, 0x0f, 0x0f, 0xf0,
        0xf0, 0x0f, 0x0f, 0xf0, 0x99, 0x8a, 0x84, 0x93, 0xa2, 0xb1, 0x3f, 0x10,
        0xfe, 0x0d, 0xe3, 0xd4, 0xc5, 0xb6, 0x58, 0x67, 0x89, 0x7a, 0x94, 0xa3,
        0xb2, 0xc1, 0x2f, 0x00, 0x0e, 0x1d, 0xd3, 0xc4, 0xb5, 0xa6, 0x68, 0x77,
        0x79, 0x6a, 0xa4, 0xb3, 0xc2, 0xd1, 0x1f, 0xf0, 0x1e, 0x2d, 0xc3, 0xb4,
        0xa5, 0x96, 0x78, 0x87, 0x69, 0x5a, 0xb4, 0xc3, 0xd2, 0xe1, 0x0f, 0xe0,
        0x2e, 0x3d, 0xb3, 0xa4, 0x95, 0x86, 0x88, 0x97, 0x59, 0x4a, 0xc4, 0xd3,
        0xe2, 0xf1, 0xff, 0xd0, 0x3e, 0x4d, 0xa3, 0x94, 0x85, 0x76, 0x98, 0xa7,
        0xfb, 0xe8, 0x66, 0x71, 0x40, 0x53, 0x5d, 0x42, 0x73, 0x60, 0xee, 0xf9,
        0xc8, 0xdb, 0xd5, 0xfa, 0xeb, 0x98, 0x76, 0x41, 0x50, 0xa3, 0x4d, 0x72,
        0x63, 0x10, 0xfe, 0xc9, 0xd8, 0x2b, 0xc5, 0xea, 0x9b, 0x88, 0x46, 0x51,
        0xa0, 0xb3, 0x7d, 0x62, 0x13, 0x00, 0xce, 0xd9, 0x28, 0x3b, 0xf5, 0x9a,
        0x8b, 0xb8, 0x56, 0xa1, 0xb0, 0x83, 0x6d, 0x12, 0x03, 0x30, 0xde, 0x29,
        0x38, 0x0b, 0xe5, 0x8a, 0xbb, 0xa8, 0xa6, 0xb1, 0x80, 0x93, 0x1d, 0x02,
        0x33, 0x20, 0x2e, 0x39, 0x08, 0x1b, 0x95, 0xba, 0xc4, 0xb3, 0x5d, 0x6e,
        0x7f, 0x90, 0x5e, 0x4d, 0x3c, 0x2b, 0xe5, 0xf6, 0x07, 0x18, 0xd6, 0xc5,
        0xb4, 0xa3, 0x6d, 0x7e, 0x8f, 0xa0, 0x4e, 0x3d, 0x2c, 0x1b, 0xf5, 0x06,
        0x17, 0x28, 0xc6, 0xb5, 0xa4, 0x93, 0x7d, 0x8e, 0x9f, 0xb0, 0x3e, 0x2d,
        0x1c, 0x0b, 0x05, 0x16, 0x27, 0x38, 0xb6, 0xa5, 0x94, 0x83, 0x8d, 0x9e,
        0xaf, 0xc0, 0x2e, 0x1d, 0x0c, 0xfb, 0x15, 0x26, 0x37, 0x48, 0xa6, 0x95,
        0x84, 0x73, 0x9d, 0xae, 0xbf, 0xd0, 0x1e, 0x0d, 0xfc, 0xeb, 0x25, 0x36,
        0x47, 0x58, 0x96, 0x85, 0xff, 0xff, 0xff, 0xff, 0x00, 0x00, 0x00, 0x00,
        0xff, 0xff, 0xff, 0xff, 0x00, 0x00, 0x00, 0x00, 0xff, 0xff, 0xff, 0xff,
        0x00, 0x00, 0x00, 0x00, 0xff, 0xff, 0xff, 0xff, 0x00, 0x00, 0x00, 0x00,
        0xff, 0xff, 0xff, 0xff, 0x00, 0x00, 0x00, 0x00, 0xff, 0xff, 0xff, 0xff,
        0x00, 0x00, 0x00, 0x00, 0xff, 0xff, 0xff, 0xff, 0x00, 0x00, 0x00, 0x00,
        0xff, 0xff, 0xff, 0xff, 0x00, 0x00, 0x00, 0x00, 0xff, 0xff, 0xff, 0xff,
        0x00, 0x00, 0x00, 0x00, 0xff, 0xff, 0xff, 0xff, 0x00, 0x00, 0x00, 0x00,
        0xcf, 0x5f, 0x6e, 0x82, 0x8c, 0x64, 0x55, 0xb9, 0x37, 0xd7, 0xe6, 0x0a,
        0x04, 0xec, 0xdd, 0x31, 0xbf, 0x6f, 0x7e, 0x72, 0x9c, 0x54, 0x45, 0xc9,
        0x27, 0xe7, 0xf6, 0xfa, 0x14, 0xdc, 0xcd, 0x41, 0xaf, 0x7f, 0x8e, 0x62,
        0xac, 0x44, 0x35, 0xd9, 0x17, 0xf7, 0x06, 0xea, 0x24, 0xcc, 0xbd, 0x51,
        0x9f, 0x8f, 0x9e, 0x52, 0xbc, 0x34, 0x25, 0xe9, 0x07, 0x07, 0x16, 0xda,
        0x34, 0xbc, 0xad, 0x61, 0x8f, 0x9f, 0xae, 0x42, 0xcc, 0x24, 0x15, 0xf9,
        0xf7, 0x17, 0x26, 0xca, 0x44, 0xac, 0x9d, 0x71, 0xa5, 0xa5, 0xa5, 0xa5,
        0xa5, 0xa5, 0xa5, 0xa5, 0x5a, 0x5a, 0x5a, 0x5a, 0x5a, 0x5a, 0x5a, 0x5a,
        0xa5, 0xa5, 0xa5, 0xa5, 0xa5, 0xa5, 0xa5, 0xa5, 0x5a, 0x5a, 0x5a, 0x5a,
        0x5a, 0x5a, 0x5a, 0x5a, 0xa5, 0xa5, 0xa5, 0xa5, 0xa5, 0xa5, 0xa5, 0xa5,
        0x5a, 0x5a, 0x5a, 0x5a, 0x5a, 0x5a, 0x5a, 0x5a, 0xa5, 0xa5, 0xa5, 0xa5,
        0xa5, 0xa5, 0xa5, 0xa5, 0x5a, 0x5a, 0x5a, 0x5a, 0x5a, 0x5a, 0x5a, 0x5a,
        0xa5, 0xa5, 0xa5, 0xa5, 0xa5, 0xa5, 0xa5, 0xa5, 0x5a, 0x5a, 0x5a, 0x5a,
        0x5a, 0x5a, 0x5a, 0x5a, 0x55, 0x55, 0x55, 0x55, 0xaa, 0xaa, 0xaa, 0xaa,
        0x55, 0x55, 0x55, 0x55, 0xaa, 0xaa, 0xaa, 0xaa, 0x55, 0x55, 0x55, 0x55,
        0xaa, 0xaa, 0xaa, 0xaa, 0x55, 0x55, 0x55, 0x55, 0xaa, 0xaa, 0xaa, 0xaa,
        0x55, 0x55, 0x55, 0x55, 0xaa, 0xaa, 0xaa, 0xaa, 0x55, 0x55, 0x55, 0x55,
        0xaa, 0xaa, 0xaa, 0xaa, 0x55, 0x55, 0x55, 0x55, 0xaa, 0xaa, 0xaa, 0xaa,
        0x55, 0x55, 0x55, 0x55, 0xaa, 0xaa, 0xaa, 0xaa, 0x55, 0x55, 0x55, 0x55,
        0xaa, 0xaa, 0xaa, 0xaa, 0x55, 0x55, 0x55, 0x55, 0xaa, 0xaa, 0xaa, 0xaa,
        0x69, 0x96, 0x69, 0x96, 0x69, 0x96, 0x69, 0x96, 0x69, 0x96, 0x69, 0x96,
        0x69, 0x96, 0x69, 0x96, 0x69, 0x96, 0x69, 0x96, 0x69, 0x96, 0x69, 0x96,
        0x69, 0x96, 0x69, 0x96, 0x69, 0x96, 0x69, 0x96, 0x69, 0x96, 0x69, 0x96,
        0x69, 0x96, 0x69, 0x96, 0x69, 0x96, 0x69, 0x96, 0x69, 0x96, 0x69, 0x96,
        0x69, 0x96, 0x69, 0x96, 0x69, 0x96, 0x69, 0x96, 0x69, 0x96, 0x69, 0x96,
        0x69, 0x96, 0x69, 0x96, 0x69, 0x96, 0x69, 0x96, 0x69, 0x96, 0x69, 0x96,
        0x69, 0x96, 0x69, 0x96, 0x69, 0x96, 0x69, 0x96, 0x5a, 0xa5, 0xa5, 0x5a,
        0x5a, 0xa5, 0xa5, 0x5a, 0xa5, 0x5a, 0x5a, 0xa5, 0xa5, 0x5a, 0x5a, 0xa5,
        0x5a, 0xa5, 0xa5, 0x5a, 0x5a, 0xa5, 0xa5, 0x5a, 0xa5, 0x5a, 0x5a, 0xa5,
        0xa5, 0x5a, 0x5a, 0xa5, 0x5a, 0xa5, 0xa5, 0x5a, 0x5a, 0xa5, 0xa5, 0x5a,
        0xa5, 0x5a, 0x5a, 0xa5, 0xa5, 0x5a, 0x5a, 0xa5, 0x5a, 0xa5, 0xa5, 0x5a,
        0x5a, 0xa5, 0xa5, 0x5a, 0xa5, 0x5a, 0x5a, 0xa5, 0xa5, 0x5a, 0x5a, 0xa5,
        0x5a, 0xa5, 0xa5, 0x5a, 0x5a, 0xa5, 0xa5, 0x5a, 0xa5, 0x5a, 0x5a, 0xa5,
        0xa5, 0x5a, 0x5a, 0xa5, 0x33, 0xcc, 0x33, 0xcc, 0x33, 0xcc, 0x33, 0xcc,
        0x33, 0xcc, 0x33, 0xcc, 0x33, 0xcc, 0x33, 0xcc, 0x33, 0xcc, 0x33, 0xcc,
        0x33, 0xcc, 0x33, 0xcc, 0x33, 0xcc, 0x33, 0xcc, 0x33, 0xcc, 0x33, 0xcc,
        0x33, 0xcc, 0x33, 0xcc, 0x33, 0xcc, 0x33, 0xcc, 0x33, 0xcc, 0x33, 0xcc,
        0x33, 0xcc, 0x33, 0xcc, 0x33, 0xcc, 0x33, 0xcc, 0x33, 0xcc, 0x33, 0xcc,
        0x33, 0xcc, 0x33, 0xcc, 0x33, 0xcc, 0x33, 0xcc, 0x33, 0xcc, 0x33, 0xcc,
        0x33, 0xcc, 0x33, 0xcc, 0x33, 0xcc, 0x33, 0xcc, 0x33, 0xcc, 0x33, 0xcc,
        0x00, 0xff, 0xff, 0x00, 0xff, 0x00, 0x00, 0xff, 0x00, 0xff, 0xff, 0x00,
        0xff, 0x00, 0x00, 0xff, 0x00, 0xff, 0xff, 0x00, 0xff, 0x00, 0x00, 0xff,
        0x00, 0xff, 0xff, 0x00, 0xff, 0x00, 0x00, 0xff, 0x00, 0xff, 0xff, 0x00,
        0xff, 0x00, 0x00, 0xff, 0x00, 0xff, 0xff, 0x00, 0xff, 0x00, 0x00, 0xff,
        0x00, 0xff, 0xff, 0x00, 0xff, 0x00, 0x00, 0xff, 0x00, 0xff, 0xff, 0x00,
        0xff, 0x00, 0x00, 0xff, 0x00, 0xff, 0xff, 0x00, 0xff, 0x00, 0x00, 0xff,
        0x00, 0xff, 0xff, 0x00, 0xff, 0x00, 0x00, 0xff, 0x55, 0xaa, 0x55, 0xaa,
        0xaa, 0x55, 0xaa, 0x55, 0xaa, 0x55, 0xaa, 0x55, 0x55, 0xaa, 0x55, 0xaa,
        0x55, 0xaa, 0x55, 0xaa, 0xaa, 0x55, 0xaa, 0x55, 0xaa, 0x55, 0xaa, 0x55,
        0x55, 0xaa, 0x55, 0xaa, 0x55, 0xaa, 0x55, 0xaa, 0xaa, 0x55, 0xaa, 0x55,
        0xaa, 0x55, 0xaa, 0x55, 0x55, 0xaa, 0x55, 0xaa, 0x55, 0xaa, 0x55, 0xaa,
        0xaa, 0x55, 0xaa, 0x55, 0xaa, 0x55, 0xaa, 0x55, 0x55, 0xaa, 0x55, 0xaa,
        0x55, 0xaa, 0x55, 0xaa, 0xaa, 0x55, 0xaa, 0x55, 0xaa, 0x55, 0xaa, 0x55,
        0x55, 0xaa, 0x55, 0xaa, 0x33, 0x33, 0x33, 0x33, 0xcc, 0xcc, 0xcc, 0xcc,
        0x33, 0x33, 0x33, 0x33, 0xcc, 0xcc, 0xcc, 0xcc, 0x33, 0x33, 0x33, 0x33,
        0xcc, 0xcc, 0xcc, 0xcc, 0x33, 0x33, 0x33, 0x33, 0xcc, 0xcc, 0xcc, 0xcc,
        0x33, 0x33, 0x33, 0x33, 0xcc, 0xcc, 0xcc, 0xcc, 0x33, 0x33, 0x33, 0x33,
        0xcc, 0xcc, 0xcc, 0xcc, 0x33, 0x33, 0x33, 0x33, 0xcc, 0xcc, 0xcc, 0xcc,
        0x33, 0x33, 0x33, 0x33, 0xcc, 0xcc, 0xcc, 0xcc, 0x33, 0x33, 0x33, 0x33,
        0xcc, 0xcc, 0xcc, 0xcc, 0x33, 0x33, 0x33, 0x33, 0xcc, 0xcc, 0xcc, 0xcc,
        0x5a, 0xa5, 0x5a, 0xa5, 0xa5, 0x5a, 0xa5, 0x5a, 0x5a, 0xa5, 0x5a, 0xa5,
        0xa5, 0x5a, 0xa5, 0x5a, 0x5a, 0xa5, 0x5a, 0xa5, 0xa5, 0x5a, 0xa5, 0x5a,
        0x5a, 0xa5, 0x5a, 0xa5, 0xa5, 0x5a, 0xa5, 0x5a, 0x5a, 0xa5, 0x5a, 0xa5,
        0xa5, 0x5a, 0xa5, 0x5a, 0x5a, 0xa5, 0x5a, 0xa5, 0xa5, 0x5a, 0xa5, 0x5a,
        0x5a, 0xa5, 0x5a, 0xa5, 0xa5, 0x5a, 0xa5, 0x5a, 0x5a, 0xa5, 0x5a, 0xa5,
        0xa5, 0x5a, 0xa5, 0x5a, 0x5a, 0xa5, 0x5a, 0xa5, 0xa5, 0x5a, 0xa5, 0x5a,
        0x5a, 0xa5, 0x5a, 0xa5, 0xa5, 0x5a, 0xa5, 0x5a, 0xc3, 0x3c, 0xc3, 0x3c,
        0xc3, 0x3c, 0xc3, 0x3c, 0x3c, 0xc3, 0x3c, 0xc3, 0x3c, 0xc3, 0x3c, 0xc3,
        0xc3, 0x3c, 0xc3, 0x3c, 0xc3, 0x3c, 0xc3, 0x3c, 0x3c, 0xc3, 0x3c, 0xc3,
        0x3c, 0xc3, 0x3c, 0xc3, 0xc3, 0x3c, 0xc3, 0x3c, 0xc3, 0x3c, 0xc3, 0x3c,
        0x3c, 0xc3, 0x3c, 0xc3, 0x3c, 0xc3, 0x3c, 0xc3, 0xc3, 0x3c, 0xc3, 0x3c,
        0xc3, 0x3c, 0xc3, 0x3c, 0x3c, 0xc3, 0x3c, 0xc3, 0x3c, 0xc3, 0x3c, 0xc3,
        0xc3, 0x3c, 0xc3, 0x3c, 0xc3, 0x3c, 0xc3, 0x3c, 0x3c, 0xc3, 0x3c, 0xc3,
        0x3c, 0xc3, 0x3c, 0xc3, 0xa6, 0x6a, 0x7b, 0xfb, 0xea, 0x26, 0x37, 0x3f,
        0xd1, 0x1d, 0x0c, 0x9c, 0xad, 0x41, 0xb0, 0x58, 0x96, 0x7a, 0x0b, 0xeb,
        0xda, 0x36, 0xc7, 0x2f, 0xe1, 0x0d, 0x7c, 0xac, 0xbd, 0xb1, 0xa0, 0x68,
        0x86, 0x0a, 0x1b, 0xdb, 0xca, 0xc6, 0xd7, 0x1f, 0xf1, 0x7d, 0x6c, 0xbc,
        0x4d, 0xa1, 0x90, 0x78, 0xf6, 0x1a, 0x2b, 0xcb, 0x3a, 0xd6, 0xe7, 0x0f,
        0x81, 0x6d, 0x5c, 0x4c, 0x5d, 0x91, 0x80, 0x08, 0xe6, 0x2a, 0x3b, 0x3b,
        0x2a, 0xe6, 0xf7, 0x7f, 0x91, 0x5d, 0x4c, 0x5c, 0x6d, 0x81, 0xf0, 0x18,
        0x66, 0x99, 0x99, 0x66, 0x99, 0x66, 0x66, 0x99, 0x66, 0x99, 0x99, 0x66,
        0x99, 0x66, 0x66, 0x99, 0x66, 0x99, 0x99, 0x66, 0x99, 0x66, 0x66, 0x99,
        0x66, 0x99, 0x99, 0x66, 0x99, 0x66, 0x66, 0x99, 0x66, 0x99, 0x99, 0x66,
        0x99, 0x66, 0x66, 0x99, 0x66, 0x99, 0x99, 0x66, 0x99, 0x66, 0x66, 0x99,
        0x66, 0x99, 0x99, 0x66, 0x99, 0x66, 0x66, 0x99, 0x66, 0x99, 0x99, 0x66,
        0x99, 0x66, 0x66, 0x99, 0x66, 0x99, 0x99, 0x66, 0x99, 0x66, 0x66, 0x99,
        0x66, 0x99, 0x99, 0x66, 0x99, 0x66, 0x66, 0x99, 0x5a, 0xa5, 0xa5, 0x5a,
        0xa5, 0x5a, 0x5a, 0xa5, 0x5a, 0xa5, 0xa5, 0x5a, 0xa5, 0x5a, 0x5a, 0xa5,
        0x5a, 0xa5, 0xa5, 0x5a, 0xa5, 0x5a, 0x5a, 0xa5, 0x5a, 0xa5, 0xa5, 0x5a,
        0xa5, 0x5a, 0x5a, 0xa5, 0x5a, 0xa5, 0xa5, 0x5a, 0xa5, 0x5a, 0x5a, 0xa5,
        0x5a, 0xa5, 0xa5, 0x5a, 0xa5, 0x5a, 0x5a, 0xa5, 0x5a, 0xa5, 0xa5, 0x5a,
        0xa5, 0x5a, 0x5a, 0xa5, 0x5a, 0xa5, 0xa5, 0x5a, 0xa5, 0x5a, 0x5a, 0xa5,
        0x5a, 0xa5, 0xa5, 0x5a, 0xa5, 0x5a, 0x5a, 0xa5, 0x5a, 0xa5, 0xa5, 0x5a,
        0xa5, 0x5a, 0x5a, 0xa5, 0xa5, 0xa5, 0x5a, 0x5a, 0x5a, 0x5a, 0xa5, 0xa5,
        0x5a, 0x5a, 0xa5, 0xa5, 0xa5, 0xa5, 0x5a, 0x5a, 0xa5, 0xa5, 0x5a, 0x5a,
        0x5a, 0x5a, 0xa5, 0xa5, 0x5a, 0x5a, 0xa5, 0xa5, 0xa5, 0xa5, 0x5a, 0x5a,
        0xa5, 0xa5, 0x5a, 0x5a, 0x5a, 0x5a, 0xa5, 0xa5, 0x5a, 0x5a, 0xa5, 0xa5,
        0xa5, 0xa5, 0x5a, 0x5a, 0xa5, 0xa5, 0x5a, 0x5a, 0x5a, 0x5a, 0xa5, 0xa5,
        0x5a, 0x5a, 0xa5, 0xa5, 0xa5, 0xa5, 0x5a, 0x5a, 0xa5, 0xa5, 0x5a, 0x5a,
        0x5a, 0x5a, 0xa5, 0xa5, 0x5a, 0x5a, 0xa5, 0xa5, 0xa5, 0xa5, 0x5a, 0x5a,
        0x55, 0x55, 0x55, 0x55, 0x55, 0x55, 0x55, 0x55, 0xaa, 0xaa, 0xaa, 0xaa,
        0xaa, 0xaa, 0xaa, 0xaa, 0x55, 0x55, 0x55, 0x55, 0x55, 0x55, 0x55, 0x55,
        0xaa, 0xaa, 0xaa, 0xaa, 0xaa, 0xaa, 0xaa, 0xaa, 0x55, 0x55, 0x55, 0x55,
        0x55, 0x55, 0x55, 0x55, 0xaa, 0xaa, 0xaa, 0xaa, 0xaa, 0xaa, 0xaa, 0xaa,
        0x55, 0x55, 0x55, 0x55, 0x55, 0x55, 0x55, 0x55, 0xaa, 0xaa, 0xaa, 0xaa,
        0xaa, 0xaa, 0xaa, 0xaa, 0x55, 0x55, 0x55, 0x55, 0x55, 0x55, 0x55, 0x55,
        0xaa, 0xaa, 0xaa, 0xaa, 0xaa, 0xaa, 0xaa, 0xaa, 0xa5, 0x5a, 0x5a, 0xa5,
        0x5a, 0xa5, 0xa5, 0x5a, 0xa5, 0x5a, 0x5a, 0xa5, 0x5a, 0xa5, 0xa5, 0x5a,
        0xa5, 0x5a, 0x5a, 0xa5, 0x5a, 0xa5, 0xa5, 0x5a, 0xa5, 0x5a, 0x5a, 0xa5,
        0x5a, 0xa5, 0xa5, 0x5a, 0xa5, 0x5a, 0x5a, 0xa5, 0x5a, 0xa5, 0xa5, 0x5a,
        0xa5, 0x5a, 0x5a, 0xa5, 0x5a, 0xa5, 0xa5, 0x5a, 0xa5, 0x5a, 0x5a, 0xa5,
        0x5a, 0xa5, 0xa5, 0x5a, 0xa5, 0x5a, 0x5a, 0xa5, 0x5a, 0xa5, 0xa5, 0x5a,
        0xa5, 0x5a, 0x5a, 0xa5, 0x5a, 0xa5, 0xa5, 0x5a, 0xa5, 0x5a, 0x5a, 0xa5,
        0x5a, 0xa5, 0xa5, 0x5a, 0x5a, 0x5a, 0x5a, 0x5a, 0xa5, 0xa5, 0xa5, 0xa5,
        0x5a, 0x5a, 0x5a, 0x5a, 0xa5, 0xa5, 0xa5, 0xa5, 0x5a, 0x5a, 0x5a, 0x5a,
        0xa5, 0xa5, 0xa5, 0xa5, 0x5a, 0x5a, 0x5a, 0x5a, 0xa5, 0xa5, 0xa5, 0xa5,
        0x5a, 0x5a, 0x5a, 0x5a, 0xa5, 0xa5, 0xa5, 0xa5, 0x5a, 0x5a, 0x5a, 0x5a,
        0xa5, 0xa5, 0xa5, 0xa5, 0x5a, 0x5a, 0x5a, 0x5a, 0xa5, 0xa5, 0xa5, 0xa5,
        0x5a, 0x5a, 0x5a, 0x5a, 0xa5, 0xa5, 0xa5, 0xa5, 0x5a, 0x5a, 0x5a, 0x5a,
        0xa5, 0xa5, 0xa5, 0xa5, 0x5a, 0x5a, 0x5a, 0x5a, 0xa5, 0xa5, 0xa5, 0xa5,
        0xdf, 0xf0, 0x01, 0x12, 0xdc, 0xcb, 0xba, 0xa9, 0x67, 0x78, 0x89, 0x9a,
        0x54, 0x43, 0x32, 0x21, 0xef, 0x00, 0x11, 0x22, 0xcc, 0xbb, 0xaa, 0x99,
        0x77, 0x88, 0x99, 0xaa, 0x44, 0x33, 0x22, 0x11, 0xff, 0x10, 0x21, 0x32,
        0xbc, 0xab, 0x9a, 0x89, 0x87, 0x98, 0xa9, 0xba, 0x34, 0x23, 0x12, 0x01,
        0x0f, 0x20, 0x31, 0x42, 0xac, 0x9b, 0x8a, 0x79, 0x97, 0xa8, 0xb9, 0xca,
        0x24, 0x13, 0x02, 0xf1, 0x1f, 0x30, 0x41, 0x52, 0x9c, 0x8b, 0x7a, 0x69,
        0xa7, 0xb8, 0xc9, 0xda, 0x14, 0x03, 0xf2, 0xe1, 0x33, 0xcc, 0xcc, 0x33,
        0xcc, 0x33, 0x33, 0xcc, 0xcc, 0x33, 0x33, 0xcc, 0x33, 0xcc, 0xcc, 0x33,
        0x33, 0xcc, 0xcc, 0x33, 0xcc, 0x33, 0x33, 0xcc, 0xcc, 0x33, 0x33, 0xcc,
        0x33, 0xcc, 0xcc, 0x33, 0x33, 0xcc, 0xcc, 0x33, 0xcc, 0x33, 0x33, 0xcc,
        0xcc, 0x33, 0x33, 0xcc, 0x33, 0xcc, 0xcc, 0x33, 0x33, 0xcc, 0xcc, 0x33,
        0xcc, 0x33, 0x33, 0xcc, 0xcc, 0x33, 0x33, 0xcc, 0x33, 0xcc, 0xcc, 0x33,
        0x33, 0xcc, 0xcc, 0x33, 0xcc, 0x33, 0x33, 0xcc, 0xcc, 0x33, 0x33, 0xcc,
        0x33, 0xcc, 0xcc, 0x33, 0xcc, 0xcc, 0xcc, 0xcc, 0xcc, 0xcc, 0xcc, 0xcc,
        0x33, 0x33, 0x33, 0x33, 0x33, 0x33, 0x33, 0x33, 0xcc, 0xcc, 0xcc, 0xcc,
        0xcc, 0xcc, 0xcc, 0xcc, 0x33, 0x33, 0x33, 0x33, 0x33, 0x33, 0x33, 0x33,
        0xcc, 0xcc, 0xcc, 0xcc, 0xcc, 0xcc, 0xcc, 0xcc, 0x33, 0x33, 0x33, 0x33,
        0x33, 0x33, 0x33, 0x33, 0xcc, 0xcc, 0xcc, 0xcc, 0xcc, 0xcc, 0xcc, 0xcc,
        0x33, 0x33, 0x33, 0x33, 0x33, 0x33, 0x33, 0x33, 0xcc, 0xcc, 0xcc, 0xcc,
        0xcc, 0xcc, 0xcc, 0xcc, 0x33, 0x33, 0x33, 0x33, 0x33, 0x33, 0x33, 0x33,
        0x3c, 0xc3, 0x3c, 0xc3, 0x3c, 0xc3, 0x3c, 0xc3, 0xc3, 0x3c, 0xc3, 0x3c,
        0xc3, 0x3c, 0xc3, 0x3c, 0x3c, 0xc3, 0x3c, 0xc3, 0x3c, 0xc3, 0x3c, 0xc3,
        0xc3, 0x3c, 0xc3, 0x3c, 0xc3, 0x3c, 0xc3, 0x3c, 0x3c, 0xc3, 0x3c, 0xc3,
        0x3c, 0xc3, 0x3c, 0xc3, 0xc3, 0x3c, 0xc3, 0x3c, 0xc3, 0x3c, 0xc3, 0x3c,
        0x3c, 0xc3, 0x3c, 0xc3, 0x3c, 0xc3, 0x3c, 0xc3, 0xc3, 0x3c, 0xc3, 0x3c,
        0xc3, 0x3c, 0xc3, 0x3c, 0x3c, 0xc3, 0x3c, 0xc3, 0x3c, 0xc3, 0x3c, 0xc3,
        0xc3, 0x3c, 0xc3, 0x3c, 0xc3, 0x3c, 0xc3, 0x3c, 0xc3, 0x3c, 0xc3, 0x3c,
        0xc3, 0x3c, 0xc3, 0x3c, 0xc3, 0x3c, 0xc3, 0x3c, 0xc3, 0x3c, 0xc3, 0x3c,
        0xc3, 0x3c, 0xc3, 0x3c, 0xc3, 0x3c, 0xc3, 0x3c, 0xc3, 0x3c, 0xc3, 0x3c,
        0xc3, 0x3c, 0xc3, 0x3c, 0xc3, 0x3c, 0xc3, 0x3c, 0xc3, 0x3c, 0xc3, 0x3c,
        0xc3, 0x3c, 0xc3, 0x3c, 0xc3, 0x3c, 0xc3, 0x3c, 0xc3, 0x3c, 0xc3, 0x3c,
        0xc3, 0x3c, 0xc3, 0x3c, 0xc3, 0x3c, 0xc3, 0x3c, 0xc3, 0x3c, 0xc3, 0x3c,
        0xc3, 0x3c, 0xc3, 0x3c, 0xc3, 0x3c, 0xc3, 0x3c, 0xc3, 0x3c, 0xc3, 0x3c,
        0xc3, 0x3c, 0xc3, 0x3c, 0x99, 0x66, 0x66, 0x99, 0x99, 0x66, 0x66, 0x99,
        0x99, 0x66, 0x66, 0x99, 0x99, 0x66, 0x66, 0x99, 0x99, 0x66, 0x66, 0x99,
        0x99, 0x66, 0x66, 0x99, 0x99, 0x66, 0x66, 0x99, 0x99, 0x66, 0x66, 0x99,
        0x99, 0x66, 0x66, 0x99, 0x99, 0x66, 0x66, 0x99, 0x99, 0x66, 0x66, 0x99,
        0x99, 0x66, 0x66, 0x99, 0x99, 0x66, 0x66, 0x99, 0x99, 0x66, 0x66, 0x99,
        0x99, 0x66, 0x66, 0x99, 0x99, 0x66, 0x66, 0x99, 0x99, 0x66, 0x66, 0x99,
        0x99, 0x66, 0x66, 0x99, 0x99, 0x66, 0x66, 0x99, 0x99, 0x66, 0x66, 0x99,
        0xa5, 0xa5, 0xa5, 0xa5, 0xa5, 0xa5, 0xa5, 0xa5, 0x5a, 0x5a, 0x5a, 0x5a,
        0x5a, 0x5a, 0x5a, 0x5a, 0xa5, 0xa5, 0xa5, 0xa5, 0xa5, 0xa5, 0xa5, 0xa5,
        0x5a, 0x5a, 0x5a, 0x5a, 0x5a, 0x5a, 0x5a, 0x5a, 0xa5, 0xa5, 0xa5, 0xa5,
        0xa5, 0xa5, 0xa5, 0xa5, 0x5a, 0x5a, 0x5a, 0x5a, 0x5a, 0x5a, 0x5a, 0x5a,
        0xa5, 0xa5, 0xa5, 0xa5, 0xa5, 0xa5, 0xa5, 0xa5, 0x5a, 0x5a, 0x5a, 0x5a,
        0x5a, 0x5a, 0x5a, 0x5a, 0xa5, 0xa5, 0xa5, 0xa5, 0xa5, 0xa5, 0xa5, 0xa5,
        0x5a, 0x5a, 0x5a, 0x5a, 0x5a, 0x5a, 0x5a, 0x5a, 0xa5, 0xa5, 0x5a, 0x5a,
        0x5a, 0x5a, 0xa5, 0xa5, 0xa5, 0xa5, 0x5a, 0x5a, 0x5a, 0x5a, 0xa5, 0xa5,
        0xa5, 0xa5, 0x5a, 0x5a, 0x5a, 0x5a, 0xa5, 0xa5, 0xa5, 0xa5, 0x5a, 0x5a,
        0x5a, 0x5a, 0xa5, 0xa5, 0xa5, 0xa5, 0x5a, 0x5a, 0x5a, 0x5a, 0xa5, 0xa5,
        0xa5, 0xa5, 0x5a, 0x5a, 0x5a, 0x5a, 0xa5, 0xa5, 0xa5, 0xa5, 0x5a, 0x5a,
        0x5a, 0x5a, 0xa5, 0xa5, 0xa5, 0xa5, 0x5a, 0x5a, 0x5a, 0x5a, 0xa5, 0xa5,
        0xa5, 0xa5, 0x5a, 0x5a, 0x5a, 0x5a, 0xa5, 0xa5, 0xa5, 0xa5, 0x5a, 0x5a,
        0x5a, 0x5a, 0xa5, 0xa5, 0x3c, 0x3c, 0xc3, 0xc3, 0x3c, 0x3c, 0xc3, 0xc3,
        0xc3, 0xc3, 0x3c, 0x3c, 0xc3, 0xc3, 0x3c, 0x3c, 0x3c, 0x3c, 0xc3, 0xc3,
        0x3c, 0x3c, 0xc3, 0xc3, 0xc3, 0xc3, 0x3c, 0x3c, 0xc3, 0xc3, 0x3c, 0x3c,
        0x3c, 0x3c, 0xc3, 0xc3, 0x3c, 0x3c, 0xc3, 0xc3, 0xc3, 0xc3, 0x3c, 0x3c,
        0xc3, 0xc3, 0x3c, 0x3c, 0x3c, 0x3c, 0xc3, 0xc3, 0x3c, 0x3c, 0xc3, 0xc3,
        0xc3, 0xc3, 0x3c, 0x3c, 0xc3, 0xc3, 0x3c, 0x3c, 0x3c, 0x3c, 0xc3, 0xc3,
        0x3c, 0x3c, 0xc3, 0xc3, 0xc3, 0xc3, 0x3c, 0x3c, 0xc3, 0xc3, 0x3c, 0x3c,
        0x66, 0x99, 0x66, 0x99, 0x99, 0x66, 0x99, 0x66, 0x99, 0x66, 0x99, 0x66,
        0x66, 0x99, 0x66, 0x99, 0x66, 0x99, 0x66, 0x99, 0x99, 0x66, 0x99, 0x66,
        0x99, 0x66, 0x99, 0x66, 0x66, 0x99, 0x66, 0x99, 0x66, 0x99, 0x66, 0x99,
        0x99, 0x66, 0x99, 0x66, 0x99, 0x66, 0x99, 0x66, 0x66, 0x99, 0x66, 0x99,
        0x66, 0x99, 0x66, 0x99, 0x99, 0x66, 0x99, 0x66, 0x99, 0x66, 0x99, 0x66,
        0x66, 0x99, 0x66, 0x99, 0x66, 0x99, 0x66, 0x99, 0x99, 0x66, 0x99, 0x66,
        0x99, 0x66, 0x99, 0x66, 0x66, 0x99, 0x66, 0x99, 0x0f, 0x0f, 0x0f, 0x0f,
        0xf0, 0xf0, 0xf0, 0xf0, 0xf0, 0xf0, 0xf0, 0xf0, 0x0f, 0x0f, 0x0f, 0x0f,
        0x0f, 0x0f, 0x0f, 0x0f, 0xf0, 0xf0, 0xf0, 0xf0, 0xf0, 0xf0, 0xf0, 0xf0,
        0x0f, 0x0f, 0x0f, 0x0f, 0x0f, 0x0f, 0x0f, 0x0f, 0xf0, 0xf0, 0xf0, 0xf0,
        0xf0, 0xf0, 0xf0, 0xf0, 0x0f, 0x0f, 0x0f, 0x0f, 0x0f, 0x0f, 0x0f, 0x0f,
        0xf0, 0xf0, 0xf0, 0xf0, 0xf0, 0xf0, 0xf0, 0xf0, 0x0f, 0x0f, 0x0f, 0x0f,
        0x0f, 0x0f, 0x0f, 0x0f, 0xf0, 0xf0, 0xf0, 0xf0, 0xf0, 0xf0, 0xf0, 0xf0,
        0x0f, 0x0f, 0x0f, 0x0f, 0x99, 0x66, 0x66, 0x99, 0x66, 0x99, 0x99, 0x66,
        0x99, 0x66, 0x66, 0x99, 0x66, 0x99, 0x99, 0x66, 0x99, 0x66, 0x66, 0x99,
        0x66, 0x99, 0x99, 0x66, 0x99, 0x66, 0x66, 0x99, 0x66, 0x99, 0x99, 0x66,
        0x99, 0x66, 0x66, 0x99, 0x66, 0x99, 0x99, 0x66, 0x99, 0x66, 0x66, 0x99,
        0x66, 0x99, 0x99, 0x66, 0x99, 0x66, 0x66, 0x99, 0x66, 0x99, 0x99, 0x66,
        0x99, 0x66, 0x66, 0x99, 0x66, 0x99, 0x99, 0x66, 0x99, 0x66, 0x66, 0x99,
        0x66, 0x99, 0x99, 0x66, 0x99, 0x66, 0x66, 0x99, 0x66, 0x99, 0x99, 0x66,
        0x0f, 0xf0, 0xf0, 0x0f, 0x0f, 0xf0, 0xf0, 0x0f, 0x0f, 0xf0, 0xf0, 0x0f,
        0x0f, 0xf0, 0xf0, 0x0f, 0x0f, 0xf0, 0xf0, 0x0f, 0x0f, 0xf0, 0xf0, 0x0f,
        0x0f, 0xf0, 0xf0, 0x0f, 0x0f, 0xf0, 0xf0, 0x0f, 0x0f, 0xf0, 0xf0, 0x0f,
        0x0f, 0xf0, 0xf0, 0x0f, 0x0f, 0xf0, 0xf0, 0x0f, 0x0f, 0xf0, 0xf0, 0x0f,
        0x0f, 0xf0, 0xf0, 0x0f, 0x0f, 0xf0, 0xf0, 0x0f, 0x0f, 0xf0, 0xf0, 0x0f,
        0x0f, 0xf0, 0xf0, 0x0f, 0x0f, 0xf0, 0xf0, 0x0f, 0x0f, 0xf0, 0xf0, 0x0f,
        0x0f, 0xf0, 0xf0, 0x0f, 0x0f, 0xf0, 0xf0, 0x0f, 0x66, 0x99, 0x99, 0x66,
        0x66, 0x99, 0x99, 0x66, 0x66, 0x99, 0x99, 0x66, 0x66, 0x99, 0x99, 0x66,
        0x66, 0x99, 0x99, 0x66, 0x66, 0x99, 0x99, 0x66, 0x66, 0x99, 0x99, 0x66,
        0x66, 0x99, 0x99, 0x66, 0x66, 0x99, 0x99, 0x66, 0x66, 0x99, 0x99, 0x66,
        0x66, 0x99, 0x99, 0x66, 0x66, 0x99, 0x99, 0x66, 0x66, 0x99, 0x99, 0x66,
        0x66, 0x99, 0x99, 0x66, 0x66, 0x99, 0x99, 0x66, 0x66, 0x99, 0x99, 0x66,
        0x66, 0x99, 0x99, 0x66, 0x66, 0x99, 0x99, 0x66, 0x66, 0x99, 0x99, 0x66,
        0x66, 0x99, 0x99, 0x66, 0xcc, 0x33, 0x33, 0xcc, 0x33, 0xcc, 0xcc, 0x33,
        0xcc, 0x33, 0x33, 0xcc, 0x33, 0xcc, 0xcc, 0x33, 0xcc, 0x33, 0x33, 0xcc,
        0x33, 0xcc, 0xcc, 0x33, 0xcc, 0x33, 0x33, 0xcc, 0x33, 0xcc, 0xcc, 0x33,
        0xcc, 0x33, 0x33, 0xcc, 0x33, 0xcc, 0xcc, 0x33, 0xcc, 0x33, 0x33, 0xcc,
        0x33, 0xcc, 0xcc, 0x33, 0xcc, 0x33, 0x33, 0xcc, 0x33, 0xcc, 0xcc, 0x33,
        0xcc, 0x33, 0x33, 0xcc, 0x33, 0xcc, 0xcc, 0x33, 0xcc, 0x33, 0x33, 0xcc,
        0x33, 0xcc, 0xcc, 0x33, 0xcc, 0x33, 0x33, 0xcc, 0x33, 0xcc, 0xcc, 0x33,
        0x00, 0xff, 0x00, 0xff, 0xff, 0x00, 0xff, 0x00, 0xff, 0x00, 0xff, 0x00,
        0x00, 0xff, 0x00, 0xff, 0x00, 0xff, 0x00, 0xff, 0xff, 0x00, 0xff, 0x00,
        0xff, 0x00, 0xff, 0x00, 0x00, 0xff, 0x00, 0xff, 0x00, 0xff, 0x00, 0xff,
        0xff, 0x00, 0xff, 0x00, 0xff, 0x00, 0xff, 0x00, 0x00, 0xff, 0x00, 0xff,
        0x00, 0xff, 0x00, 0xff, 0xff, 0x00, 0xff, 0x00, 0xff, 0x00, 0xff, 0x00,
        0x00, 0xff, 0x00, 0xff, 0x00, 0xff, 0x00, 0xff, 0xff, 0x00, 0xff, 0x00,
        0xff, 0x00, 0xff, 0x00, 0x00, 0xff, 0x00, 0xff, 0xa5, 0xa5, 0x5a, 0x5a,
        0x5a, 0x5a, 0xa5, 0xa5, 0xa5, 0xa5, 0x5a, 0x5a, 0x5a, 0x5a, 0xa5, 0xa5,
        0xa5, 0xa5, 0x5a, 0x5a, 0x5a, 0x5a, 0xa5, 0xa5, 0xa5, 0xa5, 0x5a, 0x5a,
        0x5a, 0x5a, 0xa5, 0xa5, 0xa5, 0xa5, 0x5a, 0x5a, 0x5a, 0x5a, 0xa5, 0xa5,
        0xa5, 0xa5, 0x5a, 0x5a, 0x5a, 0x5a, 0xa5, 0xa5, 0xa5, 0xa5, 0x5a, 0x5a,
        0x5a, 0x5a, 0xa5, 0xa5, 0xa5, 0xa5, 0x5a, 0x5a, 0x5a, 0x5a, 0xa5, 0xa5,
        0xa5, 0xa5, 0x5a, 0x5a, 0x5a, 0x5a, 0xa5, 0xa5, 0xa5, 0xa5, 0x5a, 0x5a,
        0x5a, 0x5a, 0xa5, 0xa5, 0x96, 0x69, 0x69, 0x96, 0x96, 0x69, 0x69, 0x96,
        0x96, 0x69, 0x69, 0x96, 0x96, 0x69, 0x69, 0x96, 0x96, 0x69, 0x69, 0x96,
        0x96, 0x69, 0x69, 0x96, 0x96, 0x69, 0x69, 0x96, 0x96, 0x69, 0x69, 0x96,
        0x96, 0x69, 0x69, 0x96, 0x96, 0x69, 0x69, 0x96, 0x96, 0x69, 0x69, 0x96,
        0x96, 0x69, 0x69, 0x96, 0x96, 0x69, 0x69, 0x96, 0x96, 0x69, 0x69, 0x96,
        0x96, 0x69, 0x69, 0x96, 0x96, 0x69, 0x69, 0x96, 0x96, 0x69, 0x69, 0x96,
        0x96, 0x69, 0x69, 0x96, 0x96, 0x69, 0x69, 0x96, 0x96, 0x69, 0x69, 0x96,
        0x96, 0x96, 0x96, 0x96, 0x69, 0x69, 0x69, 0x69, 0x96, 0x96, 0x96, 0x96,
        0x69, 0x69, 0x69, 0x69, 0x96, 0x96, 0x96, 0x96, 0x69, 0x69, 0x69, 0x69,
        0x96, 0x96, 0x96, 0x96, 0x69, 0x69, 0x69, 0x69, 0x96, 0x96, 0x96, 0x96,
        0x69, 0x69, 0x69, 0x69, 0x96, 0x96, 0x96, 0x96, 0x69, 0x69, 0x69, 0x69,
        0x96, 0x96, 0x96, 0x96, 0x69, 0x69, 0x69, 0x69, 0x96, 0x96, 0x96, 0x96,
        0x69, 0x69, 0x69, 0x69, 0x96, 0x96, 0x96, 0x96, 0x69, 0x69, 0x69, 0x69,
        0x96, 0x96, 0x96, 0x96, 0x69, 0x69, 0x69, 0x69, 0x33, 0x33, 0x33, 0x33,
        0xcc, 0xcc, 0xcc, 0xcc, 0x33, 0x33, 0x33, 0x33, 0xcc, 0xcc, 0xcc, 0xcc,
        0x33, 0x33, 0x33, 0x33, 0xcc, 0xcc, 0xcc, 0xcc, 0x33, 0x33, 0x33, 0x33,
        0xcc, 0xcc, 0xcc, 0xcc, 0x33, 0x33, 0x33, 0x33, 0xcc, 0xcc, 0xcc, 0xcc,
        0x33, 0x33, 0x33, 0x33, 0xcc, 0xcc, 0xcc, 0xcc, 0x33, 0x33, 0x33, 0x33,
        0xcc, 0xcc, 0xcc, 0xcc, 0x33, 0x33, 0x33, 0x33, 0xcc, 0xcc, 0xcc, 0xcc,
        0x33, 0x33, 0x33, 0x33, 0xcc, 0xcc, 0xcc, 0xcc, 0x33, 0x33, 0x33, 0x33,
        0xcc, 0xcc, 0xcc, 0xcc, 0x0c, 0xe0, 0xee, 0x0e, 0x3f, 0xd3, 0x5d, 0xb5,
        0x7b, 0x97, 0x99, 0x49, 0x58, 0xd4, 0x3a, 0xf2, 0x1c, 0x10, 0xfe, 0x3e,
        0x2f, 0xa3, 0x4d, 0x85, 0x6b, 0x67, 0x89, 0x59, 0x28, 0xc4, 0x0a, 0xe2,
        0xec, 0x00, 0xce, 0x2e, 0x5f, 0xb3, 0x7d, 0x95, 0x9b, 0x77, 0xb9, 0x29,
        0x38, 0xf4, 0x1a, 0x12, 0xfc, 0x30, 0xde, 0x5e, 0x4f, 0x83, 0x6d, 0x65,
        0x8b, 0x47, 0xa9, 0x39, 0x08, 0xe4, 0xea, 0x02, 0xcc, 0x20, 0xae, 0x4e,
        0x7f, 0x93, 0x9d, 0x75, 0xbb, 0x57, 0xd9, 0x09, 0x18, 0x14, 0xfa, 0x32,
        0x3c, 0xc3, 0x3c, 0xc3, 0x3c, 0xc3, 0x3c, 0xc3, 0xc3, 0x3c, 0xc3, 0x3c,
        0xc3, 0x3c, 0xc3, 0x3c, 0x3c, 0xc3, 0x3c, 0xc3, 0x3c, 0xc3, 0x3c, 0xc3,
        0xc3, 0x3c, 0xc3, 0x3c, 0xc3, 0x3c, 0xc3, 0x3c, 0x3c, 0xc3, 0x3c, 0xc3,
        0x3c, 0xc3, 0x3c, 0xc3, 0xc3, 0x3c, 0xc3, 0x3c, 0xc3, 0x3c, 0xc3, 0x3c,
        0x3c, 0xc3, 0x3c, 0xc3, 0x3c, 0xc3, 0x3c, 0xc3, 0xc3, 0x3c, 0xc3, 0x3c,
        0xc3, 0x3c, 0xc3, 0x3c, 0x3c, 0xc3, 0x3c, 0xc3, 0x3c, 0xc3, 0x3c, 0xc3,
        0xc3, 0x3c, 0xc3, 0x3c, 0xc3, 0x3c, 0xc3, 0x3c, 0xa5, 0x5a, 0xa5, 0x5a,
        0x5a, 0xa5, 0x5a, 0xa5, 0x5a, 0xa5, 0x5a, 0xa5, 0xa5, 0x5a, 0xa5, 0x5a,
        0xa5, 0x5a, 0xa5, 0x5a, 0x5a, 0xa5, 0x5a, 0xa5, 0x5a, 0xa5, 0x5a, 0xa5,
        0xa5, 0x5a, 0xa5, 0x5a, 0xa5, 0x5a, 0xa5, 0x5a, 0x5a, 0xa5, 0x5a, 0xa5,
        0x5a, 0xa5, 0x5a, 0xa5, 0xa5, 0x5a, 0xa5, 0x5a, 0xa5, 0x5a, 0xa5, 0x5a,
        0x5a, 0xa5, 0x5a, 0xa5, 0x5a, 0xa5, 0x5a, 0xa5, 0xa5, 0x5a, 0xa5, 0x5a,
        0xa5, 0x5a, 0xa5, 0x5a, 0x5a, 0xa5, 0x5a, 0xa5, 0x5a, 0xa5, 0x5a, 0xa5,
        0xa5, 0x5a, 0xa5, 0x5a, 0x0f, 0x0f, 0xf0, 0xf0, 0x0f, 0x0f, 0xf0, 0xf0,
        0xf0, 0xf0, 0x0f, 0x0f, 0xf0, 0xf0, 0x0f, 0x0f, 0x0f, 0x0f, 0xf0, 0xf0,
        0x0f, 0x0f, 0xf0, 0xf0, 0xf0, 0xf0, 0x0f, 0x0f, 0xf0, 0xf0, 0x0f, 0x0f,
        0x0f, 0x0f, 0xf0, 0xf0, 0x0f, 0x0f, 0xf0, 0xf0, 0xf0, 0xf0, 0x0f, 0x0f,
        0xf0, 0xf0, 0x0f, 0x0f, 0x0f, 0x0f, 0xf0, 0xf0, 0x0f, 0x0f, 0xf0, 0xf0,
        0xf0, 0xf0, 0x0f, 0x0f, 0xf0, 0xf0, 0x0f, 0x0f, 0x0f, 0x0f, 0xf0, 0xf0,
        0x0f, 0x0f, 0xf0, 0xf0, 0xf0, 0xf0, 0x0f, 0x0f, 0xf0, 0xf0, 0x0f, 0x0f,
        0x5a, 0x5a, 0xa5, 0xa5, 0x5a, 0x5a, 0xa5, 0xa5, 0xa5, 0xa5, 0x5a, 0x5a,
        0xa5, 0xa5, 0x5a, 0x5a, 0x5a, 0x5a, 0xa5, 0xa5, 0x5a, 0x5a, 0xa5, 0xa5,
        0xa5, 0xa5, 0x5a, 0x5a, 0xa5, 0xa5, 0x5a, 0x5a, 0x5a, 0x5a, 0xa5, 0xa5,
        0x5a, 0x5a, 0xa5, 0xa5, 0xa5, 0xa5, 0x5a, 0x5a, 0xa5, 0xa5, 0x5a, 0x5a,
        0x5a, 0x5a, 0xa5, 0xa5, 0x5a, 0x5a, 0xa5, 0xa5, 0xa5, 0xa5, 0x5a, 0x5a,
        0xa5, 0xa5, 0x5a, 0x5a, 0x5a, 0x5a, 0xa5, 0xa5, 0x5a, 0x5a, 0xa5, 0xa5,
        0xa5, 0xa5, 0x5a, 0x5a, 0xa5, 0xa5, 0x5a, 0x5a, 0x5a, 0xa5, 0xa5, 0x5a,
        0x5a, 0xa5, 0xa5, 0x5a, 0xa5, 0x5a, 0x5a, 0xa5, 0xa5, 0x5a, 0x5a, 0xa5,
        0x5a, 0xa5, 0xa5, 0x5a, 0x5a, 0xa5, 0xa5, 0x5a, 0xa5, 0x5a, 0x5a, 0xa5,
        0xa5, 0x5a, 0x5a, 0xa5, 0x5a, 0xa5, 0xa5, 0x5a, 0x5a, 0xa5, 0xa5, 0x5a,
        0xa5, 0x5a, 0x5a, 0xa5, 0xa5, 0x5a, 0x5a, 0xa5, 0x5a, 0xa5, 0xa5, 0x5a,
        0x5a, 0xa5, 0xa5, 0x5a, 0xa5, 0x5a, 0x5a, 0xa5, 0xa5, 0x5a, 0x5a, 0xa5,
        0x5a, 0xa5, 0xa5, 0x5a, 0x5a, 0xa5, 0xa5, 0x5a, 0xa5, 0x5a, 0x5a, 0xa5,
        0xa5, 0x5a, 0x5a, 0xa5, 0xaa, 0x55, 0xaa, 0x55, 0xaa, 0x55, 0xaa, 0x55,
        0x55, 0xaa, 0x55, 0xaa, 0x55, 0xaa, 0x55, 0xaa, 0xaa, 0x55, 0xaa, 0x55,
        0xaa, 0x55, 0xaa, 0x55, 0x55, 0xaa, 0x55, 0xaa, 0x55, 0xaa, 0x55, 0xaa,
        0xaa, 0x55, 0xaa, 0x55, 0xaa, 0x55, 0xaa, 0x55, 0x55, 0xaa, 0x55, 0xaa,
        0x55, 0xaa, 0x55, 0xaa, 0xaa, 0x55, 0xaa, 0x55, 0xaa, 0x55, 0xaa, 0x55,
        0x55, 0xaa, 0x55, 0xaa, 0x55, 0xaa, 0x55, 0xaa, 0xaa, 0x55, 0xaa, 0x55,
        0xaa, 0x55, 0xaa, 0x55, 0x55, 0xaa, 0x55, 0xaa, 0x55, 0xaa, 0x55, 0xaa,
        0x66, 0x66, 0x99, 0x99, 0x99, 0x99, 0x66, 0x66, 0x66, 0x66, 0x99, 0x99,
        0x99, 0x99, 0x66, 0x66, 0x66, 0x66, 0x99, 0x99, 0x99, 0x99, 0x66, 0x66,
        0x66, 0x66, 0x99, 0x99, 0x99, 0x99, 0x66, 0x66, 0x66, 0x66, 0x99, 0x99,
        0x99, 0x99, 0x66, 0x66, 0x66, 0x66, 0x99, 0x99, 0x99, 0x99, 0x66, 0x66,
        0x66, 0x66, 0x99, 0x99, 0x99, 0x99, 0x66, 0x66, 0x66, 0x66, 0x99, 0x99,
        0x99, 0x99, 0x66, 0x66, 0x66, 0x66, 0x99, 0x99, 0x99, 0x99, 0x66, 0x66,
        0x66, 0x66, 0x99, 0x99, 0x99, 0x99, 0x66, 0x66, 0xff, 0x00, 0xff, 0x00,
        0x00, 0xff, 0x00, 0xff, 0xff, 0x00, 0xff, 0x00, 0x00, 0xff, 0x00, 0xff,
        0xff, 0x00, 0xff, 0x00, 0x00, 0xff, 0x00, 0xff, 0xff, 0x00, 0xff, 0x00,
        0x00, 0xff, 0x00, 0xff, 0xff, 0x00, 0xff, 0x00, 0x00, 0xff, 0x00, 0xff,
        0xff, 0x00, 0xff, 0x00, 0x00, 0xff, 0x00, 0xff, 0xff, 0x00, 0xff, 0x00,
        0x00, 0xff, 0x00, 0xff, 0xff, 0x00, 0xff, 0x00, 0x00, 0xff, 0x00, 0xff,
        0xff, 0x00, 0xff, 0x00, 0x00, 0xff, 0x00, 0xff, 0xff, 0x00, 0xff, 0x00,
        0x00, 0xff, 0x00, 0xff, 0xf0, 0xf0, 0xf0, 0xf0, 0x0f, 0x0f, 0x0f, 0x0f,
        0x0f, 0x0f, 0x0f, 0x0f, 0xf0, 0xf0, 0xf0, 0xf0, 0xf0, 0xf0, 0xf0, 0xf0,
        0x0f, 0x0f, 0x0f, 0x0f, 0x0f, 0x0f, 0x0f, 0x0f, 0xf0, 0xf0, 0xf0, 0xf0,
        0xf0, 0xf0, 0xf0, 0xf0, 0x0f, 0x0f, 0x0f, 0x0f, 0x0f, 0x0f, 0x0f, 0x0f,
        0xf0, 0xf0, 0xf0, 0xf0, 0xf0, 0xf0, 0xf0, 0xf0, 0x0f, 0x0f, 0x0f, 0x0f,
        0x0f, 0x0f, 0x0f, 0x0f, 0xf0, 0xf0, 0xf0, 0xf0, 0xf0, 0xf0, 0xf0, 0xf0,
        0x0f, 0x0f, 0x0f, 0x0f, 0x0f, 0x0f, 0x0f, 0x0f, 0xf0, 0xf0, 0xf0, 0xf0,
        0x33, 0xcc, 0x33, 0xcc, 0xcc, 0x33, 0xcc, 0x33, 0x33, 0xcc, 0x33, 0xcc,
        0xcc, 0x33, 0xcc, 0x33, 0x33, 0xcc, 0x33, 0xcc, 0xcc, 0x33, 0xcc, 0x33,
        0x33, 0xcc, 0x33, 0xcc, 0xcc, 0x33, 0xcc, 0x33, 0x33, 0xcc, 0x33, 0xcc,
        0xcc, 0x33, 0xcc, 0x33, 0x33, 0xcc, 0x33, 0xcc, 0xcc, 0x33, 0xcc, 0x33,
        0x33, 0xcc, 0x33, 0xcc, 0xcc, 0x33, 0xcc, 0x33, 0x33, 0xcc, 0x33, 0xcc,
        0xcc, 0x33, 0xcc, 0x33, 0x33, 0xcc, 0x33, 0xcc, 0xcc, 0x33, 0xcc, 0x33,
        0x33, 0xcc, 0x33, 0xcc, 0xcc, 0x33, 0xcc, 0x33, 0x55, 0x55, 0xaa, 0xaa,
        0x55, 0x55, 0xaa, 0xaa, 0x55, 0x55, 0xaa, 0xaa, 0x55, 0x55, 0xaa, 0xaa,
        0x55, 0x55, 0xaa, 0xaa, 0x55, 0x55, 0xaa, 0xaa, 0x55, 0x55, 0xaa, 0xaa,
        0x55, 0x55, 0xaa, 0xaa, 0x55, 0x55, 0xaa, 0xaa, 0x55, 0x55, 0xaa, 0xaa,
        0x55, 0x55, 0xaa, 0xaa, 0x55, 0x55, 0xaa, 0xaa, 0x55, 0x55, 0xaa, 0xaa,
        0x55, 0x55, 0xaa, 0xaa, 0x55, 0x55, 0xaa, 0xaa, 0x55, 0x55, 0xaa, 0xaa,
        0x55, 0x55, 0xaa, 0xaa, 0x55, 0x55, 0xaa, 0xaa, 0x55, 0x55, 0xaa, 0xaa,
        0x55, 0x55, 0xaa, 0xaa, 0x55, 0xaa, 0xaa, 0x55, 0x55, 0xaa, 0xaa, 0x55,
        0xaa, 0x55, 0x55, 0xaa, 0xaa, 0x55, 0x55, 0xaa, 0x55, 0xaa, 0xaa, 0x55,
        0x55, 0xaa, 0xaa, 0x55, 0xaa, 0x55, 0x55, 0xaa, 0xaa, 0x55, 0x55, 0xaa,
        0x55, 0xaa, 0xaa, 0x55, 0x55, 0xaa, 0xaa, 0x55, 0xaa, 0x55, 0x55, 0xaa,
        0xaa, 0x55, 0x55, 0xaa, 0x55, 0xaa, 0xaa, 0x55, 0x55, 0xaa, 0xaa, 0x55,
        0xaa, 0x55, 0x55, 0xaa, 0xaa, 0x55, 0x55, 0xaa, 0x55, 0xaa, 0xaa, 0x55,
        0x55, 0xaa, 0xaa, 0x55, 0xaa, 0x55, 0x55, 0xaa, 0xaa, 0x55, 0x55, 0xaa,
        0xa5, 0x5a, 0x5a, 0xa5, 0x5a, 0xa5, 0xa5, 0x5a, 0xa5, 0x5a, 0x5a, 0xa5,
        0x5a, 0xa5, 0xa5, 0x5a, 0xa5, 0x5a, 0x5a, 0xa5, 0x5a, 0xa5, 0xa5, 0x5a,
        0xa5, 0x5a, 0x5a, 0xa5, 0x5a, 0xa5, 0xa5, 0x5a, 0xa5, 0x5a, 0x5a, 0xa5,
        0x5a, 0xa5, 0xa5, 0x5a, 0xa5, 0x5a, 0x5a, 0xa5, 0x5a, 0xa5, 0xa5, 0x5a,
        0xa5, 0x5a, 0x5a, 0xa5, 0x5a, 0xa5, 0xa5, 0x5a, 0xa5, 0x5a, 0x5a, 0xa5,
        0x5a, 0xa5, 0xa5, 0x5a, 0xa5, 0x5a, 0x5a, 0xa5, 0x5a, 0xa5, 0xa5, 0x5a,
        0xa5, 0x5a, 0x5a, 0xa5, 0x5a, 0xa5, 0xa5, 0x5a, 0x76, 0xfa, 0x14, 0xd4,
        0x3a, 0x36, 0xd8, 0x10, 0xfe, 0x72, 0x9c, 0x4c, 0x42, 0xae, 0x60, 0x88,
        0x06, 0xea, 0x24, 0xc4, 0xca, 0x26, 0xe8, 0x00, 0x8e, 0x62, 0xac, 0xbc,
        0x52, 0x9e, 0x70, 0xf8, 0x16, 0xda, 0x34, 0x34, 0xda, 0x16, 0xf8, 0x70,
        0x9e, 0x52, 0xbc, 0xac, 0x62, 0x8e, 0x00, 0xe8, 0x26, 0xca, 0xc4, 0x24,
        0xea, 0x06, 0x88, 0x60, 0xae, 0x42, 0x4c, 0x9c, 0x72, 0xfe, 0x10, 0xd8,
        0x36, 0x3a, 0xd4, 0x14, 0xfa, 0x76, 0x98, 0x50, 0xbe, 0xb2, 0x5c, 0x8c,
        0x02, 0xee, 0x20, 0xc8, 0x9b, 0xa4, 0xb5, 0x46, 0xa8, 0x9f, 0x8e, 0xfd,
        0x13, 0x3c, 0xcd, 0xde, 0x10, 0x07, 0x76, 0x65, 0xab, 0xb4, 0x45, 0x56,
        0x98, 0x8f, 0xfe, 0xed, 0x23, 0xcc, 0xdd, 0xee, 0x00, 0x77, 0x66, 0x55,
        0xbb, 0x44, 0x55, 0x66, 0x88, 0xff, 0xee, 0xdd, 0x33, 0xdc, 0xed, 0xfe,
        0x70, 0x67, 0x56, 0x45, 0x4b, 0x54, 0x65, 0x76, 0xf8, 0xef, 0xde, 0xcd,
        0xc3, 0xec, 0xfd, 0x8e, 0x60, 0x57, 0x46, 0xb5, 0x5b, 0x64, 0x75, 0x06,
        0xe8, 0xdf, 0xce, 0x3d, 0xd3, 0xfc, 0x8d, 0x9e, 0x50, 0x47, 0xb6, 0xa5,
        0x55, 0xaa, 0xaa, 0x55, 0xaa, 0x55, 0x55, 0xaa, 0xaa, 0x55, 0x55, 0xaa,
        0x55, 0xaa, 0xaa, 0x55, 0x55, 0xaa, 0xaa, 0x55, 0xaa, 0x55, 0x55, 0xaa,
        0xaa, 0x55, 0x55, 0xaa, 0x55, 0xaa, 0xaa, 0x55, 0x55, 0xaa, 0xaa, 0x55,
        0xaa, 0x55, 0x55, 0xaa, 0xaa, 0x55, 0x55, 0xaa, 0x55, 0xaa, 0xaa, 0x55,
        0x55, 0xaa, 0xaa, 0x55, 0xaa, 0x55, 0x55, 0xaa, 0xaa, 0x55, 0x55, 0xaa,
        0x55, 0xaa, 0xaa, 0x55, 0x55, 0xaa, 0xaa, 0x55, 0xaa, 0x55, 0x55, 0xaa,
        0xaa, 0x55, 0x55, 0xaa, 0x55, 0xaa, 0xaa, 0x55, 0xcc, 0xcc, 0xcc, 0xcc,
        0x33, 0x33, 0x33, 0x33, 0xcc, 0xcc, 0xcc, 0xcc, 0x33, 0x33, 0x33, 0x33,
        0xcc, 0xcc, 0xcc, 0xcc, 0x33, 0x33, 0x33, 0x33, 0xcc, 0xcc, 0xcc, 0xcc,
        0x33, 0x33, 0x33, 0x33, 0xcc, 0xcc, 0xcc, 0xcc, 0x33, 0x33, 0x33, 0x33,
        0xcc, 0xcc, 0xcc, 0xcc, 0x33, 0x33, 0x33, 0x33, 0xcc, 0xcc, 0xcc, 0xcc,
        0x33, 0x33, 0x33, 0x33, 0xcc, 0xcc, 0xcc, 0xcc, 0x33, 0x33, 0x33, 0x33,
        0xcc, 0xcc, 0xcc, 0xcc, 0x33, 0x33, 0x33, 0x33, 0xcc, 0xcc, 0xcc, 0xcc,
        0x33, 0x33, 0x33, 0x33, 0x00, 0x00, 0x00, 0x00, 0xff, 0xff, 0xff, 0xff,
        0xff, 0xff, 0xff, 0xff, 0x00, 0x00, 0x00, 0x00, 0x00, 0x00, 0x00, 0x00,
        0xff, 0xff, 0xff, 0xff, 0xff, 0xff, 0xff, 0xff, 0x00, 0x00, 0x00, 0x00,
        0x00, 0x00, 0x00, 0x00, 0xff, 0xff, 0xff, 0xff, 0xff, 0xff, 0xff, 0xff,
        0x00, 0x00, 0x00, 0x00, 0x00, 0x00, 0x00, 0x00, 0xff, 0xff, 0xff, 0xff,
        0xff, 0xff, 0xff, 0xff, 0x00, 0x00, 0x00, 0x00, 0x00, 0x00, 0x00, 0x00,
        0xff, 0xff, 0xff, 0xff, 0xff, 0xff, 0xff, 0xff, 0x00, 0x00, 0x00, 0x00
    },
    {
        0x0f, 0x0f, 0xf0, 0xf0, 0xf0, 0xf0, 0x0f, 0x0f, 0xf0, 0xf0, 0x0f, 0x0f,
        0x0f, 0x0f, 0xf0, 0xf0, 0x0f, 0x0f, 0xf0, 0xf0, 0xf0, 0xf0, 0x0f, 0x0f,
        0xf0, 0xf0, 0x0f, 0x0f, 0x0f, 0x0f, 0xf0, 0xf0, 0x0f, 0x0f, 0xf0, 0xf0,
        0xf0, 0xf0, 0x0f, 0x0f, 0xf0, 0xf0, 0x0f, 0x0f, 0x0f, 0x0f, 0xf0, 0xf0,
        0x0f, 0x0f, 0xf0, 0xf0, 0xf0, 0xf0, 0x0f, 0x0f, 0xf0, 0xf0, 0x0f, 0x0f,
        0x0f, 0x0f, 0xf0, 0xf0, 0x0f, 0x0f, 0xf0, 0xf0, 0xf0, 0xf0, 0x0f, 0x0f,
        0xf0, 0xf0, 0x0f, 0x0f, 0x0f, 0x0f, 0xf0, 0xf0, 0x96, 0x69, 0x96, 0x69,
        0x69, 0x96, 0x69, 0x96, 0x96, 0x69, 0x96, 0x69, 0x69, 0x96, 0x69, 0x96,
        0x96, 0x69, 0x96, 0x69, 0x69, 0x96, 0x69, 0x96, 0x96, 0x69, 0x96, 0x69,
        0x69, 0x96, 0x69, 0x96, 0x96, 0x69, 0x96, 0x69, 0x69, 0x96, 0x69, 0x96,
        0x96, 0x69, 0x96, 0x69, 0x69, 0x96, 0x69, 0x96, 0x96, 0x69, 0x96, 0x69,
        0x69, 0x96, 0x69, 0x96, 0x96, 0x69, 0x96, 0x69, 0x69, 0x96, 0x69, 0x96,
        0x96, 0x69, 0x96, 0x69, 0x69, 0x96, 0x69, 0x96, 0x96, 0x69, 0x96, 0x69,
        0x69, 0x96, 0x69, 0x96, 0x55, 0xaa, 0xaa, 0x55, 0x55, 0xaa, 0xaa, 0x55,
        0xaa, 0x55, 0x55, 0xaa, 0xaa, 0x55, 0x55, 0xaa, 0x55, 0xaa, 0xaa, 0x55,
        0x55, 0xaa, 0xaa, 0x55, 0xaa, 0x55, 0x55, 0xaa, 0xaa, 0x55, 0x55, 0xaa,
        0x55, 0xaa, 0xaa, 0x55, 0x55, 0xaa, 0xaa, 0x55, 0xaa, 0x55, 0x55, 0xaa,
        0xaa, 0x55, 0x55, 0xaa, 0x55, 0xaa, 0xaa, 0x55, 0x55, 0xaa, 0xaa, 0x55,
        0xaa, 0x55, 0x55, 0xaa, 0xaa, 0x55, 0x55, 0xaa, 0x55, 0xaa, 0xaa, 0x55,
        0x55, 0xaa, 0xaa, 0x55, 0xaa, 0x55, 0x55, 0xaa, 0xaa, 0x55, 0x55, 0xaa,
        0xaa, 0x55, 0xaa, 0x55, 0xaa, 0x55, 0xaa, 0x55, 0xaa, 0x55, 0xaa, 0x55,
        0xaa, 0x55, 0xaa, 0x55, 0xaa, 0x55, 0xaa, 0x55, 0xaa, 0x55, 0xaa, 0x55,
        0xaa, 0x55, 0xaa, 0x55, 0xaa, 0x55, 0xaa, 0x55, 0xaa, 0x55, 0xaa, 0x55,
        0xaa, 0x55, 0xaa, 0x55, 0xaa, 0x55, 0xaa, 0x55, 0xaa, 0x55, 0xaa, 0x55,
        0xaa, 0x55, 0xaa, 0x55, 0xaa, 0x55, 0xaa, 0x55, 0xaa, 0x55, 0xaa, 0x55,
        0xaa, 0x55, 0xaa, 0x55, 0xaa, 0x55, 0xaa, 0x55, 0xaa, 0x55, 0xaa, 0x55,
        0xaa, 0x55, 0xaa, 0x55, 0xaa, 0x55, 0xaa, 0x55, 0x0f, 0x0f, 0xf0, 0xf0,
        0xf0, 0xf0, 0x0f, 0x0f, 0xf0, 0xf0, 0x0f, 0x0f, 0x0f, 0x0f, 0xf0, 0xf0,
        0x0f, 0x0f, 0xf0, 0xf0, 0xf0, 0xf0, 0x0f, 0x0f, 0xf0, 0xf0, 0x0f, 0x0f,
        0x0f, 0x0f, 0xf0, 0xf0, 0x0f, 0x0f, 0xf0, 0xf0, 0xf0, 0xf0, 0x0f, 0x0f,
        0xf0, 0xf0, 0x0f, 0x0f, 0x0f, 0x0f, 0xf0, 0xf0, 0x0f, 0x0f, 0xf0, 0xf0,
        0xf0, 0xf0, 0x0f, 0x0f, 0xf0, 0xf0, 0x0f, 0x0f, 0x0f, 0x0f, 0xf0, 0xf0,
        0x0f, 0x0f, 0xf0, 0xf0, 0xf0, 0xf0, 0x0f, 0x0f, 0xf0, 0xf0, 0x0f, 0x0f,
        0x0f, 0x0f, 0xf0, 0xf0, 0x00, 0xff, 0xff, 0x00, 0x00, 0xff, 0xff, 0x00,
        0xff, 0x00, 0x00, 0xff, 0xff, 0x00, 0x00, 0xff, 0x00, 0xff, 0xff, 0x00,
        0x00, 0xff, 0xff, 0x00, 0xff, 0x00, 0x00, 0xff, 0xff, 0x00, 0x00, 0xff,
        0x00, 0xff, 0xff, 0x00, 0x00, 0xff, 0xff, 0x00, 0xff, 0x00, 0x00, 0xff,
        0xff, 0x00, 0x00, 0xff, 0x00, 0xff, 0xff, 0x00, 0x00, 0xff, 0xff, 0x00,
        0xff, 0x00, 0x00, 0xff, 0xff, 0x00, 0x00, 0xff, 0x00, 0xff, 0xff, 0x00,
        0x00, 0xff, 0xff, 0x00, 0xff, 0x00, 0x00, 0xff, 0xff, 0x00, 0x00, 0xff,
        0xa5, 0xa5, 0x5a, 0x5a, 0x5a, 0x5a, 0xa5, 0xa5, 0xa5, 0xa5, 0x5a, 0x5a,
        0x5a, 0x5a, 0xa5, 0xa5, 0xa5, 0xa5, 0x5a, 0x5a, 0x5a, 0x5a, 0xa5, 0xa5,
        0xa5, 0xa5, 0x5a, 0x5a, 0x5a, 0x5a, 0xa5, 0xa5, 0xa5, 0xa5, 0x5a, 0x5a,
        0x5a, 0x5a, 0xa5, 0xa5, 0xa5, 0xa5, 0x5a, 0x5a, 0x5a, 0x5a, 0xa5, 0xa5,
        0xa5, 0xa5, 0x5a, 0x5a, 0x5a, 0x5a, 0xa5, 0xa5, 0xa5, 0xa5, 0x5a, 0x5a,
        0x5a, 0x5a, 0xa5, 0xa5, 0xa5, 0xa5, 0x5a, 0x5a, 0x5a, 0x5a, 0xa5, 0xa5,
        0xa5, 0xa5, 0x5a, 0x5a, 0x5a, 0x5a, 0xa5, 0xa5, 0xcc, 0x33, 0xcc, 0x33,
        0x33, 0xcc, 0x33, 0xcc, 0xcc, 0x33, 0xcc, 0x33, 0x33, 0xcc, 0x33, 0xcc,
        0xcc, 0x33, 0xcc, 0x33, 0x33, 0xcc, 0x33, 0xcc, 0xcc, 0x33, 0xcc, 0x33,
        0x33, 0xcc, 0x33, 0xcc, 0xcc, 0x33, 0xcc, 0x33, 0x33, 0xcc, 0x33, 0xcc,
        0xcc, 0x33, 0xcc, 0x33, 0x33, 0xcc, 0x33, 0xcc, 0xcc, 0x33, 0xcc, 0x33,
        0x33, 0xcc, 0x33, 0xcc, 0xcc, 0x33, 0xcc, 0x33, 0x33, 0xcc, 0x33, 0xcc,
        0xcc, 0x33, 0xcc, 0x33, 0x33, 0xcc, 0x33, 0xcc, 0xcc, 0x33, 0xcc, 0x33,
        0x33, 0xcc, 0x33, 0xcc, 0xff, 0x00, 0xff, 0x00, 0x00, 0xff, 0x00, 0xff,
        0xff, 0x00, 0xff, 0x00, 0x00, 0xff, 0x00, 0xff, 0xff, 0x00, 0xff, 0x00,
        0x00, 0xff, 0x00, 0xff, 0xff, 0x00, 0xff, 0x00, 0x00, 0xff, 0x00, 0xff,
        0xff, 0x00, 0xff, 0x00, 0x00, 0xff, 0x00, 0xff, 0xff, 0x00, 0xff, 0x00,
        0x00, 0xff, 0x00, 0xff, 0xff, 0x00, 0xff, 0x00, 0x00, 0xff, 0x00, 0xff,
        0xff, 0x00, 0xff, 0x00, 0x00, 0xff, 0x00, 0xff, 0xff, 0x00, 0xff, 0x00,
        0x00, 0xff, 0x00, 0xff, 0xff, 0x00, 0xff, 0x00, 0x00, 0xff, 0x00, 0xff,
        0xa5, 0xa5, 0xa5, 0xa5, 0x5a, 0x5a, 0x5a, 0x5a, 0xa5, 0xa5, 0xa5, 0xa5,
        0x5a, 0x5a, 0x5a, 0x5a, 0xa5, 0xa5, 0xa5, 0xa5, 0x5a, 0x5a, 0x5a, 0x5a,
        0xa5, 0xa5, 0xa5, 0xa5, 0x5a, 0x5a, 0x5a, 0x5a, 0xa5, 0xa5, 0xa5, 0xa5,
        0x5a, 0x5a, 0x5a, 0x5a, 0xa5, 0xa5, 0xa5, 0xa5, 0x5a, 0x5a, 0x5a, 0x5a,
        0xa5, 0xa5, 0xa5, 0xa5, 0x5a, 0x5a, 0x5a, 0x5a, 0xa5, 0xa5, 0xa5, 0xa5,
        0x5a, 0x5a, 0x5a, 0x5a, 0xa5, 0xa5, 0xa5, 0xa5, 0x5a, 0x5a, 0x5a, 0x5a,
        0xa5, 0xa5, 0xa5, 0xa5, 0x5a, 0x5a, 0x5a, 0x5a, 0xdc, 0x30, 0x01, 0xe1,
        0xef, 0x03, 0x32, 0xda, 0xab, 0x47, 0x76, 0x66, 0x88, 0x44, 0x55, 0xdd,
        0xcc, 0x00, 0x11, 0x11, 0xff, 0x33, 0x22, 0xaa, 0xbb, 0x77, 0x66, 0x76,
        0xb8, 0x54, 0x25, 0xcd, 0xfc, 0x10, 0xe1, 0x01, 0xcf, 0x23, 0x52, 0xba,
        0x8b, 0x67, 0x96, 0x46, 0xa8, 0x24, 0x35, 0xfd, 0xec, 0xe0, 0xf1, 0x31,
        0xdf, 0x53, 0x42, 0x8a, 0x9b, 0x97, 0x86, 0x56, 0xd8, 0x34, 0x05, 0xed,
        0x1c, 0xf0, 0xc1, 0x21, 0xaf, 0x43, 0x72, 0x9a, 0x6b, 0x87, 0xb6, 0x26,
        0xc8, 0x04, 0x15, 0x1d, 0x0f, 0x0f, 0xf0, 0xf0, 0x0f, 0x0f, 0xf0, 0xf0,
        0x0f, 0x0f, 0xf0, 0xf0, 0x0f, 0x0f, 0xf0, 0xf0, 0x0f, 0x0f, 0xf0, 0xf0,
        0x0f, 0x0f, 0xf0, 0xf0, 0x0f, 0x0f, 0xf0, 0xf0, 0x0f, 0x0f, 0xf0, 0xf0,
        0x0f, 0x0f, 0xf0, 0xf0, 0x0f, 0x0f, 0xf0, 0xf0, 0x0f, 0x0f, 0xf0, 0xf0,
        0x0f, 0x0f, 0xf0, 0xf0, 0x0f, 0x0f, 0xf0, 0xf0, 0x0f, 0x0f, 0xf0, 0xf0,
        0x0f, 0x0f, 0xf0, 0xf0, 0x0f, 0x0f, 0xf0, 0xf0, 0x0f, 0x0f, 0xf0, 0xf0,
        0x0f, 0x0f, 0xf0, 0xf0, 0x0f, 0x0f, 0xf0, 0xf0, 0x0f, 0x0f, 0xf0, 0xf0,
        0xf0, 0x0f, 0x0f, 0xf0, 0x0f, 0xf0, 0xf0, 0x0f, 0xf0, 0x0f, 0x0f, 0xf0,
        0x0f, 0xf0, 0xf0, 0x0f, 0xf0, 0x0f, 0x0f, 0xf0, 0x0f, 0xf0, 0xf0, 0x0f,
        0xf0, 0x0f, 0x0f, 0xf0, 0x0f, 0xf0, 0xf0, 0x0f, 0xf0, 0x0f, 0x0f, 0xf0,
        0x0f, 0xf0, 0xf0, 0x0f, 0xf0, 0x0f, 0x0f, 0xf0, 0x0f, 0xf0, 0xf0, 0x0f,
        0xf0, 0x0f, 0x0f, 0xf0, 0x0f, 0xf0, 0xf0, 0x0f, 0xf0, 0x0f, 0x0f, 0xf0,
        0x0f, 0xf0, 0xf0, 0x0f, 0xf0, 0x0f, 0x0f, 0xf0, 0x0f, 0xf0, 0xf0, 0x0f,
        0xf0, 0x0f, 0x0f, 0xf0, 0x0f, 0xf0, 0xf0, 0x0f, 0xc3, 0xc3, 0xc3, 0xc3,
        0x3c, 0x3c, 0x3c, 0x3c, 0xc3, 0xc3, 0xc3, 0xc3, 0x3c, 0x3c, 0x3c, 0x3c,
        0xc3, 0xc3, 0xc3, 0xc3, 0x3c, 0x3c, 0x3c, 0x3c, 0xc3, 0xc3, 0xc3, 0xc3,
        0x3c, 0x3c, 0x3c, 0x3c, 0xc3, 0xc3, 0xc3, 0xc3, 0x3c, 0x3c, 0x3c, 0x3c,
        0xc3, 0xc3, 0xc3, 0xc3, 0x3c, 0x3c, 0x3c, 0x3c, 0xc3, 0xc3, 0xc3, 0xc3,
        0x3c, 0x3c, 0x3c, 0x3c, 0xc3, 0xc3, 0xc3, 0xc3, 0x3c, 0x3c, 0x3c, 0x3c,
        0xc3, 0xc3, 0xc3, 0xc3, 0x3c, 0x3c, 0x3c, 0x3c, 0xc3, 0xc3, 0xc3, 0xc3,
        0x3c, 0x3c, 0x3c, 0x3c, 0x99, 0x66, 0x99, 0x66, 0x99, 0x66, 0x99, 0x66,
        0x66, 0x99, 0x66, 0x99, 0x66, 0x99, 0x66, 0x99, 0x99, 0x66, 0x99, 0x66,
        0x99, 0x66, 0x99, 0x66, 0x66, 0x99, 0x66, 0x99, 0x66, 0x99, 0x66, 0x99,
        0x99, 0x66, 0x99, 0x66, 0x99, 0x66, 0x99, 0x66, 0x66, 0x99, 0x66, 0x99,
        0x66, 0x99, 0x66, 0x99, 0x99, 0x66, 0x99, 0x66, 0x99, 0x66, 0x99, 0x66,
        0x66, 0x99, 0x66, 0x99, 0x66, 0x99, 0x66, 0x99, 0x99, 0x66, 0x99, 0x66,
        0x99, 0x66, 0x99, 0x66, 0x66, 0x99, 0x66, 0x99, 0x66, 0x99, 0x66, 0x99,
        0xc3, 0x3c, 0x3c, 0xc3, 0xc3, 0x3c, 0x3c, 0xc3, 0x3c, 0xc3, 0xc3, 0x3c,
        0x3c, 0xc3, 0xc3, 0x3c, 0xc3, 0x3c, 0x3c, 0xc3, 0xc3, 0x3c, 0x3c, 0xc3,
        0x3c, 0xc3, 0xc3, 0x3c, 0x3c, 0xc3, 0xc3, 0x3c, 0xc3, 0x3c, 0x3c, 0xc3,
        0xc3, 0x3c, 0x3c, 0xc3, 0x3c, 0xc3, 0xc3, 0x3c, 0x3c, 0xc3, 0xc3, 0x3c,
        0xc3, 0x3c, 0x3c, 0xc3, 0xc3, 0x3c, 0x3c, 0xc3, 0x3c, 0xc3, 0xc3, 0x3c,
        0x3c, 0xc3, 0xc3, 0x3c, 0xc3, 0x3c, 0x3c, 0xc3, 0xc3, 0x3c, 0x3c, 0xc3,
        0x3c, 0xc3, 0xc3, 0x3c, 0x3c, 0xc3, 0xc3, 0x3c, 0xa5, 0xa5, 0xa5, 0xa5,
        0xa5, 0xa5, 0xa5, 0xa5, 0x5a, 0x5a, 0x5a, 0x5a, 0x5a, 0x5a, 0x5a, 0x5a,
        0xa5, 0xa5, 0xa5, 0xa5, 0xa5, 0xa5, 0xa5, 0xa5, 0x5a, 0x5a, 0x5a, 0x5a,
        0x5a, 0x5a, 0x5a, 0x5a, 0xa5, 0xa5, 0xa5, 0xa5, 0xa5, 0xa5, 0xa5, 0xa5,
        0x5a, 0x5a, 0x5a, 0x5a, 0x5a, 0x5a, 0x5a, 0x5a, 0xa5, 0xa5, 0xa5, 0xa5,
        0xa5, 0xa5, 0xa5, 0xa5, 0x5a, 0x5a, 0x5a, 0x5a, 0x5a, 0x5a, 0x5a, 0x5a,
        0xa5, 0xa5, 0xa5, 0xa5, 0xa5, 0xa5, 0xa5, 0xa5, 0x5a, 0x5a, 0x5a, 0x5a,
        0x5a, 0x5a, 0x5a, 0x5a, 0x99, 0x99, 0x66, 0x66, 0x99, 0x99, 0x66, 0x66,
        0x66, 0x66, 0x99, 0x99, 0x66, 0x66, 0x99, 0x99, 0x99, 0x99, 0x66, 0x66,
        0x99, 0x99, 0x66, 0x66, 0x66, 0x66, 0x99, 0x99, 0x66, 0x66, 0x99, 0x99,
        0x99, 0x99, 0x66, 0x66, 0x99, 0x99, 0x66, 0x66, 0x66, 0x66, 0x99, 0x99,
        0x66, 0x66, 0x99, 0x99, 0x99, 0x99, 0x66, 0x66, 0x99, 0x99, 0x66, 0x66,
        0x66, 0x66, 0x99, 0x99, 0x66, 0x66, 0x99, 0x99, 0x99, 0x99, 0x66, 0x66,
        0x99, 0x99, 0x66, 0x66, 0x66, 0x66, 0x99, 0x99, 0x66, 0x66, 0x99, 0x99,
        0xba, 0x56, 0x98, 0x70, 0xfe, 0x12, 0xdc, 0xcc, 0x22, 0xee, 0x00, 0x88,
        0x66, 0xaa, 0x44, 0x44, 0xaa, 0x66, 0x88, 0x00, 0xee, 0x22, 0xcc, 0xdc,
        0x12, 0xfe, 0x70, 0x98, 0x56, 0xba, 0xb4, 0x54, 0x9a, 0x76, 0xf8, 0x10,
        0xde, 0x32, 0x3c, 0xec, 0x02, 0x8e, 0x60, 0xa8, 0x46, 0x4a, 0xa4, 0x64,
        0x8a, 0x06, 0xe8, 0x20, 0xce, 0xc2, 0x2c, 0xfc, 0x72, 0x9e, 0x50, 0xb8,
        0xb6, 0x5a, 0x94, 0x74, 0xfa, 0x16, 0xd8, 0x30, 0x3e, 0xd2, 0x1c, 0x8c,
        0x62, 0xae, 0x40, 0x48, 0xa6, 0x6a, 0x84, 0x04, 0xc8, 0x24, 0x2a, 0xfa,
        0x14, 0x98, 0x76, 0xbe, 0x50, 0x5c, 0xb2, 0x72, 0x9c, 0x10, 0xfe, 0x36,
        0xd8, 0xd4, 0x3a, 0xea, 0x64, 0x88, 0x46, 0xae, 0xa0, 0x4c, 0x82, 0x62,
        0xec, 0x00, 0xce, 0x26, 0x28, 0xc4, 0x0a, 0x9a, 0x74, 0xb8, 0x56, 0x5e,
        0xb0, 0x7c, 0x92, 0x12, 0xfc, 0x30, 0xde, 0xd6, 0x38, 0xf4, 0x1a, 0x8a,
        0x44, 0xa8, 0xa6, 0x4e, 0x80, 0x6c, 0xe2, 0x02, 0xcc, 0x20, 0x2e, 0xc6,
        0x08, 0xe4, 0x6a, 0xba, 0x54, 0x58, 0xb6, 0x7e, 0x90, 0x1c, 0xf2, 0x32,
        0xdc, 0xd0, 0x3e, 0xf6, 0xaa, 0x55, 0x55, 0xaa, 0x55, 0xaa, 0xaa, 0x55,
        0x55, 0xaa, 0xaa, 0x55, 0xaa, 0x55, 0x55, 0xaa, 0xaa, 0x55, 0x55, 0xaa,
        0x55, 0xaa, 0xaa, 0x55, 0x55, 0xaa, 0xaa, 0x55, 0xaa, 0x55, 0x55, 0xaa,
        0xaa, 0x55, 0x55, 0xaa, 0x55, 0xaa, 0xaa, 0x55, 0x55, 0xaa, 0xaa, 0x55,
        0xaa, 0x55, 0x55, 0xaa, 0xaa, 0x55, 0x55, 0xaa, 0x55, 0xaa, 0xaa, 0x55,
        0x55, 0xaa, 0xaa, 0x55, 0xaa, 0x55, 0x55, 0xaa, 0xaa, 0x55, 0x55, 0xaa,
        0x55, 0xaa, 0xaa, 0x55, 0x55, 0xaa, 0xaa, 0x55, 0xaa, 0x55, 0x55, 0xaa,
        0xf0, 0x0f, 0xf0, 0x0f, 0x0f, 0xf0, 0x0f, 0xf0, 0xf0, 0x0f, 0xf0, 0x0f,
        0x0f, 0xf0, 0x0f, 0xf0, 0xf0, 0x0f, 0xf0, 0x0f, 0x0f, 0xf0, 0x0f, 0xf0,
        0xf0, 0x0f, 0xf0, 0x0f, 0x0f, 0xf0, 0x0f, 0xf0, 0xf0, 0x0f, 0xf0, 0x0f,
        0x0f, 0xf0, 0x0f, 0xf0, 0xf0, 0x0f, 0xf0, 0x0f, 0x0f, 0xf0, 0x0f, 0xf0,
        0xf0, 0x0f, 0xf0, 0x0f, 0x0f, 0xf0, 0x0f, 0xf0, 0xf0, 0x0f, 0xf0, 0x0f,
        0x0f, 0xf0, 0x0f, 0xf0, 0xf0, 0x0f, 0xf0, 0x0f, 0x0f, 0xf0, 0x0f, 0xf0,
        0xf0, 0x0f, 0xf0, 0x0f, 0x0f, 0xf0, 0x0f, 0xf0, 0xaa, 0xaa, 0xaa, 0xaa,
        0xaa, 0xaa, 0xaa, 0xaa, 0xaa, 0xaa, 0xaa, 0xaa, 0xaa, 0xaa, 0xaa, 0xaa,
        0xaa, 0xaa, 0xaa, 0xaa, 0xaa, 0xaa, 0xaa, 0xaa, 0xaa, 0xaa, 0xaa, 0xaa,
        0xaa, 0xaa, 0xaa, 0xaa, 0xaa, 0xaa, 0xaa, 0xaa, 0xaa, 0xaa, 0xaa, 0xaa,
        0xaa, 0xaa, 0xaa, 0xaa, 0xaa, 0xaa, 0xaa, 0xaa, 0xaa, 0xaa, 0xaa, 0xaa,
        0xaa, 0xaa, 0xaa, 0xaa, 0xaa, 0xaa, 0xaa, 0xaa, 0xaa, 0xaa, 0xaa, 0xaa,
        0xaa, 0xaa, 0xaa, 0xaa, 0xaa, 0xaa, 0xaa, 0xaa, 0xaa, 0xaa, 0xaa, 0xaa,
        0xaa, 0xaa, 0xaa, 0xaa, 0x3c, 0x3c, 0xc3, 0xc3, 0x3c, 0x3c, 0xc3, 0xc3,
        0xc3, 0xc3, 0x3c, 0x3c, 0xc3, 0xc3, 0x3c, 0x3c, 0x3c, 0x3c, 0xc3, 0xc3,
        0x3c, 0x3c, 0xc3, 0xc3, 0xc3, 0xc3, 0x3c, 0x3c, 0xc3, 0xc3, 0x3c, 0x3c,
        0x3c, 0x3c, 0xc3, 0xc3, 0x3c, 0x3c, 0xc3, 0xc3, 0xc3, 0xc3, 0x3c, 0x3c,
        0xc3, 0xc3, 0x3c, 0x3c, 0x3c, 0x3c, 0xc3, 0xc3, 0x3c, 0x3c, 0xc3, 0xc3,
        0xc3, 0xc3, 0x3c, 0x3c, 0xc3, 0xc3, 0x3c, 0x3c, 0x3c, 0x3c, 0xc3, 0xc3,
        0x3c, 0x3c, 0xc3, 0xc3, 0xc3, 0xc3, 0x3c, 0x3c, 0xc3, 0xc3, 0x3c, 0x3c,
        0x66, 0x99, 0x66, 0x99, 0x66, 0x99, 0x66, 0x99, 0x99, 0x66, 0x99, 0x66,
        0x99, 0x66, 0x99, 0x66, 0x66, 0x99, 0x66, 0x99, 0x66, 0x99, 0x66, 0x99,
        0x99, 0x66, 0x99, 0x66, 0x99, 0x66, 0x99, 0x66, 0x66, 0x99, 0x66, 0x99,
        0x66, 0x99, 0x66, 0x99, 0x99, 0x66, 0x99, 0x66, 0x99, 0x66, 0x99, 0x66,
        0x66, 0x99, 0x66, 0x99, 0x66, 0x99, 0x66, 0x99, 0x99, 0x66, 0x99, 0x66,
        0x99, 0x66, 0x99, 0x66, 0x66, 0x99, 0x66, 0x99, 0x66, 0x99, 0x66, 0x99,
        0x99, 0x66, 0x99, 0x66, 0x99, 0x66, 0x99, 0x66, 0x5a, 0x5a, 0xa5, 0xa5,
        0x5a, 0x5a, 0xa5, 0xa5, 0x5a, 0x5a, 0xa5, 0xa5, 0x5a, 0x5a, 0xa5, 0xa5,
        0x5a, 0x5a, 0xa5, 0xa5, 0x5a, 0x5a, 0xa5, 0xa5, 0x5a, 0x5a, 0xa5, 0xa5,
        0x5a, 0x5a, 0xa5, 0xa5, 0x5a, 0x5a, 0xa5, 0xa5, 0x5a, 0x5a, 0xa5, 0xa5,
        0x5a, 0x5a, 0xa5, 0xa5, 0x5a, 0x5a, 0xa5, 0xa5, 0x5a, 0x5a, 0xa5, 0xa5,
        0x5a, 0x5a, 0xa5, 0xa5, 0x5a, 0x5a, 0xa5, 0xa5, 0x5a, 0x5a, 0xa5, 0xa5,
        0x5a, 0x5a, 0xa5, 0xa5, 0x5a, 0x5a, 0xa5, 0xa5, 0x5a, 0x5a, 0xa5, 0xa5,
        0x5a, 0x5a, 0xa5, 0xa5, 0x00, 0xff, 0x00, 0xff, 0xff, 0x00, 0xff, 0x00,
        0x00, 0xff, 0x00, 0xff, 0xff, 0x00, 0xff, 0x00, 0x00, 0xff, 0x00, 0xff,
        0xff, 0x00, 0xff, 0x00, 0x00, 0xff, 0x00, 0xff, 0xff, 0x00, 0xff, 0x00,
        0x00, 0xff, 0x00, 0xff, 0xff, 0x00, 0xff, 0x00, 0x00, 0xff, 0x00, 0xff,
        0xff, 0x00, 0xff, 0x00, 0x00, 0xff, 0x00, 0xff, 0xff, 0x00, 0xff, 0x00,
        0x00, 0xff, 0x00, 0xff, 0xff, 0x00, 0xff, 0x00, 0x00, 0xff, 0x00, 0xff,
        0xff, 0x00, 0xff, 0x00, 0x00, 0xff, 0x00, 0xff, 0xff, 0x00, 0xff, 0x00,
        0x69, 0x96, 0x69, 0x96, 0x96, 0x69, 0x96, 0x69, 0x96, 0x69, 0x96, 0x69,
        0x69, 0x96, 0x69, 0x96, 0x69, 0x96, 0x69, 0x96, 0x96, 0x69, 0x96, 0x69,
        0x96, 0x69, 0x96, 0x69, 0x69, 0x96, 0x69, 0x96, 0x69, 0x96, 0x69, 0x96,
        0x96, 0x69, 0x96, 0x69, 0x96, 0x69, 0x96, 0x69, 0x69, 0x96, 0x69, 0x96,
        0x69, 0x96, 0x69, 0x96, 0x96, 0x69, 0x96, 0x69, 0x96, 0x69, 0x96, 0x69,
        0x69, 0x96, 0x69, 0x96, 0x69, 0x96, 0x69, 0x96, 0x96, 0x69, 0x96, 0x69,
        0x96, 0x69, 0x96, 0x69, 0x69, 0x96, 0x69, 0x96, 0xaa, 0xaa, 0x55, 0x55,
        0x55, 0x55, 0xaa, 0xaa, 0x55, 0x55, 0xaa, 0xaa, 0xaa, 0xaa, 0x55, 0x55,
        0xaa, 0xaa, 0x55, 0x55, 0x55, 0x55, 0xaa, 0xaa, 0x55, 0x55, 0xaa, 0xaa,
        0xaa, 0xaa, 0x55, 0x55, 0xaa, 0xaa, 0x55, 0x55, 0x55, 0x55, 0xaa, 0xaa,
        0x55, 0x55, 0xaa, 0xaa, 0xaa, 0xaa, 0x55, 0x55, 0xaa, 0xaa, 0x55, 0x55,
        0x55, 0x55, 0xaa, 0xaa, 0x55, 0x55, 0xaa, 0xaa, 0xaa, 0xaa, 0x55, 0x55,
        0xaa, 0xaa, 0x55, 0x55, 0x55, 0x55, 0xaa, 0xaa, 0x55, 0x55, 0xaa, 0xaa,
        0xaa, 0xaa, 0x55, 0x55, 0xc3, 0xc3, 0x3c, 0x3c, 0xc3, 0xc3, 0x3c, 0x3c,
        0x3c, 0x3c, 0xc3, 0xc3, 0x3c, 0x3c, 0xc3, 0xc3, 0xc3, 0xc3, 0x3c, 0x3c,
        0xc3, 0xc3, 0x3c, 0x3c, 0x3c, 0x3c, 0xc3, 0xc3, 0x3c, 0x3c, 0xc3, 0xc3,
        0xc3, 0xc3, 0x3c, 0x3c, 0xc3, 0xc3, 0x3c, 0x3c, 0x3c, 0x3c, 0xc3, 0xc3,
        0x3c, 0x3c, 0xc3, 0xc3, 0xc3, 0xc3, 0x3c, 0x3c, 0xc3, 0xc3, 0x3c, 0x3c,
        0x3c, 0x3c, 0xc3, 0xc3, 0x3c, 0x3c, 0xc3, 0xc3, 0xc3, 0xc3, 0x3c, 0x3c,
        0xc3, 0xc3, 0x3c, 0x3c, 0x3c, 0x3c, 0xc3, 0xc3, 0x3c, 0x3c, 0xc3, 0xc3,
        0x9a, 0x89, 0x78, 0x67, 0x56, 0x45, 0x34, 0x23, 0xed, 0xfe, 0x0f, 0x20,
        0x31, 0x42, 0x53, 0x64, 0x8a, 0x79, 0x68, 0x57, 0x46, 0x35, 0x24, 0x13,
        0xfd, 0x0e, 0x1f, 0x30, 0x41, 0x52, 0x63, 0x74, 0x7a, 0x69, 0x58, 0x47,
        0x36, 0x25, 0x14, 0x03, 0x0d, 0x1e, 0x2f, 0x40, 0x51, 0x62, 0x73, 0x84,
        0x6a, 0x59, 0x48, 0x37, 0x26, 0x15, 0x04, 0xf3, 0x1d, 0x2e, 0x3f, 0x50,
        0x61, 0x72, 0x83, 0x94, 0x5a, 0x49, 0x38, 0x27, 0x16, 0x05, 0xf4, 0xe3,
        0x2d, 0x3e, 0x4f, 0x60, 0x71, 0x82, 0x93, 0xa4, 0x99, 0x66, 0x66, 0x99,
        0x99, 0x66, 0x66, 0x99, 0x99, 0x66, 0x66, 0x99, 0x99, 0x66, 0x66, 0x99,
        0x99, 0x66, 0x66, 0x99, 0x99, 0x66, 0x66, 0x99, 0x99, 0x66, 0x66, 0x99,
        0x99, 0x66, 0x66, 0x99, 0x99, 0x66, 0x66, 0x99, 0x99, 0x66, 0x66, 0x99,
        0x99, 0x66, 0x66, 0x99, 0x99, 0x66, 0x66, 0x99, 0x99, 0x66, 0x66, 0x99,
        0x99, 0x66, 0x66, 0x99, 0x99, 0x66, 0x66, 0x99, 0x99, 0x66, 0x66, 0x99,
        0x99, 0x66, 0x66, 0x99, 0x99, 0x66, 0x66, 0x99, 0x99, 0x66, 0x66, 0x99,
        0x99, 0x66, 0x66, 0x99, 0xcc, 0xcc, 0xcc, 0xcc, 0xcc, 0xcc, 0xcc, 0xcc,
        0xcc, 0xcc, 0xcc, 0xcc, 0xcc, 0xcc, 0xcc, 0xcc, 0xcc, 0xcc, 0xcc, 0xcc,
        0xcc, 0xcc, 0xcc, 0xcc, 0xcc, 0xcc, 0xcc, 0xcc, 0xcc, 0xcc, 0xcc, 0xcc,
        0xcc, 0xcc, 0xcc, 0xcc, 0xcc, 0xcc, 0xcc, 0xcc, 0xcc, 0xcc, 0xcc, 0xcc,
        0xcc, 0xcc, 0xcc, 0xcc, 0xcc, 0xcc, 0xcc, 0xcc, 0xcc, 0xcc, 0xcc, 0xcc,
        0xcc, 0xcc, 0xcc, 0xcc, 0xcc, 0xcc, 0xcc, 0xcc, 0xcc, 0xcc, 0xcc, 0xcc,
        0xcc, 0xcc, 0xcc, 0xcc, 0xcc, 0xcc, 0xcc, 0xcc, 0xcc, 0xcc, 0xcc, 0xcc,
        0xff, 0xff, 0x00, 0x00, 0x00, 0x00, 0xff, 0xff, 0x00, 0x00, 0xff, 0xff,
        0xff, 0xff, 0x00, 0x00, 0xff, 0xff, 0x00, 0x00, 0x00, 0x00, 0xff, 0xff,
        0x00, 0x00, 0xff, 0xff, 0xff, 0xff, 0x00, 0x00, 0xff, 0xff, 0x00, 0x00,
        0x00, 0x00, 0xff, 0xff, 0x00, 0x00, 0xff, 0xff, 0xff, 0xff, 0x00, 0x00,
        0xff, 0xff, 0x00, 0x00, 0x00, 0x00, 0xff, 0xff, 0x00, 0x00, 0xff, 0xff,
        0xff, 0xff, 0x00, 0x00, 0xff, 0xff, 0x00, 0x00, 0x00, 0x00, 0xff, 0xff,
        0x00, 0x00, 0xff, 0xff, 0xff, 0xff, 0x00, 0x00, 0x55, 0xaa, 0x55, 0xaa,
        0x55, 0xaa, 0x55, 0xaa, 0xaa, 0x55, 0xaa, 0x55, 0xaa, 0x55, 0xaa, 0x55,
        0x55, 0xaa, 0x55, 0xaa, 0x55, 0xaa, 0x55, 0xaa, 0xaa, 0x55, 0xaa, 0x55,
        0xaa, 0x55, 0xaa, 0x55, 0x55, 0xaa, 0x55, 0xaa, 0x55, 0xaa, 0x55, 0xaa,
        0xaa, 0x55, 0xaa, 0x55, 0xaa, 0x55, 0xaa, 0x55, 0x55, 0xaa, 0x55, 0xaa,
        0x55, 0xaa, 0x55, 0xaa, 0xaa, 0x55, 0xaa, 0x55, 0xaa, 0x55, 0xaa, 0x55,
        0x55, 0xaa, 0x55, 0xaa, 0x55, 0xaa, 0x55, 0xaa, 0xaa, 0x55, 0xaa, 0x55,
        0xaa, 0x55, 0xaa, 0x55, 0x66, 0x99, 0x66, 0x99, 0x66, 0x99, 0x66, 0x99,
        0x99, 0x66, 0x99, 0x66, 0x99, 0x66, 0x99, 0x66, 0x66, 0x99, 0x66, 0x99,
        0x66, 0x99, 0x66, 0x99, 0x99, 0x66, 0x99, 0x66, 0x99, 0x66, 0x99, 0x66,
        0x66, 0x99, 0x66, 0x99, 0x66, 0x99, 0x66, 0x99, 0x99, 0x66, 0x99, 0x66,
        0x99, 0x66, 0x99, 0x66, 0x66, 0x99, 0x66, 0x99, 0x66, 0x99, 0x66, 0x99,
        0x99, 0x66, 0x99, 0x66, 0x99, 0x66, 0x99, 0x66, 0x66, 0x99, 0x66, 0x99,
        0x66, 0x99, 0x66, 0x99, 0x99, 0x66, 0x99, 0x66, 0x99, 0x66, 0x99, 0x66,
        0xa5, 0x5a, 0xa5, 0x5a, 0x5a, 0xa5, 0x5a, 0xa5, 0xa5, 0x5a, 0xa5, 0x5a,
        0x5a, 0xa5, 0x5a, 0xa5, 0xa5, 0x5a, 0xa5, 0x5a, 0x5a, 0xa5, 0x5a, 0xa5,
        0xa5, 0x5a, 0xa5, 0x5a, 0x5a, 0xa5, 0x5a, 0xa5, 0xa5, 0x5a, 0xa5, 0x5a,
        0x5a, 0xa5, 0x5a, 0xa5, 0xa5, 0x5a, 0xa5, 0x5a, 0x5a, 0xa5, 0x5a, 0xa5,
        0xa5, 0x5a, 0xa5, 0x5a, 0x5a, 0xa5, 0x5a, 0xa5, 0xa5, 0x5a, 0xa5, 0x5a,
        0x5a, 0xa5, 0x5a, 0xa5, 0xa5, 0x5a, 0xa5, 0x5a, 0x5a, 0xa5, 0x5a, 0xa5,
        0xa5, 0x5a, 0xa5, 0x5a, 0x5a, 0xa5, 0x5a, 0xa5, 0xff, 0xff, 0x00, 0x00,
        0xff, 0xff, 0x00, 0x00, 0x00, 0x00, 0xff, 0xff, 0x00, 0x00, 0xff, 0xff,
        0xff, 0xff, 0x00, 0x00, 0xff, 0xff, 0x00, 0x00, 0x00, 0x00, 0xff, 0xff,
        0x00, 0x00, 0xff, 0xff, 0xff, 0xff, 0x00, 0x00, 0xff, 0xff, 0x00, 0x00,
        0x00, 0x00, 0xff, 0xff, 0x00, 0x00, 0xff, 0xff, 0xff, 0xff, 0x00, 0x00,
        0xff, 0xff, 0x00, 0x00, 0x00, 0x00, 0xff, 0xff, 0x00, 0x00, 0xff, 0xff,
        0xff, 0xff, 0x00, 0x00, 0xff, 0xff, 0x00, 0x00, 0x00, 0x00, 0xff, 0xff,
        0x00, 0x00, 0xff, 0xff, 0x3c, 0xc3, 0x3c, 0xc3, 0xc3, 0x3c, 0xc3, 0x3c,
        0x3c, 0xc3, 0x3c, 0xc3, 0xc3, 0x3c, 0xc3, 0x3c, 0x3c, 0xc3, 0x3c, 0xc3,
        0xc3, 0x3c, 0xc3, 0x3c, 0x3c, 0xc3, 0x3c, 0xc3, 0xc3, 0x3c, 0xc3, 0x3c,
        0x3c, 0xc3, 0x3c, 0xc3, 0xc3, 0x3c, 0xc3, 0x3c, 0x3c, 0xc3, 0x3c, 0xc3,
        0xc3, 0x3c, 0xc3, 0x3c, 0x3c, 0xc3, 0x3c, 0xc3, 0xc3, 0x3c, 0xc3, 0x3c,
        0x3c, 0xc3, 0x3c, 0xc3, 0xc3, 0x3c, 0xc3, 0x3c, 0x3c, 0xc3, 0x3c, 0xc3,
        0xc3, 0x3c, 0xc3, 0x3c, 0x3c, 0xc3, 0x3c, 0xc3, 0xc3, 0x3c, 0xc3, 0x3c,
        0xbe, 0x52, 0x63, 0xf3, 0x1d, 0xd1, 0xc0, 0xc8, 0x26, 0xea, 0xfb, 0x7b,
        0x95, 0x59, 0x48, 0x40, 0xae, 0x62, 0x73, 0xe3, 0x2d, 0xc1, 0x30, 0xd8,
        0x16, 0xfa, 0x8b, 0x6b, 0xa5, 0x49, 0xb8, 0x50, 0x9e, 0x72, 0x03, 0xd3,
        0x3d, 0x31, 0x20, 0xe8, 0x06, 0x8a, 0x9b, 0x5b, 0xb5, 0xb9, 0xa8, 0x60,
        0x8e, 0x02, 0x13, 0xc3, 0xcd, 0x21, 0x10, 0xf8, 0x76, 0x9a, 0xab, 0x4b,
        0x45, 0xa9, 0x98, 0x70, 0xfe, 0x12, 0x23, 0x33, 0xdd, 0x11, 0x00, 0x88,
        0x66, 0xaa, 0xbb, 0xbb, 0x55, 0x99, 0x88, 0x00, 0xd1, 0xc6, 0x08, 0x1b,
        0x95, 0xba, 0x54, 0xa7, 0x49, 0x7e, 0x90, 0xe3, 0x0d, 0x32, 0xdc, 0x2f,
        0xc1, 0xf6, 0x18, 0x6b, 0x85, 0xaa, 0xa4, 0xb7, 0x79, 0x6e, 0xe0, 0xf3,
        0x3d, 0x22, 0x2c, 0x3f, 0xf1, 0xe6, 0x68, 0x7b, 0xb5, 0x5a, 0xb4, 0x87,
        0x69, 0x1e, 0xf0, 0xc3, 0x2d, 0xd2, 0x3c, 0x0f, 0xe1, 0x96, 0x78, 0x4b,
        0xa5, 0x4a, 0x84, 0x97, 0x19, 0x0e, 0xc0, 0xd3, 0xdd, 0xc2, 0x0c, 0x1f,
        0x91, 0x86, 0x48, 0x5b, 0x55, 0x7a, 0x94, 0xe7, 0x09, 0x3e, 0xd0, 0x23,
        0xcd, 0xf2, 0x1c, 0x6f, 0xbd, 0x5d, 0x53, 0xbf, 0x8e, 0x66, 0xe8, 0x04,
        0x35, 0x25, 0xcb, 0x07, 0x16, 0x9e, 0x70, 0xbc, 0xad, 0xad, 0x43, 0x8f,
        0x9e, 0x16, 0xf8, 0x34, 0x25, 0x35, 0xfb, 0x17, 0x66, 0x8e, 0x40, 0xac,
        0x5d, 0xbd, 0x73, 0x9f, 0xee, 0x06, 0xc8, 0x24, 0xd5, 0x05, 0xeb, 0x67,
        0x76, 0xbe, 0x50, 0x5c, 0x4d, 0x8d, 0x63, 0xef, 0xfe, 0x36, 0xd8, 0xd4,
        0xc5, 0x15, 0x9b, 0x77, 0x46, 0xae, 0xa0, 0x4c, 0x7d, 0x9d, 0x13, 0xff,
        0xce, 0x26, 0x28, 0xc4, 0xf5, 0x65, 0x8b, 0x47, 0x56, 0x5e, 0xb0, 0x7c,
        0xa5, 0xa5, 0x5a, 0x5a, 0x5a, 0x5a, 0xa5, 0xa5, 0x5a, 0x5a, 0xa5, 0xa5,
        0xa5, 0xa5, 0x5a, 0x5a, 0xa5, 0xa5, 0x5a, 0x5a, 0x5a, 0x5a, 0xa5, 0xa5,
        0x5a, 0x5a, 0xa5, 0xa5, 0xa5, 0xa5, 0x5a, 0x5a, 0xa5, 0xa5, 0x5a, 0x5a,
        0x5a, 0x5a, 0xa5, 0xa5, 0x5a, 0x5a, 0xa5, 0xa5, 0xa5, 0xa5, 0x5a, 0x5a,
        0xa5, 0xa5, 0x5a, 0x5a, 0x5a, 0x5a, 0xa5, 0xa5, 0x5a, 0x5a, 0xa5, 0xa5,
        0xa5, 0xa5, 0x5a, 0x5a, 0xa5, 0xa5, 0x5a, 0x5a, 0x5a, 0x5a, 0xa5, 0xa5,
        0x5a, 0x5a, 0xa5, 0xa5, 0xa5, 0xa5, 0x5a, 0x5a, 0xff, 0xff, 0xff, 0xff,
        0x00, 0x00, 0x00, 0x00, 0x00, 0x00, 0x00, 0x00, 0xff, 0xff, 0xff, 0xff,
        0xff, 0xff, 0xff, 0xff, 0x00, 0x00, 0x00, 0x00, 0x00, 0x00, 0x00, 0x00,
        0xff, 0xff, 0xff, 0xff, 0xff, 0xff, 0xff, 0xff, 0x00, 0x00, 0x00, 0x00,
        0x00, 0x00, 0x00, 0x00, 0xff, 0xff, 0xff, 0xff, 0xff, 0xff, 0xff, 0xff,
        0x00, 0x00, 0x00, 0x00, 0x00, 0x00, 0x00, 0x00, 0xff, 0xff, 0xff, 0xff,
        0xff, 0xff, 0xff, 0xff, 0x00, 0x00, 0x00, 0x00, 0x00, 0x00, 0x00, 0x00,
        0xff, 0xff, 0xff, 0xff, 0x3c, 0xc3, 0x3c, 0xc3, 0x3c, 0xc3, 0x3c, 0xc3,
        0xc3, 0x3c, 0xc3, 0x3c, 0xc3, 0x3c, 0xc3, 0x3c, 0x3c, 0xc3, 0x3c, 0xc3,
        0x3c, 0xc3, 0x3c, 0xc3, 0xc3, 0x3c, 0xc3, 0x3c, 0xc3, 0x3c, 0xc3, 0x3c,
        0x3c, 0xc3, 0x3c, 0xc3, 0x3c, 0xc3, 0x3c, 0xc3, 0xc3, 0x3c, 0xc3, 0x3c,
        0xc3, 0x3c, 0xc3, 0x3c, 0x3c, 0xc3, 0x3c, 0xc3, 0x3c, 0xc3, 0x3c, 0xc3,
        0xc3, 0x3c, 0xc3, 0x3c, 0xc3, 0x3c, 0xc3, 0x3c, 0x3c, 0xc3, 0x3c, 0xc3,
        0x3c, 0xc3, 0x3c, 0xc3, 0xc3, 0x3c, 0xc3, 0x3c, 0xc3, 0x3c, 0xc3, 0x3c,
        0x99, 0x66, 0x99, 0x66, 0x99, 0x66, 0x99, 0x66, 0x99, 0x66, 0x99, 0x66,
        0x99, 0x66, 0x99, 0x66, 0x99, 0x66, 0x99, 0x66, 0x99, 0x66, 0x99, 0x66,
        0x99, 0x66, 0x99, 0x66, 0x99, 0x66, 0x99, 0x66, 0x99, 0x66, 0x99, 0x66,
        0x99, 0x66, 0x99, 0x66, 0x99, 0x66, 0x99, 0x66, 0x99, 0x66, 0x99, 0x66,
        0x99, 0x66, 0x99, 0x66, 0x99, 0x66, 0x99, 0x66, 0x99, 0x66, 0x99, 0x66,
        0x99, 0x66, 0x99, 0x66, 0x99, 0x66, 0x99, 0x66, 0x99, 0x66, 0x99, 0x66,
        0x99, 0x66, 0x99, 0x66, 0x99, 0x66, 0x99, 0x66, 0x0f, 0xf0, 0x0f, 0xf0,
        0xf0, 0x0f, 0xf0, 0x0f, 0x0f, 0xf0, 0x0f, 0xf0, 0xf0, 0x0f, 0xf0, 0x0f,
        0x0f, 0xf0, 0x0f, 0xf0, 0xf0, 0x0f, 0xf0, 0x0f, 0x0f, 0xf0, 0x0f, 0xf0,
        0xf0, 0x0f, 0xf0, 0x0f, 0x0f, 0xf0, 0x0f, 0xf0, 0xf0, 0x0f, 0xf0, 0x0f,
        0x0f, 0xf0, 0x0f, 0xf0, 0xf0, 0x0f, 0xf0, 0x0f, 0x0f, 0xf0, 0x0f, 0xf0,
        0xf0, 0x0f, 0xf0, 0x0f, 0x0f, 0xf0, 0x0f, 0xf0, 0xf0, 0x0f, 0xf0, 0x0f,
        0x0f, 0xf0, 0x0f, 0xf0, 0xf0, 0x0f, 0xf0, 0x0f, 0x0f, 0xf0, 0x0f, 0xf0,
        0xf0, 0x0f, 0xf0, 0x0f, 0x69, 0x69, 0x96, 0x96, 0x96, 0x96, 0x69, 0x69,
        0x96, 0x96, 0x69, 0x69, 0x69, 0x69, 0x96, 0x96, 0x69, 0x69, 0x96, 0x96,
        0x96, 0x96, 0x69, 0x69, 0x96, 0x96, 0x69, 0x69, 0x69, 0x69, 0x96, 0x96,
        0x69, 0x69, 0x96, 0x96, 0x96, 0x96, 0x69, 0x69, 0x96, 0x96, 0x69, 0x69,
        0x69, 0x69, 0x96, 0x96, 0x69, 0x69, 0x96, 0x96, 0x96, 0x96, 0x69, 0x69,
        0x96, 0x96, 0x69, 0x69, 0x69, 0x69, 0x96, 0x96, 0x69, 0x69, 0x96, 0x96,
        0x96, 0x96, 0x69, 0x69, 0x96, 0x96, 0x69, 0x69, 0x69, 0x69, 0x96, 0x96,
        0x0f, 0xf0, 0xf0, 0x0f, 0x0f, 0xf0, 0xf0, 0x0f, 0x0f, 0xf0, 0xf0, 0x0f,
        0x0f, 0xf0, 0xf0, 0x0f, 0x0f, 0xf0, 0xf0, 0x0f, 0x0f, 0xf0, 0xf0, 0x0f,
        0x0f, 0xf0, 0xf0, 0x0f, 0x0f, 0xf0, 0xf0, 0x0f, 0x0f, 0xf0, 0xf0, 0x0f,
        0x0f, 0xf0, 0xf0, 0x0f, 0x0f, 0xf0, 0xf0, 0x0f, 0x0f, 0xf0, 0xf0, 0x0f,
        0x0f, 0xf0, 0xf0, 0x0f, 0x0f, 0xf0, 0xf0, 0x0f, 0x0f, 0xf0, 0xf0, 0x0f,
        0x0f, 0xf0, 0xf0, 0x0f, 0x0f, 0xf0, 0xf0, 0x0f, 0x0f, 0xf0, 0xf0, 0x0f,
        0x0f, 0xf0, 0xf0, 0x0f, 0x0f, 0xf0, 0xf0, 0x0f, 0x66, 0x99, 0x66, 0x99,
        0x99, 0x66, 0x99, 0x66, 0x66, 0x99, 0x66, 0x99, 0x99, 0x66, 0x99, 0x66,
        0x66, 0x99, 0x66, 0x99, 0x99, 0x66, 0x99, 0x66, 0x66, 0x99, 0x66, 0x99,
        0x99, 0x66, 0x99, 0x66, 0x66, 0x99, 0x66, 0x99, 0x99, 0x66, 0x99, 0x66,
        0x66, 0x99, 0x66, 0x99, 0x99, 0x66, 0x99, 0x66, 0x66, 0x99, 0x66, 0x99,
        0x99, 0x66, 0x99, 0x66, 0x66, 0x99, 0x66, 0x99, 0x99, 0x66, 0x99, 0x66,
        0x66, 0x99, 0x66, 0x99, 0x99, 0x66, 0x99, 0x66, 0x66, 0x99, 0x66, 0x99,
        0x99, 0x66, 0x99, 0x66, 0xc3, 0x3c, 0x3c, 0xc3, 0xc3, 0x3c, 0x3c, 0xc3,
        0xc3, 0x3c, 0x3c, 0xc3, 0xc3, 0x3c, 0x3c, 0xc3, 0xc3, 0x3c, 0x3c, 0xc3,
        0xc3, 0x3c, 0x3c, 0xc3, 0xc3, 0x3c, 0x3c, 0xc3, 0xc3, 0x3c, 0x3c, 0xc3,
        0xc3, 0x3c, 0x3c, 0xc3, 0xc3, 0x3c, 0x3c, 0xc3, 0xc3, 0x3c, 0x3c, 0xc3,
        0xc3, 0x3c, 0x3c, 0xc3, 0xc3, 0x3c, 0x3c, 0xc3, 0xc3, 0x3c, 0x3c, 0xc3,
        0xc3, 0x3c, 0x3c, 0xc3, 0xc3, 0x3c, 0x3c, 0xc3, 0xc3, 0x3c, 0x3c, 0xc3,
        0xc3, 0x3c, 0x3c, 0xc3, 0xc3, 0x3c, 0x3c, 0xc3, 0xc3, 0x3c, 0x3c, 0xc3,
        0xf0, 0xf0, 0xf0, 0xf0, 0xf0, 0xf0, 0xf0, 0xf0, 0xf0, 0xf0, 0xf0, 0xf0,
        0xf0, 0xf0, 0xf0, 0xf0, 0xf0, 0xf0, 0xf0, 0xf0, 0xf0, 0xf0, 0xf0, 0xf0,
        0xf0, 0xf0, 0xf0, 0xf0, 0xf0, 0xf0, 0xf0, 0xf0, 0xf0, 0xf0, 0xf0, 0xf0,
        0xf0, 0xf0, 0xf0, 0xf0, 0xf0, 0xf0, 0xf0, 0xf0, 0xf0, 0xf0, 0xf0, 0xf0,
        0xf0, 0xf0, 0xf0, 0xf0, 0xf0, 0xf0, 0xf0, 0xf0, 0xf0, 0xf0, 0xf0, 0xf0,
        0xf0, 0xf0, 0xf0, 0xf0, 0xf0, 0xf0, 0xf0, 0xf0, 0xf0, 0xf0, 0xf0, 0xf0,
        0xf0, 0xf0, 0xf0, 0xf0, 0xf0, 0xf0, 0xf0, 0xf0, 0xc3, 0xc3, 0xc3, 0xc3,
        0x3c, 0x3c, 0x3c, 0x3c, 0x3c, 0x3c, 0x3c, 0x3c, 0xc3, 0xc3, 0xc3, 0xc3,
        0xc3, 0xc3, 0xc3, 0xc3, 0x3c, 0x3c, 0x3c, 0x3c, 0x3c, 0x3c, 0x3c, 0x3c,
        0xc3, 0xc3, 0xc3, 0xc3, 0xc3, 0xc3, 0xc3, 0xc3, 0x3c, 0x3c, 0x3c, 0x3c,
        0x3c, 0x3c, 0x3c, 0x3c, 0xc3, 0xc3, 0xc3, 0xc3, 0xc3, 0xc3, 0xc3, 0xc3,
        0x3c, 0x3c, 0x3c, 0x3c, 0x3c, 0x3c, 0x3c, 0x3c, 0xc3, 0xc3, 0xc3, 0xc3,
        0xc3, 0xc3, 0xc3, 0xc3, 0x3c, 0x3c, 0x3c, 0x3c, 0x3c, 0x3c, 0x3c, 0x3c,
        0xc3, 0xc3, 0xc3, 0xc3, 0x0f, 0x0f, 0xf0, 0xf0, 0xf0, 0xf0, 0x0f, 0x0f,
        0x0f, 0x0f, 0xf0, 0xf0, 0xf0, 0xf0, 0x0f, 0x0f, 0x0f, 0x0f, 0xf0, 0xf0,
        0xf0, 0xf0, 0x0f, 0x0f, 0x0f, 0x0f, 0xf0, 0xf0, 0xf0, 0xf0, 0x0f, 0x0f,
        0x0f, 0x0f, 0xf0, 0xf0, 0xf0, 0xf0, 0x0f, 0x0f, 0x0f, 0x0f, 0xf0, 0xf0,
        0xf0, 0xf0, 0x0f, 0x0f, 0x0f, 0x0f, 0xf0, 0xf0, 0xf0, 0xf0, 0x0f, 0x0f,
        0x0f, 0x0f, 0xf0, 0xf0, 0xf0, 0xf0, 0x0f, 0x0f, 0x0f, 0x0f, 0xf0, 0xf0,
        0xf0, 0xf0, 0x0f, 0x0f, 0x0f, 0x0f, 0xf0, 0xf0, 0xf0, 0xf0, 0x0f, 0x0f,
        0xf0, 0x0f, 0x0f, 0xf0, 0x0f, 0xf0, 0xf0, 0x0f, 0x0f, 0xf0, 0xf0, 0x0f,
        0xf0, 0x0f, 0x0f, 0xf0, 0xf0, 0x0f, 0x0f, 0xf0, 0x0f, 0xf0, 0xf0, 0x0f,
        0x0f, 0xf0, 0xf0, 0x0f, 0xf0, 0x0f, 0x0f, 0xf0, 0xf0, 0x0f, 0x0f, 0xf0,
        0x0f, 0xf0, 0xf0, 0x0f, 0x0f, 0xf0, 0xf0, 0x0f, 0xf0, 0x0f, 0x0f, 0xf0,
        0xf0, 0x0f, 0x0f, 0xf0, 0x0f, 0xf0, 0xf0, 0x0f, 0x0f, 0xf0, 0xf0, 0x0f,
        0xf0, 0x0f, 0x0f, 0xf0, 0xf0, 0x0f, 0x0f, 0xf0, 0x0f, 0xf0, 0xf0, 0x0f,
        0x0f, 0xf0, 0xf0, 0x0f, 0xf0, 0x0f, 0x0f, 0xf0, 0x55, 0xaa, 0x55, 0xaa,
        0x55, 0xaa, 0x55, 0xaa, 0x55, 0xaa, 0x55, 0xaa, 0x55, 0xaa, 0x55, 0xaa,
        0x55, 0xaa, 0x55, 0xaa, 0x55, 0xaa, 0x55, 0xaa, 0x55, 0xaa, 0x55, 0xaa,
        0x55, 0xaa, 0x55, 0xaa, 0x55, 0xaa, 0x55, 0xaa, 0x55, 0xaa, 0x55, 0xaa,
        0x55, 0xaa, 0x55, 0xaa, 0x55, 0xaa, 0x55, 0xaa, 0x55, 0xaa, 0x55, 0xaa,
        0x55, 0xaa, 0x55, 0xaa, 0x55, 0xaa, 0x55, 0xaa, 0x55, 0xaa, 0x55, 0xaa,
        0x55, 0xaa, 0x55, 0xaa, 0x55, 0xaa, 0x55, 0xaa, 0x55, 0xaa, 0x55, 0xaa,
        0x55, 0xaa, 0x55, 0xaa, 0x33, 0xcc, 0x33, 0xcc, 0xcc, 0x33, 0xcc, 0x33,
        0xcc, 0x33, 0xcc, 0x33, 0x33, 0xcc, 0x33, 0xcc, 0x33, 0xcc, 0x33, 0xcc,
        0xcc, 0x33, 0xcc, 0x33, 0xcc, 0x33, 0xcc, 0x33, 0x33, 0xcc, 0x33, 0xcc,
        0x33, 0xcc, 0x33, 0xcc, 0xcc, 0x33, 0xcc, 0x33, 0xcc, 0x33, 0xcc, 0x33,
        0x33, 0xcc, 0x33, 0xcc, 0x33, 0xcc, 0x33, 0xcc, 0xcc, 0x33, 0xcc, 0x33,
        0xcc, 0x33, 0xcc, 0x33, 0x33, 0xcc, 0x33, 0xcc, 0x33, 0xcc, 0x33, 0xcc,
        0xcc, 0x33, 0xcc, 0x33, 0xcc, 0x33, 0xcc, 0x33, 0x33, 0xcc, 0x33, 0xcc,
        0xa5, 0x5a, 0x5a, 0xa5, 0xa5, 0x5a, 0x5a, 0xa5, 0x5a, 0xa5, 0xa5, 0x5a,
        0x5a, 0xa5, 0xa5, 0x5a, 0xa5, 0x5a, 0x5a, 0xa5, 0xa5, 0x5a, 0x5a, 0xa5,
        0x5a, 0xa5, 0xa5, 0x5a, 0x5a, 0xa5, 0xa5, 0x5a, 0xa5, 0x5a, 0x5a, 0xa5,
        0xa5, 0x5a, 0x5a, 0xa5, 0x5a, 0xa5, 0xa5, 0x5a, 0x5a, 0xa5, 0xa5, 0x5a,
        0xa5, 0x5a, 0x5a, 0xa5, 0xa5, 0x5a, 0x5a, 0xa5, 0x5a, 0xa5, 0xa5, 0x5a,
        0x5a, 0xa5, 0xa5, 0x5a, 0xa5, 0x5a, 0x5a, 0xa5, 0xa5, 0x5a, 0x5a, 0xa5,
        0x5a, 0xa5, 0xa5, 0x5a, 0x5a, 0xa5, 0xa5, 0x5a, 0xf0, 0x0f, 0xf0, 0x0f,
        0xf0, 0x0f, 0xf0, 0x0f, 0xf0, 0x0f, 0xf0, 0x0f, 0xf0, 0x0f, 0xf0, 0x0f,
        0xf0, 0x0f, 0xf0, 0x0f, 0xf0, 0x0f, 0xf0, 0x0f, 0xf0, 0x0f, 0xf0, 0x0f,
        0xf0, 0x0f, 0xf0, 0x0f, 0xf0, 0x0f, 0xf0, 0x0f, 0xf0, 0x0f, 0xf0, 0x0f,
        0xf0, 0x0f, 0xf0, 0x0f, 0xf0, 0x0f, 0xf0, 0x0f, 0xf0, 0x0f, 0xf0, 0x0f,
        0xf0, 0x0f, 0xf0, 0x0f, 0xf0, 0x0f, 0xf0, 0x0f, 0xf0, 0x0f, 0xf0, 0x0f,
        0xf0, 0x0f, 0xf0, 0x0f, 0xf0, 0x0f, 0xf0, 0x0f, 0xf0, 0x0f, 0xf0, 0x0f,
        0xf0, 0x0f, 0xf0, 0x0f, 0x0f, 0xf0, 0xf0, 0x0f, 0xf0, 0x0f, 0x0f, 0xf0,
        0xf0, 0x0f, 0x0f, 0xf0, 0x0f, 0xf0, 0xf0, 0x0f, 0x0f, 0xf0, 0xf0, 0x0f,
        0xf0, 0x0f, 0x0f, 0xf0, 0xf0, 0x0f, 0x0f, 0xf0, 0x0f, 0xf0, 0xf0, 0x0f,
        0x0f, 0xf0, 0xf0, 0x0f, 0xf0, 0x0f, 0x0f, 0xf0, 0xf0, 0x0f, 0x0f, 0xf0,
        0x0f, 0xf0, 0xf0, 0x0f, 0x0f, 0xf0, 0xf0, 0x0f, 0xf0, 0x0f, 0x0f, 0xf0,
        0xf0, 0x0f, 0x0f, 0xf0, 0x0f, 0xf0, 0xf0, 0x0f, 0x0f, 0xf0, 0xf0, 0x0f,
        0xf0, 0x0f, 0x0f, 0xf0, 0xf0, 0x0f, 0x0f, 0xf0, 0x0f, 0xf0, 0xf0, 0x0f,
        0x91, 0x86, 0xb7, 0xa4, 0xaa, 0x85, 0x94, 0xe7, 0x09, 0x3e, 0x2f, 0xdc,
        0x32, 0x0d, 0x1c, 0x6f, 0x81, 0xb6, 0xa7, 0x54, 0xba, 0x95, 0xe4, 0xf7,
        0x39, 0x2e, 0xdf, 0xcc, 0x02, 0x1d, 0x6c, 0x7f, 0xb1, 0xa6, 0x57, 0x44,
        0x8a, 0xe5, 0xf4, 0xc7, 0x29, 0xde, 0xcf, 0xfc, 0x12, 0x6d, 0x7c, 0x4f,
        0xa1, 0x56, 0x47, 0x74, 0x9a, 0xf5, 0xc4, 0xd7, 0xd9, 0xce, 0xff, 0xec,
        0x62, 0x7d, 0x4c, 0x5f, 0x51, 0x46, 0x77, 0x64, 0xea, 0xc5, 0xd4, 0x27,
        0xc9, 0xfe, 0xef, 0x9c, 0x72, 0x4d, 0x5c, 0xaf, 0x00, 0xff, 0xff, 0x00,
        0xff, 0x00, 0x00, 0xff, 0xff, 0x00, 0x00, 0xff, 0x00, 0xff, 0xff, 0x00,
        0x00, 0xff, 0xff, 0x00, 0xff, 0x00, 0x00, 0xff, 0xff, 0x00, 0x00, 0xff,
        0x00, 0xff, 0xff, 0x00, 0x00, 0xff, 0xff, 0x00, 0xff, 0x00, 0x00, 0xff,
        0xff, 0x00, 0x00, 0xff, 0x00, 0xff, 0xff, 0x00, 0x00, 0xff, 0xff, 0x00,
        0xff, 0x00, 0x00, 0xff, 0xff, 0x00, 0x00, 0xff, 0x00, 0xff, 0xff, 0x00,
        0x00, 0xff, 0xff, 0x00, 0xff, 0x00, 0x00, 0xff, 0xff, 0x00, 0x00, 0xff,
        0x00, 0xff, 0xff, 0x00, 0x3c, 0xc3, 0xc3, 0x3c, 0x3c, 0xc3, 0xc3, 0x3c,
        0x3c, 0xc3, 0xc3, 0x3c, 0x3c, 0xc3, 0xc3, 0x3c, 0x3c, 0xc3, 0xc3, 0x3c,
        0x3c, 0xc3, 0xc3, 0x3c, 0x3c, 0xc3, 0xc3, 0x3c, 0x3c, 0xc3, 0xc3, 0x3c,
        0x3c, 0xc3, 0xc3, 0x3c, 0x3c, 0xc3, 0xc3, 0x3c, 0x3c, 0xc3, 0xc3, 0x3c,
        0x3c, 0xc3, 0xc3, 0x3c, 0x3c, 0xc3, 0xc3, 0x3c, 0x3c, 0xc3, 0xc3, 0x3c,
        0x3c, 0xc3, 0xc3, 0x3c, 0x3c, 0xc3, 0xc3, 0x3c, 0x3c, 0xc3, 0xc3, 0x3c,
        0x3c, 0xc3, 0xc3, 0x3c, 0x3c, 0xc3, 0xc3, 0x3c, 0x3c, 0xc3, 0xc3, 0x3c,
        0x9c, 0xb3, 0x42, 0x51, 0x9f, 0x88, 0xf9, 0xea, 0xdb, 0xc4, 0x35, 0x26,
        0xe8, 0xff, 0x8e, 0x9d, 0xac, 0x43, 0x52, 0x61, 0x8f, 0xf8, 0xe9, 0xda,
        0xcb, 0x34, 0x25, 0x16, 0xf8, 0x8f, 0x9e, 0xad, 0xbc, 0x53, 0x62, 0x71,
        0xff, 0xe8, 0xd9, 0xca, 0x3b, 0x24, 0x15, 0x06, 0x88, 0x9f, 0xae, 0xbd,
        0x4c, 0x63, 0x72, 0x01, 0xef, 0xd8, 0xc9, 0x3a, 0x2b, 0x14, 0x05, 0x76,
        0x98, 0xaf, 0xbe, 0x4d, 0x5c, 0x73, 0x02, 0x11, 0xdf, 0xc8, 0x39, 0x2a,
        0x1b, 0x04, 0x75, 0x66, 0xa8, 0xbf, 0x4e, 0x5d, 0x0f, 0xf0, 0xf0, 0x0f,
        0xf0, 0x0f, 0x0f, 0xf0, 0x0f, 0xf0, 0xf0, 0x0f, 0xf0, 0x0f, 0x0f, 0xf0,
        0x0f, 0xf0, 0xf0, 0x0f, 0xf0, 0x0f, 0x0f, 0xf0, 0x0f, 0xf0, 0xf0, 0x0f,
        0xf0, 0x0f, 0x0f, 0xf0, 0x0f, 0xf0, 0xf0, 0x0f, 0xf0, 0x0f, 0x0f, 0xf0,
        0x0f, 0xf0, 0xf0, 0x0f, 0xf0, 0x0f, 0x0f, 0xf0, 0x0f, 0xf0, 0xf0, 0x0f,
        0xf0, 0x0f, 0x0f, 0xf0, 0x0f, 0xf0, 0xf0, 0x0f, 0xf0, 0x0f, 0x0f, 0xf0,
        0x0f, 0xf0, 0xf0, 0x0f, 0xf0, 0x0f, 0x0f, 0xf0, 0x0f, 0xf0, 0xf0, 0x0f,
        0xf0, 0x0f, 0x0f, 0xf0, 0x99, 0x71, 0xbf, 0x53, 0xa2, 0x42, 0x8c, 0x60,
        0x11, 0xf9, 0x37, 0xdb, 0x2a, 0xfa, 0x14, 0x98, 0x89, 0x41, 0xaf, 0xa3,
        0xb2, 0x72, 0x9c, 0x10, 0x01, 0xc9, 0x27, 0x2b, 0x3a, 0xea, 0x64, 0x88,
        0xb9, 0x51, 0x5f, 0xb3, 0x82, 0x62, 0xec, 0x00, 0x31, 0xd9, 0xd7, 0x3b,
        0x0a, 0x9a, 0x74, 0xb8, 0xa9, 0xa1, 0x4f, 0x83, 0x92, 0x12, 0xfc, 0x30,
        0x21, 0x29, 0xc7, 0x0b, 0x1a, 0x8a, 0x44, 0xa8, 0x59, 0xb1, 0x7f, 0x93,
        0xe2, 0x02, 0xcc, 0x20, 0xd1, 0x39, 0xf7, 0x1b, 0x6a, 0xba, 0x54, 0x58,
        0x33, 0xcc, 0xcc, 0x33, 0xcc, 0x33, 0x33, 0xcc, 0xcc, 0x33, 0x33, 0xcc,
        0x33, 0xcc, 0xcc, 0x33, 0x33, 0xcc, 0xcc, 0x33, 0xcc, 0x33, 0x33, 0xcc,
        0xcc, 0x33, 0x33, 0xcc, 0x33, 0xcc, 0xcc, 0x33, 0x33, 0xcc, 0xcc, 0x33,
        0xcc, 0x33, 0x33, 0xcc, 0xcc, 0x33, 0x33, 0xcc, 0x33, 0xcc, 0xcc, 0x33,
        0x33, 0xcc, 0xcc, 0x33, 0xcc, 0x33, 0x33, 0xcc, 0xcc, 0x33, 0x33, 0xcc,
        0x33, 0xcc, 0xcc, 0x33, 0x33, 0xcc, 0xcc, 0x33, 0xcc, 0x33, 0x33, 0xcc,
        0xcc, 0x33, 0x33, 0xcc, 0x33, 0xcc, 0xcc, 0x33, 0x0f, 0xf0, 0xf0, 0x0f,
        0x0f, 0xf0, 0xf0, 0x0f, 0xf0, 0x0f, 0x0f, 0xf0, 0xf0, 0x0f, 0x0f, 0xf0,
        0x0f, 0xf0, 0xf0, 0x0f, 0x0f, 0xf0, 0xf0, 0x0f, 0xf0, 0x0f, 0x0f, 0xf0,
        0xf0, 0x0f, 0x0f, 0xf0, 0x0f, 0xf0, 0xf0, 0x0f, 0x0f, 0xf0, 0xf0, 0x0f,
        0xf0, 0x0f, 0x0f, 0xf0, 0xf0, 0x0f, 0x0f, 0xf0, 0x0f, 0xf0, 0xf0, 0x0f,
        0x0f, 0xf0, 0xf0, 0x0f, 0xf0, 0x0f, 0x0f, 0xf0, 0xf0, 0x0f, 0x0f, 0xf0,
        0x0f, 0xf0, 0xf0, 0x0f, 0x0f, 0xf0, 0xf0, 0x0f, 0xf0, 0x0f, 0x0f, 0xf0,
        0xf0, 0x0f, 0x0f, 0xf0, 0xa5, 0x5a, 0xa5, 0x5a, 0xa5, 0x5a, 0xa5, 0x5a,
        0x5a, 0xa5, 0x5a, 0xa5, 0x5a, 0xa5, 0x5a, 0xa5, 0xa5, 0x5a, 0xa5, 0x5a,
        0xa5, 0x5a, 0xa5, 0x5a, 0x5a, 0xa5, 0x5a, 0xa5, 0x5a, 0xa5, 0x5a, 0xa5,
        0xa5, 0x5a, 0xa5, 0x5a, 0xa5, 0x5a, 0xa5, 0x5a, 0x5a, 0xa5, 0x5a, 0xa5,
        0x5a, 0xa5, 0x5a, 0xa5, 0xa5, 0x5a, 0xa5, 0x5a, 0xa5, 0x5a, 0xa5, 0x5a,
        0x5a, 0xa5, 0x5a, 0xa5, 0x5a, 0xa5, 0x5a, 0xa5, 0xa5, 0x5a, 0xa5, 0x5a,
        0xa5, 0x5a, 0xa5, 0x5a, 0x5a, 0xa5, 0x5a, 0xa5, 0x5a, 0xa5, 0x5a, 0xa5,
        0xf0, 0x0f, 0x0f, 0xf0, 0xf0, 0x0f, 0x0f, 0xf0, 0x0f, 0xf0, 0xf0, 0x0f,
        0x0f, 0xf0, 0xf0, 0x0f, 0xf0, 0x0f, 0x0f, 0xf0, 0xf0, 0x0f, 0x0f, 0xf0,
        0x0f, 0xf0, 0xf0, 0x0f, 0x0f, 0xf0, 0xf0, 0x0f, 0xf0, 0x0f, 0x0f, 0xf0,
        0xf0, 0x0f, 0x0f, 0xf0, 0x0f, 0xf0, 0xf0, 0x0f, 0x0f, 0xf0, 0xf0, 0x0f,
        0xf0, 0x0f, 0x0f, 0xf0, 0xf0, 0x0f, 0x0f, 0xf0, 0x0f, 0xf0, 0xf0, 0x0f,
        0x0f, 0xf0, 0xf0, 0x0f, 0xf0, 0x0f, 0x0f, 0xf0, 0xf0, 0x0f, 0x0f, 0xf0,
        0x0f, 0xf0, 0xf0, 0x0f, 0x0f, 0xf0, 0xf0, 0x0f, 0xf0, 0xf0, 0x0f, 0x0f,
        0x0f, 0x0f, 0xf0, 0xf0, 0x0f, 0x0f, 0xf0, 0xf0, 0xf0, 0xf0, 0x0f, 0x0f,
        0xf0, 0xf0, 0x0f, 0x0f, 0x0f, 0x0f, 0xf0, 0xf0, 0x0f, 0x0f, 0xf0, 0xf0,
        0xf0, 0xf0, 0x0f, 0x0f, 0xf0, 0xf0, 0x0f, 0x0f, 0x0f, 0x0f, 0xf0, 0xf0,
        0x0f, 0x0f, 0xf0, 0xf0, 0xf0, 0xf0, 0x0f, 0x0f, 0xf0, 0xf0, 0x0f, 0x0f,
        0x0f, 0x0f, 0xf0, 0xf0, 0x0f, 0x0f, 0xf0, 0xf0, 0xf0, 0xf0, 0x0f, 0x0f,
        0xf0, 0xf0, 0x0f, 0x0f, 0x0f, 0x0f, 0xf0, 0xf0, 0x0f, 0x0f, 0xf0, 0xf0,
        0xf0, 0xf0, 0x0f, 0x0f, 0xf0, 0x0f, 0x0f, 0xf0, 0x0f, 0xf0, 0xf0, 0x0f,
        0xf0, 0x0f, 0x0f, 0xf0, 0x0f, 0xf0, 0xf0, 0x0f, 0xf0, 0x0f, 0x0f, 0xf0,
        0x0f, 0xf0, 0xf0, 0x0f, 0xf0, 0x0f, 0x0f, 0xf0, 0x0f, 0xf0, 0xf0, 0x0f,
        0xf0, 0x0f, 0x0f, 0xf0, 0x0f, 0xf0, 0xf0, 0x0f, 0xf0, 0x0f, 0x0f, 0xf0,
        0x0f, 0xf0, 0xf0, 0x0f, 0xf0, 0x0f, 0x0f, 0xf0, 0x0f, 0xf0, 0xf0, 0x0f,
        0xf0, 0x0f, 0x0f, 0xf0, 0x0f, 0xf0, 0xf0, 0x0f, 0xf0, 0x0f, 0x0f, 0xf0,
        0x0f, 0xf0, 0xf0, 0x0f, 0xf0, 0x0f, 0x0f, 0xf0, 0x0f, 0xf0, 0xf0, 0x0f,
        0x33, 0xcc, 0x33, 0xcc, 0xcc, 0x33, 0xcc, 0x33, 0x33, 0xcc, 0x33, 0xcc,
        0xcc, 0x33, 0xcc, 0x33, 0x33, 0xcc, 0x33, 0xcc, 0xcc, 0x33, 0xcc, 0x33,
        0x33, 0xcc, 0x33, 0xcc, 0xcc, 0x33, 0xcc, 0x33, 0x33, 0xcc, 0x33, 0xcc,
        0xcc, 0x33, 0xcc, 0x33, 0x33, 0xcc, 0x33, 0xcc, 0xcc, 0x33, 0xcc, 0x33,
        0x33, 0xcc, 0x33, 0xcc, 0xcc, 0x33, 0xcc, 0x33, 0x33, 0xcc, 0x33, 0xcc,
        0xcc, 0x33, 0xcc, 0x33, 0x33, 0xcc, 0x33, 0xcc, 0xcc, 0x33, 0xcc, 0x33,
        0x33, 0xcc, 0x33, 0xcc, 0xcc, 0x33, 0xcc, 0x33, 0x3c, 0xc3, 0x3c, 0xc3,
        0xc3, 0x3c, 0xc3, 0x3c, 0x3c, 0xc3, 0x3c, 0xc3, 0xc3, 0x3c, 0xc3, 0x3c,
        0x3c, 0xc3, 0x3c, 0xc3, 0xc3, 0x3c, 0xc3, 0x3c, 0x3c, 0xc3, 0x3c, 0xc3,
        0xc3, 0x3c, 0xc3, 0x3c, 0x3c, 0xc3, 0x3c, 0xc3, 0xc3, 0x3c, 0xc3, 0x3c,
        0x3c, 0xc3, 0x3c, 0xc3, 0xc3, 0x3c, 0xc3, 0x3c, 0x3c, 0xc3, 0x3c, 0xc3,
        0xc3, 0x3c, 0xc3, 0x3c, 0x3c, 0xc3, 0x3c, 0xc3, 0xc3, 0x3c, 0xc3, 0x3c,
        0x3c, 0xc3, 0x3c, 0xc3, 0xc3, 0x3c, 0xc3, 0x3c, 0x3c, 0xc3, 0x3c, 0xc3,
        0xc3, 0x3c, 0xc3, 0x3c, 0x33, 0x33, 0xcc, 0xcc, 0xcc, 0xcc, 0x33, 0x33,
        0x33, 0x33, 0xcc, 0xcc, 0xcc, 0xcc, 0x33, 0x33, 0x33, 0x33, 0xcc, 0xcc,
        0xcc, 0xcc, 0x33, 0x33, 0x33, 0x33, 0xcc, 0xcc, 0xcc, 0xcc, 0x33, 0x33,
        0x33, 0x33, 0xcc, 0xcc, 0xcc, 0xcc, 0x33, 0x33, 0x33, 0x33, 0xcc, 0xcc,
        0xcc, 0xcc, 0x33, 0x33, 0x33, 0x33, 0xcc, 0xcc, 0xcc, 0xcc, 0x33, 0x33,
        0x33, 0x33, 0xcc, 0xcc, 0xcc, 0xcc, 0x33, 0x33, 0x33, 0x33, 0xcc, 0xcc,
        0xcc, 0xcc, 0x33, 0x33, 0x33, 0x33, 0xcc, 0xcc, 0xcc, 0xcc, 0x33, 0x33,
        0x66, 0x99, 0x99, 0x66, 0x99, 0x66, 0x66, 0x99, 0x99, 0x66, 0x66, 0x99,
        0x66, 0x99, 0x99, 0x66, 0x66, 0x99, 0x99, 0x66, 0x99, 0x66, 0x66, 0x99,
        0x99, 0x66, 0x66, 0x99, 0x66, 0x99, 0x99, 0x66, 0x66, 0x99, 0x99, 0x66,
        0x99, 0x66, 0x66, 0x99, 0x99, 0x66, 0x66, 0x99, 0x66, 0x99, 0x99, 0x66,
        0x66, 0x99, 0x99, 0x66, 0x99, 0x66, 0x66, 0x99, 0x99, 0x66, 0x66, 0x99,
        0x66, 0x99, 0x99, 0x66, 0x66, 0x99, 0x99, 0x66, 0x99, 0x66, 0x66, 0x99,
        0x99, 0x66, 0x66, 0x99, 0x66, 0x99, 0x99, 0x66, 0xaa, 0x55, 0x55, 0xaa,
        0xaa, 0x55, 0x55, 0xaa, 0x55, 0xaa, 0xaa, 0x55, 0x55, 0xaa, 0xaa, 0x55,
        0xaa, 0x55, 0x55, 0xaa, 0xaa, 0x55, 0x55, 0xaa, 0x55, 0xaa, 0xaa, 0x55,
        0x55, 0xaa, 0xaa, 0x55, 0xaa, 0x55, 0x55, 0xaa, 0xaa, 0x55, 0x55, 0xaa,
        0x55, 0xaa, 0xaa, 0x55, 0x55, 0xaa, 0xaa, 0x55, 0xaa, 0x55, 0x55, 0xaa,
        0xaa, 0x55, 0x55, 0xaa, 0x55, 0xaa, 0xaa, 0x55, 0x55, 0xaa, 0xaa, 0x55,
        0xaa, 0x55, 0x55, 0xaa, 0xaa, 0x55, 0x55, 0xaa, 0x55, 0xaa, 0xaa, 0x55,
        0x55, 0xaa, 0xaa, 0x55, 0xf0, 0xf0, 0x0f, 0x0f, 0x0f, 0x0f, 0xf0, 0xf0,
        0x0f, 0x0f, 0xf0, 0xf0, 0xf0, 0xf0, 0x0f, 0x0f, 0xf0, 0xf0, 0x0f, 0x0f,
        0x0f, 0x0f, 0xf0, 0xf0, 0x0f, 0x0f, 0xf0, 0xf0, 0xf0, 0xf0, 0x0f, 0x0f,
        0xf0, 0xf0, 0x0f, 0x0f, 0x0f, 0x0f, 0xf0, 0xf0, 0x0f, 0x0f, 0xf0, 0xf0,
        0xf0, 0xf0, 0x0f, 0x0f, 0xf0, 0xf0, 0x0f, 0x0f, 0x0f, 0x0f, 0xf0, 0xf0,
        0x0f, 0x0f, 0xf0, 0xf0, 0xf0, 0xf0, 0x0f, 0x0f, 0xf0, 0xf0, 0x0f, 0x0f,
        0x0f, 0x0f, 0xf0, 0xf0, 0x0f, 0x0f, 0xf0, 0xf0, 0xf0, 0xf0, 0x0f, 0x0f,
        0xaa, 0xaa, 0x55, 0x55, 0x55, 0x55, 0xaa, 0xaa, 0x55, 0x55, 0xaa, 0xaa,
        0xaa, 0xaa, 0x55, 0x55, 0xaa, 0xaa, 0x55, 0x55, 0x55, 0x55, 0xaa, 0xaa,
        0x55, 0x55, 0xaa, 0xaa, 0xaa, 0xaa, 0x55, 0x55, 0xaa, 0xaa, 0x55, 0x55,
        0x55, 0x55, 0xaa, 0xaa, 0x55, 0x55, 0xaa, 0xaa, 0xaa, 0xaa, 0x55, 0x55,
        0xaa, 0xaa, 0x55, 0x55, 0x55, 0x55, 0xaa, 0xaa, 0x55, 0x55, 0xaa, 0xaa,
        0xaa, 0xaa, 0x55, 0x55, 0xaa, 0xaa, 0x55, 0x55, 0x55, 0x55, 0xaa, 0xaa,
        0x55, 0x55, 0xaa, 0xaa, 0xaa, 0xaa, 0x55, 0x55, 0x2b, 0xc3, 0x4d, 0xa1,
        0x90, 0x80, 0x6e, 0xa2, 0x4c, 0xc4, 0x2a, 0xe6, 0xf7, 0xf7, 0x19, 0xd5,
        0x3b, 0xb3, 0x5d, 0x91, 0x80, 0x90, 0x5e, 0xb2, 0x3c, 0xd4, 0x1a, 0xf6,
        0x07, 0xe7, 0x29, 0xc5, 0x4b, 0xa3, 0x6d, 0x81, 0x70, 0xa0, 0x4e, 0xc2,
        0x2c, 0xe4, 0x0a, 0x06, 0x17, 0xd7, 0x39, 0xb5, 0x5b, 0x93, 0x7d, 0x71,
        0x60, 0xb0, 0x3e, 0xd2, 0x1c, 0xf4, 0xfa, 0x16, 0x27, 0xc7, 0x49, 0xa5,
        0x6b, 0x83, 0x8d, 0x61, 0x50, 0xc0, 0x2e, 0xe2, 0x0c, 0x04, 0xea, 0x26,
        0x37, 0xb7, 0x59, 0x95, 0x33, 0xcc, 0x33, 0xcc, 0xcc, 0x33, 0xcc, 0x33,
        0xcc, 0x33, 0xcc, 0x33, 0x33, 0xcc, 0x33, 0xcc, 0x33, 0xcc, 0x33, 0xcc,
        0xcc, 0x33, 0xcc, 0x33, 0xcc, 0x33, 0xcc, 0x33, 0x33, 0xcc, 0x33, 0xcc,
        0x33, 0xcc, 0x33, 0xcc, 0xcc, 0x33, 0xcc, 0x33, 0xcc, 0x33, 0xcc, 0x33,
        0x33, 0xcc, 0x33, 0xcc, 0x33, 0xcc, 0x33, 0xcc, 0xcc, 0x33, 0xcc, 0x33,
        0xcc, 0x33, 0xcc, 0x33, 0x33, 0xcc, 0x33, 0xcc, 0x33, 0xcc, 0x33, 0xcc,
        0xcc, 0x33, 0xcc, 0x33, 0xcc, 0x33, 0xcc, 0x33, 0x33, 0xcc, 0x33, 0xcc,
        0x33, 0xcc, 0x33, 0xcc, 0xcc, 0x33, 0xcc, 0x33, 0x33, 0xcc, 0x33, 0xcc,
        0xcc, 0x33, 0xcc, 0x33, 0x33, 0xcc, 0x33, 0xcc, 0xcc, 0x33, 0xcc, 0x33,
        0x33, 0xcc, 0x33, 0xcc, 0xcc, 0x33, 0xcc, 0x33, 0x33, 0xcc, 0x33, 0xcc,
        0xcc, 0x33, 0xcc, 0x33, 0x33, 0xcc, 0x33, 0xcc, 0xcc, 0x33, 0xcc, 0x33,
        0x33, 0xcc, 0x33, 0xcc, 0xcc, 0x33, 0xcc, 0x33, 0x33, 0xcc, 0x33, 0xcc,
        0xcc, 0x33, 0xcc, 0x33, 0x33, 0xcc, 0x33, 0xcc, 0xcc, 0x33, 0xcc, 0x33,
        0x33, 0xcc, 0x33, 0xcc, 0xcc, 0x33, 0xcc, 0x33, 0xc3, 0xc3, 0x3c, 0x3c,
        0x3c, 0x3c, 0xc3, 0xc3, 0x3c, 0x3c, 0xc3, 0xc3, 0xc3, 0xc3, 0x3c, 0x3c,
        0xc3, 0xc3, 0x3c, 0x3c, 0x3c, 0x3c, 0xc3, 0xc3, 0x3c, 0x3c, 0xc3, 0xc3,
        0xc3, 0xc3, 0x3c, 0x3c, 0xc3, 0xc3, 0x3c, 0x3c, 0x3c, 0x3c, 0xc3, 0xc3,
        0x3c, 0x3c, 0xc3, 0xc3, 0xc3, 0xc3, 0x3c, 0x3c, 0xc3, 0xc3, 0x3c, 0x3c,
        0x3c, 0x3c, 0xc3, 0xc3, 0x3c, 0x3c, 0xc3, 0xc3, 0xc3, 0xc3, 0x3c, 0x3c,
        0xc3, 0xc3, 0x3c, 0x3c, 0x3c, 0x3c, 0xc3, 0xc3, 0x3c, 0x3c, 0xc3, 0xc3,
        0xc3, 0xc3, 0x3c, 0x3c, 0x69, 0x96, 0x96, 0x69, 0x69, 0x96, 0x96, 0x69,
        0x96, 0x69, 0x69, 0x96, 0x96, 0x69, 0x69, 0x96, 0x69, 0x96, 0x96, 0x69,
        0x69, 0x96, 0x96, 0x69, 0x96, 0x69, 0x69, 0x96, 0x96, 0x69, 0x69, 0x96,
        0x69, 0x96, 0x96, 0x69, 0x69, 0x96, 0x96, 0x69, 0x96, 0x69, 0x69, 0x96,
        0x96, 0x69, 0x69, 0x96, 0x69, 0x96, 0x96, 0x69, 0x69, 0x96, 0x96, 0x69,
        0x96, 0x69, 0x69, 0x96, 0x96, 0x69, 0x69, 0x96, 0x69, 0x96, 0x96, 0x69,
        0x69, 0x96, 0x96, 0x69, 0x96, 0x69, 0x69, 0x96, 0x96, 0x69, 0x69, 0x96,
        0x19, 0x09, 0xc7, 0x2b, 0xa5, 0x4d, 0x83, 0x6f, 0x61, 0x81, 0x4f, 0xa3,
        0x2d, 0xc5, 0x0b, 0xe7, 0xe9, 0x39, 0xd7, 0x5b, 0xb5, 0x7d, 0x93, 0x9f,
        0x71, 0xb1, 0x5f, 0xd3, 0x3d, 0xf5, 0x1b, 0x17, 0xf9, 0x29, 0xa7, 0x4b,
        0x85, 0x6d, 0x63, 0x8f, 0x41, 0xa1, 0x2f, 0xc3, 0x0d, 0xe5, 0xeb, 0x07,
        0xc9, 0x59, 0xb7, 0x7b, 0x95, 0x9d, 0x73, 0xbf, 0x51, 0xd1, 0x3f, 0xf3,
        0x1d, 0x15, 0xfb, 0x37, 0xd9, 0x49, 0x87, 0x6b, 0x65, 0x8d, 0x43, 0xaf,
        0x21, 0xc1, 0x0f, 0xe3, 0xed, 0x05, 0xcb, 0x27, 0xff, 0xff, 0x00, 0x00,
        0xff, 0xff, 0x00, 0x00, 0xff, 0xff, 0x00, 0x00, 0xff, 0xff, 0x00, 0x00,
        0xff, 0xff, 0x00, 0x00, 0xff, 0xff, 0x00, 0x00, 0xff, 0xff, 0x00, 0x00,
        0xff, 0xff, 0x00, 0x00, 0xff, 0xff, 0x00, 0x00, 0xff, 0xff, 0x00, 0x00,
        0xff, 0xff, 0x00, 0x00, 0xff, 0xff, 0x00, 0x00, 0xff, 0xff, 0x00, 0x00,
        0xff, 0xff, 0x00, 0x00, 0xff, 0xff, 0x00, 0x00, 0xff, 0xff, 0x00, 0x00,
        0xff, 0xff, 0x00, 0x00, 0xff, 0xff, 0x00, 0x00, 0xff, 0xff, 0x00, 0x00,
        0xff, 0xff, 0x00, 0x00, 0x33, 0x33, 0xcc, 0xcc, 0x33, 0x33, 0xcc, 0xcc,
        0xcc, 0xcc, 0x33, 0x33, 0xcc, 0xcc, 0x33, 0x33, 0x33, 0x33, 0xcc, 0xcc,
        0x33, 0x33, 0xcc, 0xcc, 0xcc, 0xcc, 0x33, 0x33, 0xcc, 0xcc, 0x33, 0x33,
        0x33, 0x33, 0xcc, 0xcc, 0x33, 0x33, 0xcc, 0xcc, 0xcc, 0xcc, 0x33, 0x33,
        0xcc, 0xcc, 0x33, 0x33, 0x33, 0x33, 0xcc, 0xcc, 0x33, 0x33, 0xcc, 0xcc,
        0xcc, 0xcc, 0x33, 0x33, 0xcc, 0xcc, 0x33, 0x33, 0x33, 0x33, 0xcc, 0xcc,
        0x33, 0x33, 0xcc, 0xcc, 0xcc, 0xcc, 0x33, 0x33, 0xcc, 0xcc, 0x33, 0x33,
        0x55, 0x55, 0xaa, 0xaa, 0x55, 0x55, 0xaa, 0xaa, 0x55, 0x55, 0xaa, 0xaa,
        0x55, 0x55, 0xaa, 0xaa, 0x55, 0x55, 0xaa, 0xaa, 0x55, 0x55, 0xaa, 0xaa,
        0x55, 0x55, 0xaa, 0xaa, 0x55, 0x55, 0xaa, 0xaa, 0x55, 0x55, 0xaa, 0xaa,
        0x55, 0x55, 0xaa, 0xaa, 0x55, 0x55, 0xaa, 0xaa, 0x55, 0x55, 0xaa, 0xaa,
        0x55, 0x55, 0xaa, 0xaa, 0x55, 0x55, 0xaa, 0xaa, 0x55, 0x55, 0xaa, 0xaa,
        0x55, 0x55, 0xaa, 0xaa, 0x55, 0x55, 0xaa, 0xaa, 0x55, 0x55, 0xaa, 0xaa,
        0x55, 0x55, 0xaa, 0xaa, 0x55, 0x55, 0xaa, 0xaa, 0x3c, 0x3c, 0x3c, 0x3c,
        0x3c, 0x3c, 0x3c, 0x3c, 0x3c, 0x3c, 0x3c, 0x3c, 0x3c, 0x3c, 0x3c, 0x3c,
        0x3c, 0x3c, 0x3c, 0x3c, 0x3c, 0x3c, 0x3c, 0x3c, 0x3c, 0x3c, 0x3c, 0x3c,
        0x3c, 0x3c, 0x3c, 0x3c, 0x3c, 0x3c, 0x3c, 0x3c, 0x3c, 0x3c, 0x3c, 0x3c,
        0x3c, 0x3c, 0x3c, 0x3c, 0x3c, 0x3c, 0x3c, 0x3c, 0x3c, 0x3c, 0x3c, 0x3c,
        0x3c, 0x3c, 0x3c, 0x3c, 0x3c, 0x3c, 0x3c, 0x3c, 0x3c, 0x3c, 0x3c, 0x3c,
        0x3c, 0x3c, 0x3c, 0x3c, 0x3c, 0x3c, 0x3c, 0x3c, 0x3c, 0x3c, 0x3c, 0x3c,
        0x3c, 0x3c, 0x3c, 0x3c, 0xcc, 0x33, 0x33, 0xcc, 0x33, 0xcc, 0xcc, 0x33,
        0x33, 0xcc, 0xcc, 0x33, 0xcc, 0x33, 0x33, 0xcc, 0xcc, 0x33, 0x33, 0xcc,
        0x33, 0xcc, 0xcc, 0x33, 0x33, 0xcc, 0xcc, 0x33, 0xcc, 0x33, 0x33, 0xcc,
        0xcc, 0x33, 0x33, 0xcc, 0x33, 0xcc, 0xcc, 0x33, 0x33, 0xcc, 0xcc, 0x33,
        0xcc, 0x33, 0x33, 0xcc, 0xcc, 0x33, 0x33, 0xcc, 0x33, 0xcc, 0xcc, 0x33,
        0x33, 0xcc, 0xcc, 0x33, 0xcc, 0x33, 0x33, 0xcc, 0xcc, 0x33, 0x33, 0xcc,
        0x33, 0xcc, 0xcc, 0x33, 0x33, 0xcc, 0xcc, 0x33, 0xcc, 0x33, 0x33, 0xcc
    },
    {
        0xd6, 0x3a, 0x34, 0xd4, 0x1a, 0xf6, 0x78, 0x90, 0x5e, 0xb2, 0xbc, 0x6c,
        0x82, 0x0e, 0xe0, 0x28, 0xc6, 0xca, 0x24, 0xe4, 0x0a, 0x86, 0x68, 0xa0,
        0x4e, 0x42, 0xac, 0x7c, 0xf2, 0x1e, 0xd0, 0x38, 0x36, 0xda, 0x14, 0xf4,
        0x7a, 0x96, 0x58, 0xb0, 0xbe, 0x52, 0x9c, 0x0c, 0xe2, 0x2e, 0xc0, 0xc8,
        0x26, 0xea, 0x04, 0x84, 0x6a, 0xa6, 0x48, 0x40, 0xae, 0x62, 0x8c, 0x1c,
        0xd2, 0x3e, 0x30, 0xd8, 0x16, 0xfa, 0x74, 0x94, 0x5a, 0xb6, 0xb8, 0x50,
        0x9e, 0x72, 0xfc, 0x2c, 0xc2, 0xce, 0x20, 0xe8, 0x5a, 0x5a, 0xa5, 0xa5,
        0x5a, 0x5a, 0xa5, 0xa5, 0x5a, 0x5a, 0xa5, 0xa5, 0x5a, 0x5a, 0xa5, 0xa5,
        0x5a, 0x5a, 0xa5, 0xa5, 0x5a, 0x5a, 0xa5, 0xa5, 0x5a, 0x5a, 0xa5, 0xa5,
        0x5a, 0x5a, 0xa5, 0xa5, 0x5a, 0x5a, 0xa5, 0xa5, 0x5a, 0x5a, 0xa5, 0xa5,
        0x5a, 0x5a, 0xa5, 0xa5, 0x5a, 0x5a, 0xa5, 0xa5, 0x5a, 0x5a, 0xa5, 0xa5,
        0x5a, 0x5a, 0xa5, 0xa5, 0x5a, 0x5a, 0xa5, 0xa5, 0x5a, 0x5a, 0xa5, 0xa5,
        0x5a, 0x5a, 0xa5, 0xa5, 0x5a, 0x5a, 0xa5, 0xa5, 0x5a, 0x5a, 0xa5, 0xa5,
        0x5a, 0x5a, 0xa5, 0xa5, 0x33, 0x33, 0xcc, 0xcc, 0xcc, 0xcc, 0x33, 0x33,
        0xcc, 0xcc, 0x33, 0x33, 0x33, 0x33, 0xcc, 0xcc, 0x33, 0x33, 0xcc, 0xcc,
        0xcc, 0xcc, 0x33, 0x33, 0xcc, 0xcc, 0x33, 0x33, 0x33, 0x33, 0xcc, 0xcc,
        0x33, 0x33, 0xcc, 0xcc, 0xcc, 0xcc, 0x33, 0x33, 0xcc, 0xcc, 0x33, 0x33,
        0x33, 0x33, 0xcc, 0xcc, 0x33, 0x33, 0xcc, 0xcc, 0xcc, 0xcc, 0x33, 0x33,
        0xcc, 0xcc, 0x33, 0x33, 0x33, 0x33, 0xcc, 0xcc, 0x33, 0x33, 0xcc, 0xcc,
        0xcc, 0xcc, 0x33, 0x33, 0xcc, 0xcc, 0x33, 0x33, 0x33, 0x33, 0xcc, 0xcc,
        0x69, 0x69, 0x96, 0x96, 0x69, 0x69, 0x96, 0x96, 0x96, 0x96, 0x69, 0x69,
        0x96, 0x96, 0x69, 0x69, 0x69, 0x69, 0x96, 0x96, 0x69, 0x69, 0x96, 0x96,
        0x96, 0x96, 0x69, 0x69, 0x96, 0x96, 0x69, 0x69, 0x69, 0x69, 0x96, 0x96,
        0x69, 0x69, 0x96, 0x96, 0x96, 0x96, 0x69, 0x69, 0x96, 0x96, 0x69, 0x69,
        0x69, 0x69, 0x96, 0x96, 0x69, 0x69, 0x96, 0x96, 0x96, 0x96, 0x69, 0x69,
        0x96, 0x96, 0x69, 0x69, 0x69, 0x69, 0x96, 0x96, 0x69, 0x69, 0x96, 0x96,
        0x96, 0x96, 0x69, 0x69, 0x96, 0x96, 0x69, 0x69, 0x00, 0xff, 0xff, 0x00,
        0xff, 0x00, 0x00, 0xff, 0xff, 0x00, 0x00, 0xff, 0x00, 0xff, 0xff, 0x00,
        0x00, 0xff, 0xff, 0x00, 0xff, 0x00, 0x00, 0xff, 0xff, 0x00, 0x00, 0xff,
        0x00, 0xff, 0xff, 0x00, 0x00, 0xff, 0xff, 0x00, 0xff, 0x00, 0x00, 0xff,
        0xff, 0x00, 0x00, 0xff, 0x00, 0xff, 0xff, 0x00, 0x00, 0xff, 0xff, 0x00,
        0xff, 0x00, 0x00, 0xff, 0xff, 0x00, 0x00, 0xff, 0x00, 0xff, 0xff, 0x00,
        0x00, 0xff, 0xff, 0x00, 0xff, 0x00, 0x00, 0xff, 0xff, 0x00, 0x00, 0xff,
        0x00, 0xff, 0xff, 0x00, 0x5a, 0x5a, 0xa5, 0xa5, 0xa5, 0xa5, 0x5a, 0x5a,
        0xa5, 0xa5, 0x5a, 0x5a, 0x5a, 0x5a, 0xa5, 0xa5, 0x5a, 0x5a, 0xa5, 0xa5,
        0xa5, 0xa5, 0x5a, 0x5a, 0xa5, 0xa5, 0x5a, 0x5a, 0x5a, 0x5a, 0xa5, 0xa5,
        0x5a, 0x5a, 0xa5, 0xa5, 0xa5, 0xa5, 0x5a, 0x5a, 0xa5, 0xa5, 0x5a, 0x5a,
        0x5a, 0x5a, 0xa5, 0xa5, 0x5a, 0x5a, 0xa5, 0xa5, 0xa5, 0xa5, 0x5a, 0x5a,
        0xa5, 0xa5, 0x5a, 0x5a, 0x5a, 0x5a, 0xa5, 0xa5, 0x5a, 0x5a, 0xa5, 0xa5,
        0xa5, 0xa5, 0x5a, 0x5a, 0xa5, 0xa5, 0x5a, 0x5a, 0x5a, 0x5a, 0xa5, 0xa5,
        0x33, 0xcc, 0x33, 0xcc, 0xcc, 0x33, 0xcc, 0x33, 0xcc, 0x33, 0xcc, 0x33,
        0x33, 0xcc, 0x33, 0xcc, 0x33, 0xcc, 0x33, 0xcc, 0xcc, 0x33, 0xcc, 0x33,
        0xcc, 0x33, 0xcc, 0x33, 0x33, 0xcc, 0x33, 0xcc, 0x33, 0xcc, 0x33, 0xcc,
        0xcc, 0x33, 0xcc, 0x33, 0xcc, 0x33, 0xcc, 0x33, 0x33, 0xcc, 0x33, 0xcc,
        0x33, 0xcc, 0x33, 0xcc, 0xcc, 0x33, 0xcc, 0x33, 0xcc, 0x33, 0xcc, 0x33,
        0x33, 0xcc, 0x33, 0xcc, 0x33, 0xcc, 0x33, 0xcc, 0xcc, 0x33, 0xcc, 0x33,
        0xcc, 0x33, 0xcc, 0x33, 0x33, 0xcc, 0x33, 0xcc, 0xff, 0x00, 0xff, 0x00,
        0xff, 0x00, 0xff, 0x00, 0xff, 0x00, 0xff, 0x00, 0xff, 0x00, 0xff, 0x00,
        0xff, 0x00, 0xff, 0x00, 0xff, 0x00, 0xff, 0x00, 0xff, 0x00, 0xff, 0x00,
        0xff, 0x00, 0xff, 0x00, 0xff, 0x00, 0xff, 0x00, 0xff, 0x00, 0xff, 0x00,
        0xff, 0x00, 0xff, 0x00, 0xff, 0x00, 0xff, 0x00, 0xff, 0x00, 0xff, 0x00,
        0xff, 0x00, 0xff, 0x00, 0xff, 0x00, 0xff, 0x00, 0xff, 0x00, 0xff, 0x00,
        0xff, 0x00, 0xff, 0x00, 0xff, 0x00, 0xff, 0x00, 0xff, 0x00, 0xff, 0x00,
        0xff, 0x00, 0xff, 0x00, 0xff, 0xff, 0x00, 0x00, 0xff, 0xff, 0x00, 0x00,
        0xff, 0xff, 0x00, 0x00, 0xff, 0xff, 0x00, 0x00, 0xff, 0xff, 0x00, 0x00,
        0xff, 0xff, 0x00, 0x00, 0xff, 0xff, 0x00, 0x00, 0xff, 0xff, 0x00, 0x00,
        0xff, 0xff, 0x00, 0x00, 0xff, 0xff, 0x00, 0x00, 0xff, 0xff, 0x00, 0x00,
        0xff, 0xff, 0x00, 0x00, 0xff, 0xff, 0x00, 0x00, 0xff, 0xff, 0x00, 0x00,
        0xff, 0xff, 0x00, 0x00, 0xff, 0xff, 0x00, 0x00, 0xff, 0xff, 0x00, 0x00,
        0xff, 0xff, 0x00, 0x00, 0xff, 0xff, 0x00, 0x00, 0xff, 0xff, 0x00, 0x00,
        0x66, 0x66, 0x66, 0x66, 0x99, 0x99, 0x99, 0x99, 0x99, 0x99, 0x99, 0x99,
        0x66, 0x66, 0x66, 0x66, 0x66, 0x66, 0x66, 0x66, 0x99, 0x99, 0x99, 0x99,
        0x99, 0x99, 0x99, 0x99, 0x66, 0x66, 0x66, 0x66, 0x66, 0x66, 0x66, 0x66,
        0x99, 0x99, 0x99, 0x99, 0x99, 0x99, 0x99, 0x99, 0x66, 0x66, 0x66, 0x66,
        0x66, 0x66, 0x66, 0x66, 0x99, 0x99, 0x99, 0x99, 0x99, 0x99, 0x99, 0x99,
        0x66, 0x66, 0x66, 0x66, 0x66, 0x66, 0x66, 0x66, 0x99, 0x99, 0x99, 0x99,
        0x99, 0x99, 0x99, 0x99, 0x66, 0x66, 0x66, 0x66, 0x5a, 0xa5, 0xa5, 0x5a,
        0x5a, 0xa5, 0xa5, 0x5a, 0xa5, 0x5a, 0x5a, 0xa5, 0xa5, 0x5a, 0x5a, 0xa5,
        0x5a, 0xa5, 0xa5, 0x5a, 0x5a, 0xa5, 0xa5, 0x5a, 0xa5, 0x5a, 0x5a, 0xa5,
        0xa5, 0x5a, 0x5a, 0xa5, 0x5a, 0xa5, 0xa5, 0x5a, 0x5a, 0xa5, 0xa5, 0x5a,
        0xa5, 0x5a, 0x5a, 0xa5, 0xa5, 0x5a, 0x5a, 0xa5, 0x5a, 0xa5, 0xa5, 0x5a,
        0x5a, 0xa5, 0xa5, 0x5a, 0xa5, 0x5a, 0x5a, 0xa5, 0xa5, 0x5a, 0x5a, 0xa5,
        0x5a, 0xa5, 0xa5, 0x5a, 0x5a, 0xa5, 0xa5, 0x5a, 0xa5, 0x5a, 0x5a, 0xa5,
        0xa5, 0x5a, 0x5a, 0xa5, 0x5a, 0x5a, 0x5a, 0x5a, 0xa5, 0xa5, 0xa5, 0xa5,
        0xa5, 0xa5, 0xa5, 0xa5, 0x5a, 0x5a, 0x5a, 0x5a, 0x5a, 0x5a, 0x5a, 0x5a,
        0xa5, 0xa5, 0xa5, 0xa5, 0xa5, 0xa5, 0xa5, 0xa5, 0x5a, 0x5a, 0x5a, 0x5a,
        0x5a, 0x5a, 0x5a, 0x5a, 0xa5, 0xa5, 0xa5, 0xa5, 0xa5, 0xa5, 0xa5, 0xa5,
        0x5a, 0x5a, 0x5a, 0x5a, 0x5a, 0x5a, 0x5a, 0x5a, 0xa5, 0xa5, 0xa5, 0xa5,
        0xa5, 0xa5, 0xa5, 0xa5, 0x5a, 0x5a, 0x5a, 0x5a, 0x5a, 0x5a, 0x5a, 0x5a,
        0xa5, 0xa5, 0xa5, 0xa5, 0xa5, 0xa5, 0xa5, 0xa5, 0x5a, 0x5a, 0x5a, 0x5a,
        0xc3, 0xc3, 0x3c, 0x3c, 0xc3, 0xc3, 0x3c, 0x3c, 0xc3, 0xc3, 0x3c, 0x3c,
        0xc3, 0xc3, 0x3c, 0x3c, 0xc3, 0xc3, 0x3c, 0x3c, 0xc3, 0xc3, 0x3c, 0x3c,
        0xc3, 0xc3, 0x3c, 0x3c, 0xc3, 0xc3, 0x3c, 0x3c, 0xc3, 0xc3, 0x3c, 0x3c,
        0xc3, 0xc3, 0x3c, 0x3c, 0xc3, 0xc3, 0x3c, 0x3c, 0xc3, 0xc3, 0x3c, 0x3c,
        0xc3, 0xc3, 0x3c, 0x3c, 0xc3, 0xc3, 0x3c, 0x3c, 0xc3, 0xc3, 0x3c, 0x3c,
        0xc3, 0xc3, 0x3c, 0x3c, 0xc3, 0xc3, 0x3c, 0x3c, 0xc3, 0xc3, 0x3c, 0x3c,
        0xc3, 0xc3, 0x3c, 0x3c, 0xc3, 0xc3, 0x3c, 0x3c, 0x7a, 0x89, 0x98, 0xa7,
        0xb6, 0xc5, 0xd4, 0xe3, 0xf2, 0x01, 0x10, 0x3f, 0x4e, 0x5d, 0x6c, 0x7b,
        0x8a, 0x99, 0xa8, 0xb7, 0xc6, 0xd5, 0xe4, 0xf3, 0x02, 0x11, 0x20, 0x4f,
        0x5e, 0x6d, 0x7c, 0x8b, 0x9a, 0xa9, 0xb8, 0xc7, 0xd6, 0xe5, 0xf4, 0x03,
        0x12, 0x21, 0x30, 0x5f, 0x6e, 0x7d, 0x8c, 0x9b, 0xaa, 0xb9, 0xc8, 0xd7,
        0xe6, 0xf5, 0x04, 0x13, 0x22, 0x31, 0x40, 0x6f, 0x7e, 0x8d, 0x9c, 0xab,
        0xba, 0xc9, 0xd8, 0xe7, 0xf6, 0x05, 0x14, 0x23, 0x32, 0x41, 0x50, 0x7f,
        0x8e, 0x9d, 0xac, 0xbb, 0xc3, 0x3c, 0xc3, 0x3c, 0xc3, 0x3c, 0xc3, 0x3c,
        0xc3, 0x3c, 0xc3, 0x3c, 0xc3, 0x3c, 0xc3, 0x3c, 0xc3, 0x3c, 0xc3, 0x3c,
        0xc3, 0x3c, 0xc3, 0x3c, 0xc3, 0x3c, 0xc3, 0x3c, 0xc3, 0x3c, 0xc3, 0x3c,
        0xc3, 0x3c, 0xc3, 0x3c, 0xc3, 0x3c, 0xc3, 0x3c, 0xc3, 0x3c, 0xc3, 0x3c,
        0xc3, 0x3c, 0xc3, 0x3c, 0xc3, 0x3c, 0xc3, 0x3c, 0xc3, 0x3c, 0xc3, 0x3c,
        0xc3, 0x3c, 0xc3, 0x3c, 0xc3, 0x3c, 0xc3, 0x3c, 0xc3, 0x3c, 0xc3, 0x3c,
        0xc3, 0x3c, 0xc3, 0x3c, 0xc3, 0x3c, 0xc3, 0x3c, 0xc3, 0x3c, 0xc3, 0x3c,
        0x3c, 0xc3, 0xc3, 0x3c, 0xc3, 0x3c, 0x3c, 0xc3, 0x3c, 0xc3, 0xc3, 0x3c,
        0xc3, 0x3c, 0x3c, 0xc3, 0x3c, 0xc3, 0xc3, 0x3c, 0xc3, 0x3c, 0x3c, 0xc3,
        0x3c, 0xc3, 0xc3, 0x3c, 0xc3, 0x3c, 0x3c, 0xc3, 0x3c, 0xc3, 0xc3, 0x3c,
        0xc3, 0x3c, 0x3c, 0xc3, 0x3c, 0xc3, 0xc3, 0x3c, 0xc3, 0x3c, 0x3c, 0xc3,
        0x3c, 0xc3, 0xc3, 0x3c, 0xc3, 0x3c, 0x3c, 0xc3, 0x3c, 0xc3, 0xc3, 0x3c,
        0xc3, 0x3c, 0x3c, 0xc3, 0x3c, 0xc3, 0xc3, 0x3c, 0xc3, 0x3c, 0x3c, 0xc3,
        0x3c, 0xc3, 0xc3, 0x3c, 0xc3, 0x3c, 0x3c, 0xc3, 0xda, 0x16, 0xf8, 0x70,
        0x9e, 0x52, 0xbc, 0xac, 0x62, 0x8e, 0x00, 0xe8, 0x26, 0xca, 0xc4, 0x24,
        0xea, 0x06, 0x88, 0x60, 0xae, 0x42, 0x4c, 0x9c, 0x72, 0xfe, 0x10, 0xd8,
        0x36, 0x3a, 0xd4, 0x14, 0xfa, 0x76, 0x98, 0x50, 0xbe, 0xb2, 0x5c, 0x8c,
        0x02, 0xee, 0x20, 0xc8, 0xc6, 0x2a, 0xe4, 0x04, 0x8a, 0x66, 0xa8, 0x40,
        0x4e, 0xa2, 0x6c, 0xfc, 0x12, 0xde, 0x30, 0x38, 0xd6, 0x1a, 0xf4, 0x74,
        0x9a, 0x56, 0xb8, 0xb0, 0x5e, 0x92, 0x7c, 0xec, 0x22, 0xce, 0xc0, 0x28,
        0xe6, 0x0a, 0x84, 0x64, 0x99, 0x66, 0x99, 0x66, 0x99, 0x66, 0x99, 0x66,
        0x99, 0x66, 0x99, 0x66, 0x99, 0x66, 0x99, 0x66, 0x99, 0x66, 0x99, 0x66,
        0x99, 0x66, 0x99, 0x66, 0x99, 0x66, 0x99, 0x66, 0x99, 0x66, 0x99, 0x66,
        0x99, 0x66, 0x99, 0x66, 0x99, 0x66, 0x99, 0x66, 0x99, 0x66, 0x99, 0x66,
        0x99, 0x66, 0x99, 0x66, 0x99, 0x66, 0x99, 0x66, 0x99, 0x66, 0x99, 0x66,
        0x99, 0x66, 0x99, 0x66, 0x99, 0x66, 0x99, 0x66, 0x99, 0x66, 0x99, 0x66,
        0x99, 0x66, 0x99, 0x66, 0x99, 0x66, 0x99, 0x66, 0x99, 0x66, 0x99, 0x66,
        0x3c, 0xc3, 0x3c, 0xc3, 0x3c, 0xc3, 0x3c, 0xc3, 0x3c, 0xc3, 0x3c, 0xc3,
        0x3c, 0xc3, 0x3c, 0xc3, 0x3c, 0xc3, 0x3c, 0xc3, 0x3c, 0xc3, 0x3c, 0xc3,
        0x3c, 0xc3, 0x3c, 0xc3, 0x3c, 0xc3, 0x3c, 0xc3, 0x3c, 0xc3, 0x3c, 0xc3,
        0x3c, 0xc3, 0x3c, 0xc3, 0x3c, 0xc3, 0x3c, 0xc3, 0x3c, 0xc3, 0x3c, 0xc3,
        0x3c, 0xc3, 0x3c, 0xc3, 0x3c, 0xc3, 0x3c, 0xc3, 0x3c, 0xc3, 0x3c, 0xc3,
        0x3c, 0xc3, 0x3c, 0xc3, 0x3c, 0xc3, 0x3c, 0xc3, 0x3c, 0xc3, 0x3c, 0xc3,
        0x3c, 0xc3, 0x3c, 0xc3, 0x3c, 0xc3, 0x3c, 0xc3, 0xff, 0xff, 0xff, 0xff,
        0x00, 0x00, 0x00, 0x00, 0xff, 0xff, 0xff, 0xff, 0x00, 0x00, 0x00, 0x00,
        0xff, 0xff, 0xff, 0xff, 0x00, 0x00, 0x00, 0x00, 0xff, 0xff, 0xff, 0xff,
        0x00, 0x00, 0x00, 0x00, 0xff, 0xff, 0xff, 0xff, 0x00, 0x00, 0x00, 0x00,
        0xff, 0xff, 0xff, 0xff, 0x00, 0x00, 0x00, 0x00, 0xff, 0xff, 0xff, 0xff,
        0x00, 0x00, 0x00, 0x00, 0xff, 0xff, 0xff, 0xff, 0x00, 0x00, 0x00, 0x00,
        0xff, 0xff, 0xff, 0xff, 0x00, 0x00, 0x00, 0x00, 0xff, 0xff, 0xff, 0xff,
        0x00, 0x00, 0x00, 0x00, 0x55, 0x55, 0xaa, 0xaa, 0xaa, 0xaa, 0x55, 0x55,
        0xaa, 0xaa, 0x55, 0x55, 0x55, 0x55, 0xaa, 0xaa, 0x55, 0x55, 0xaa, 0xaa,
        0xaa, 0xaa, 0x55, 0x55, 0xaa, 0xaa, 0x55, 0x55, 0x55, 0x55, 0xaa, 0xaa,
        0x55, 0x55, 0xaa, 0xaa, 0xaa, 0xaa, 0x55, 0x55, 0xaa, 0xaa, 0x55, 0x55,
        0x55, 0x55, 0xaa, 0xaa, 0x55, 0x55, 0xaa, 0xaa, 0xaa, 0xaa, 0x55, 0x55,
        0xaa, 0xaa, 0x55, 0x55, 0x55, 0x55, 0xaa, 0xaa, 0x55, 0x55, 0xaa, 0xaa,
        0xaa, 0xaa, 0x55, 0x55, 0xaa, 0xaa, 0x55, 0x55, 0x55, 0x55, 0xaa, 0xaa,
        0x5a, 0xa5, 0x5a, 0xa5, 0x5a, 0xa5, 0x5a, 0xa5, 0xa5, 0x5a, 0xa5, 0x5a,
        0xa5, 0x5a, 0xa5, 0x5a, 0x5a, 0xa5, 0x5a, 0xa5, 0x5a, 0xa5, 0x5a, 0xa5,
        0xa5, 0x5a, 0xa5, 0x5a, 0xa5, 0x5a, 0xa5, 0x5a, 0x5a, 0xa5, 0x5a, 0xa5,
        0x5a, 0xa5, 0x5a, 0xa5, 0xa5, 0x5a, 0xa5, 0x5a, 0xa5, 0x5a, 0xa5, 0x5a,
        0x5a, 0xa5, 0x5a, 0xa5, 0x5a, 0xa5, 0x5a, 0xa5, 0xa5, 0x5a, 0xa5, 0x5a,
        0xa5, 0x5a, 0xa5, 0x5a, 0x5a, 0xa5, 0x5a, 0xa5, 0x5a, 0xa5, 0x5a, 0xa5,
        0xa5, 0x5a, 0xa5, 0x5a, 0xa5, 0x5a, 0xa5, 0x5a, 0x3c, 0x3c, 0xc3, 0xc3,
        0x3c, 0x3c, 0xc3, 0xc3, 0x3c, 0x3c, 0xc3, 0xc3, 0x3c, 0x3c, 0xc3, 0xc3,
        0x3c, 0x3c, 0xc3, 0xc3, 0x3c, 0x3c, 0xc3, 0xc3, 0x3c, 0x3c, 0xc3, 0xc3,
        0x3c, 0x3c, 0xc3, 0xc3, 0x3c, 0x3c, 0xc3, 0xc3, 0x3c, 0x3c, 0xc3, 0xc3,
        0x3c, 0x3c, 0xc3, 0xc3, 0x3c, 0x3c, 0xc3, 0xc3, 0x3c, 0x3c, 0xc3, 0xc3,
        0x3c, 0x3c, 0xc3, 0xc3, 0x3c, 0x3c, 0xc3, 0xc3, 0x3c, 0x3c, 0xc3, 0xc3,
        0x3c, 0x3c, 0xc3, 0xc3, 0x3c, 0x3c, 0xc3, 0xc3, 0x3c, 0x3c, 0xc3, 0xc3,
        0x3c, 0x3c, 0xc3, 0xc3, 0xf0, 0x0f, 0x0f, 0xf0, 0x0f, 0xf0, 0xf0, 0x0f,
        0x0f, 0xf0, 0xf0, 0x0f, 0xf0, 0x0f, 0x0f, 0xf0, 0xf0, 0x0f, 0x0f, 0xf0,
        0x0f, 0xf0, 0xf0, 0x0f, 0x0f, 0xf0, 0xf0, 0x0f, 0xf0, 0x0f, 0x0f, 0xf0,
        0xf0, 0x0f, 0x0f, 0xf0, 0x0f, 0xf0, 0xf0, 0x0f, 0x0f, 0xf0, 0xf0, 0x0f,
        0xf0, 0x0f, 0x0f, 0xf0, 0xf0, 0x0f, 0x0f, 0xf0, 0x0f, 0xf0, 0xf0, 0x0f,
        0x0f, 0xf0, 0xf0, 0x0f, 0xf0, 0x0f, 0x0f, 0xf0, 0xf0, 0x0f, 0x0f, 0xf0,
        0x0f, 0xf0, 0xf0, 0x0f, 0x0f, 0xf0, 0xf0, 0x0f, 0xf0, 0x0f, 0x0f, 0xf0,
        0x00, 0xff, 0x00, 0xff, 0xff, 0x00, 0xff, 0x00, 0xff, 0x00, 0xff, 0x00,
        0x00, 0xff, 0x00, 0xff, 0x00, 0xff, 0x00, 0xff, 0xff, 0x00, 0xff, 0x00,
        0xff, 0x00, 0xff, 0x00, 0x00, 0xff, 0x00, 0xff, 0x00, 0xff, 0x00, 0xff,
        0xff, 0x00, 0xff, 0x00, 0xff, 0x00, 0xff, 0x00, 0x00, 0xff, 0x00, 0xff,
        0x00, 0xff, 0x00, 0xff, 0xff, 0x00, 0xff, 0x00, 0xff, 0x00, 0xff, 0x00,
        0x00, 0xff, 0x00, 0xff, 0x00, 0xff, 0x00, 0xff, 0xff, 0x00, 0xff, 0x00,
        0xff, 0x00, 0xff, 0x00, 0x00, 0xff, 0x00, 0xff, 0x5a, 0x5a, 0x5a, 0x5a,
        0xa5, 0xa5, 0xa5, 0xa5, 0x5a, 0x5a, 0x5a, 0x5a, 0xa5, 0xa5, 0xa5, 0xa5,
        0x5a, 0x5a, 0x5a, 0x5a, 0xa5, 0xa5, 0xa5, 0xa5, 0x5a, 0x5a, 0x5a, 0x5a,
        0xa5, 0xa5, 0xa5, 0xa5, 0x5a, 0x5a, 0x5a, 0x5a, 0xa5, 0xa5, 0xa5, 0xa5,
        0x5a, 0x5a, 0x5a, 0x5a, 0xa5, 0xa5, 0xa5, 0xa5, 0x5a, 0x5a, 0x5a, 0x5a,
        0xa5, 0xa5, 0xa5, 0xa5, 0x5a, 0x5a, 0x5a, 0x5a, 0xa5, 0xa5, 0xa5, 0xa5,
        0x5a, 0x5a, 0x5a, 0x5a, 0xa5, 0xa5, 0xa5, 0xa5, 0x5a, 0x5a, 0x5a, 0x5a,
        0xa5, 0xa5, 0xa5, 0xa5, 0xaa, 0x55, 0xaa, 0x55, 0x55, 0xaa, 0x55, 0xaa,
        0xaa, 0x55, 0xaa, 0x55, 0x55, 0xaa, 0x55, 0xaa, 0xaa, 0x55, 0xaa, 0x55,
        0x55, 0xaa, 0x55, 0xaa, 0xaa, 0x55, 0xaa, 0x55, 0x55, 0xaa, 0x55, 0xaa,
        0xaa, 0x55, 0xaa, 0x55, 0x55, 0xaa, 0x55, 0xaa, 0xaa, 0x55, 0xaa, 0x55,
        0x55, 0xaa, 0x55, 0xaa, 0xaa, 0x55, 0xaa, 0x55, 0x55, 0xaa, 0x55, 0xaa,
        0xaa, 0x55, 0xaa, 0x55, 0x55, 0xaa, 0x55, 0xaa, 0xaa, 0x55, 0xaa, 0x55,
        0x55, 0xaa, 0x55, 0xaa, 0xaa, 0x55, 0xaa, 0x55, 0x55, 0xaa, 0x55, 0xaa,
        0x69, 0x96, 0x96, 0x69, 0x69, 0x96, 0x96, 0x69, 0x96, 0x69, 0x69, 0x96,
        0x96, 0x69, 0x69, 0x96, 0x69, 0x96, 0x96, 0x69, 0x69, 0x96, 0x96, 0x69,
        0x96, 0x69, 0x69, 0x96, 0x96, 0x69, 0x69, 0x96, 0x69, 0x96, 0x96, 0x69,
        0x69, 0x96, 0x96, 0x69, 0x96, 0x69, 0x69, 0x96, 0x96, 0x69, 0x69, 0x96,
        0x69, 0x96, 0x96, 0x69, 0x69, 0x96, 0x96, 0x69, 0x96, 0x69, 0x69, 0x96,
        0x96, 0x69, 0x69, 0x96, 0x69, 0x96, 0x96, 0x69, 0x69, 0x96, 0x96, 0x69,
        0x96, 0x69, 0x69, 0x96, 0x96, 0x69, 0x69, 0x96, 0xcc, 0x33, 0x33, 0xcc,
        0x33, 0xcc, 0xcc, 0x33, 0x33, 0xcc, 0xcc, 0x33, 0xcc, 0x33, 0x33, 0xcc,
        0xcc, 0x33, 0x33, 0xcc, 0x33, 0xcc, 0xcc, 0x33, 0x33, 0xcc, 0xcc, 0x33,
        0xcc, 0x33, 0x33, 0xcc, 0xcc, 0x33, 0x33, 0xcc, 0x33, 0xcc, 0xcc, 0x33,
        0x33, 0xcc, 0xcc, 0x33, 0xcc, 0x33, 0x33, 0xcc, 0xcc, 0x33, 0x33, 0xcc,
        0x33, 0xcc, 0xcc, 0x33, 0x33, 0xcc, 0xcc, 0x33, 0xcc, 0x33, 0x33, 0xcc,
        0xcc, 0x33, 0x33, 0xcc, 0x33, 0xcc, 0xcc, 0x33, 0x33, 0xcc, 0xcc, 0x33,
        0xcc, 0x33, 0x33, 0xcc, 0x99, 0x99, 0x99, 0x99, 0x99, 0x99, 0x99, 0x99,
        0x99, 0x99, 0x99, 0x99, 0x99, 0x99, 0x99, 0x99, 0x99, 0x99, 0x99, 0x99,
        0x99, 0x99, 0x99, 0x99, 0x99, 0x99, 0x99, 0x99, 0x99, 0x99, 0x99, 0x99,
        0x99, 0x99, 0x99, 0x99, 0x99, 0x99, 0x99, 0x99, 0x99, 0x99, 0x99, 0x99,
        0x99, 0x99, 0x99, 0x99, 0x99, 0x99, 0x99, 0x99, 0x99, 0x99, 0x99, 0x99,
        0x99, 0x99, 0x99, 0x99, 0x99, 0x99, 0x99, 0x99, 0x99, 0x99, 0x99, 0x99,
        0x99, 0x99, 0x99, 0x99, 0x99, 0x99, 0x99, 0x99, 0x99, 0x99, 0x99, 0x99,
        0xfe, 0x36, 0xd8, 0xd4, 0x3a, 0xea, 0x64, 0x88, 0x46, 0xae, 0xa0, 0x4c,
        0x82, 0x62, 0xec, 0x00, 0xce, 0x26, 0x28, 0xc4, 0x0a, 0x9a, 0x74, 0xb8,
        0x56, 0x5e, 0xb0, 0x7c, 0x92, 0x12, 0xfc, 0x30, 0xde, 0xd6, 0x38, 0xf4,
        0x1a, 0x8a, 0x44, 0xa8, 0xa6, 0x4e, 0x80, 0x6c, 0xe2, 0x02, 0xcc, 0x20,
        0x2e, 0xc6, 0x08, 0xe4, 0x6a, 0xba, 0x54, 0x58, 0xb6, 0x7e, 0x90, 0x1c,
        0xf2, 0x32, 0xdc, 0xd0, 0x3e, 0xf6, 0x18, 0x94, 0x7a, 0xaa, 0xa4, 0x48,
        0x86, 0x6e, 0xe0, 0x0c, 0xc2, 0x22, 0x2c, 0xc0, 0xc3, 0xc3, 0x3c, 0x3c,
        0xc3, 0xc3, 0x3c, 0x3c, 0x3c, 0x3c, 0xc3, 0xc3, 0x3c, 0x3c, 0xc3, 0xc3,
        0xc3, 0xc3, 0x3c, 0x3c, 0xc3, 0xc3, 0x3c, 0x3c, 0x3c, 0x3c, 0xc3, 0xc3,
        0x3c, 0x3c, 0xc3, 0xc3, 0xc3, 0xc3, 0x3c, 0x3c, 0xc3, 0xc3, 0x3c, 0x3c,
        0x3c, 0x3c, 0xc3, 0xc3, 0x3c, 0x3c, 0xc3, 0xc3, 0xc3, 0xc3, 0x3c, 0x3c,
        0xc3, 0xc3, 0x3c, 0x3c, 0x3c, 0x3c, 0xc3, 0xc3, 0x3c, 0x3c, 0xc3, 0xc3,
        0xc3, 0xc3, 0x3c, 0x3c, 0xc3, 0xc3, 0x3c, 0x3c, 0x3c, 0x3c, 0xc3, 0xc3,
        0x3c, 0x3c, 0xc3, 0xc3, 0x00, 0x00, 0xff, 0xff, 0xff, 0xff, 0x00, 0x00,
        0xff, 0xff, 0x00, 0x00, 0x00, 0x00, 0xff, 0xff, 0x00, 0x00, 0xff, 0xff,
        0xff, 0xff, 0x00, 0x00, 0xff, 0xff, 0x00, 0x00, 0x00, 0x00, 0xff, 0xff,
        0x00, 0x00, 0xff, 0xff, 0xff, 0xff, 0x00, 0x00, 0xff, 0xff, 0x00, 0x00,
        0x00, 0x00, 0xff, 0xff, 0x00, 0x00, 0xff, 0xff, 0xff, 0xff, 0x00, 0x00,
        0xff, 0xff, 0x00, 0x00, 0x00, 0x00, 0xff, 0xff, 0x00, 0x00, 0xff, 0xff,
        0xff, 0xff, 0x00, 0x00, 0xff, 0xff, 0x00, 0x00, 0x00, 0x00, 0xff, 0xff,
        0x33, 0x33, 0x33, 0x33, 0xcc, 0xcc, 0xcc, 0xcc, 0x33, 0x33, 0x33, 0x33,
        0xcc, 0xcc, 0xcc, 0xcc, 0x33, 0x33, 0x33, 0x33, 0xcc, 0xcc, 0xcc, 0xcc,
        0x33, 0x33, 0x33, 0x33, 0xcc, 0xcc, 0xcc, 0xcc, 0x33, 0x33, 0x33, 0x33,
        0xcc, 0xcc, 0xcc, 0xcc, 0x33, 0x33, 0x33, 0x33, 0xcc, 0xcc, 0xcc, 0xcc,
        0x33, 0x33, 0x33, 0x33, 0xcc, 0xcc, 0xcc, 0xcc, 0x33, 0x33, 0x33, 0x33,
        0xcc, 0xcc, 0xcc, 0xcc, 0x33, 0x33, 0x33, 0x33, 0xcc, 0xcc, 0xcc, 0xcc,
        0x33, 0x33, 0x33, 0x33, 0xcc, 0xcc, 0xcc, 0xcc, 0x0f, 0xf0, 0x0f, 0xf0,
        0xf0, 0x0f, 0xf0, 0x0f, 0x0f, 0xf0, 0x0f, 0xf0, 0xf0, 0x0f, 0xf0, 0x0f,
        0x0f, 0xf0, 0x0f, 0xf0, 0xf0, 0x0f, 0xf0, 0x0f, 0x0f, 0xf0, 0x0f, 0xf0,
        0xf0, 0x0f, 0xf0, 0x0f, 0x0f, 0xf0, 0x0f, 0xf0, 0xf0, 0x0f, 0xf0, 0x0f,
        0x0f, 0xf0, 0x0f, 0xf0, 0xf0, 0x0f, 0xf0, 0x0f, 0x0f, 0xf0, 0x0f, 0xf0,
        0xf0, 0x0f, 0xf0, 0x0f, 0x0f, 0xf0, 0x0f, 0xf0, 0xf0, 0x0f, 0xf0, 0x0f,
        0x0f, 0xf0, 0x0f, 0xf0, 0xf0, 0x0f, 0xf0, 0x0f, 0x0f, 0xf0, 0x0f, 0xf0,
        0xf0, 0x0f, 0xf0, 0x0f, 0xcc, 0x33, 0x33, 0xcc, 0xcc, 0x33, 0x33, 0xcc,
        0xcc, 0x33, 0x33, 0xcc, 0xcc, 0x33, 0x33, 0xcc, 0xcc, 0x33, 0x33, 0xcc,
        0xcc, 0x33, 0x33, 0xcc, 0xcc, 0x33, 0x33, 0xcc, 0xcc, 0x33, 0x33, 0xcc,
        0xcc, 0x33, 0x33, 0xcc, 0xcc, 0x33, 0x33, 0xcc, 0xcc, 0x33, 0x33, 0xcc,
        0xcc, 0x33, 0x33, 0xcc, 0xcc, 0x33, 0x33, 0xcc, 0xcc, 0x33, 0x33, 0xcc,
        0xcc, 0x33, 0x33, 0xcc, 0xcc, 0x33, 0x33, 0xcc, 0xcc, 0x33, 0x33, 0xcc,
        0xcc, 0x33, 0x33, 0xcc, 0xcc, 0x33, 0x33, 0xcc, 0xcc, 0x33, 0x33, 0xcc,
        0x33, 0xcc, 0x33, 0xcc, 0xcc, 0x33, 0xcc, 0x33, 0x33, 0xcc, 0x33, 0xcc,
        0xcc, 0x33, 0xcc, 0x33, 0x33, 0xcc, 0x33, 0xcc, 0xcc, 0x33, 0xcc, 0x33,
        0x33, 0xcc, 0x33, 0xcc, 0xcc, 0x33, 0xcc, 0x33, 0x33, 0xcc, 0x33, 0xcc,
        0xcc, 0x33, 0xcc, 0x33, 0x33, 0xcc, 0x33, 0xcc, 0xcc, 0x33, 0xcc, 0x33,
        0x33, 0xcc, 0x33, 0xcc, 0xcc, 0x33, 0xcc, 0x33, 0x33, 0xcc, 0x33, 0xcc,
        0xcc, 0x33, 0xcc, 0x33, 0x33, 0xcc, 0x33, 0xcc, 0xcc, 0x33, 0xcc, 0x33,
        0x33, 0xcc, 0x33, 0xcc, 0xcc, 0x33, 0xcc, 0x33, 0x2f, 0xc7, 0x36, 0xda,
        0x14, 0xf4, 0x85, 0x69, 0x58, 0xb0, 0x41, 0xad, 0x63, 0xf3, 0xe2, 0x2e,
        0x3f, 0x37, 0x26, 0xea, 0x04, 0x84, 0x95, 0x59, 0x48, 0x40, 0x51, 0x9d,
        0x73, 0xe3, 0xd2, 0x3e, 0xcf, 0x27, 0x16, 0xfa, 0x74, 0x94, 0xa5, 0x49,
        0xb8, 0x50, 0x61, 0x8d, 0x03, 0xd3, 0xc2, 0xce, 0xdf, 0x17, 0x06, 0x8a,
        0x64, 0xa4, 0xb5, 0xb9, 0xa8, 0x60, 0x71, 0xfd, 0x13, 0xc3, 0x32, 0xde,
        0xef, 0x07, 0x76, 0x9a, 0x54, 0xb4, 0x45, 0xa9, 0x98, 0x70, 0x01, 0xed,
        0x23, 0x33, 0x22, 0xee, 0x00, 0xff, 0x00, 0xff, 0xff, 0x00, 0xff, 0x00,
        0x00, 0xff, 0x00, 0xff, 0xff, 0x00, 0xff, 0x00, 0x00, 0xff, 0x00, 0xff,
        0xff, 0x00, 0xff, 0x00, 0x00, 0xff, 0x00, 0xff, 0xff, 0x00, 0xff, 0x00,
        0x00, 0xff, 0x00, 0xff, 0xff, 0x00, 0xff, 0x00, 0x00, 0xff, 0x00, 0xff,
        0xff, 0x00, 0xff, 0x00, 0x00, 0xff, 0x00, 0xff, 0xff, 0x00, 0xff, 0x00,
        0x00, 0xff, 0x00, 0xff, 0xff, 0x00, 0xff, 0x00, 0x00, 0xff, 0x00, 0xff,
        0xff, 0x00, 0xff, 0x00, 0x00, 0xff, 0x00, 0xff, 0xff, 0x00, 0xff, 0x00,
        0x3c, 0x3c, 0x3c, 0x3c, 0x3c, 0x3c, 0x3c, 0x3c, 0xc3, 0xc3, 0xc3, 0xc3,
        0xc3, 0xc3, 0xc3, 0xc3, 0x3c, 0x3c, 0x3c, 0x3c, 0x3c, 0x3c, 0x3c, 0x3c,
        0xc3, 0xc3, 0xc3, 0xc3, 0xc3, 0xc3, 0xc3, 0xc3, 0x3c, 0x3c, 0x3c, 0x3c,
        0x3c, 0x3c, 0x3c, 0x3c, 0xc3, 0xc3, 0xc3, 0xc3, 0xc3, 0xc3, 0xc3, 0xc3,
        0x3c, 0x3c, 0x3c, 0x3c, 0x3c, 0x3c, 0x3c, 0x3c, 0xc3, 0xc3, 0xc3, 0xc3,
        0xc3, 0xc3, 0xc3, 0xc3, 0x3c, 0x3c, 0x3c, 0x3c, 0x3c, 0x3c, 0x3c, 0x3c,
        0xc3, 0xc3, 0xc3, 0xc3, 0xc3, 0xc3, 0xc3, 0xc3, 0x69, 0x69, 0x96, 0x96,
        0x96, 0x96, 0x69, 0x69, 0x96, 0x96, 0x69, 0x69, 0x69, 0x69, 0x96, 0x96,
        0x69, 0x69, 0x96, 0x96, 0x96, 0x96, 0x69, 0x69, 0x96, 0x96, 0x69, 0x69,
        0x69, 0x69, 0x96, 0x96, 0x69, 0x69, 0x96, 0x96, 0x96, 0x96, 0x69, 0x69,
        0x96, 0x96, 0x69, 0x69, 0x69, 0x69, 0x96, 0x96, 0x69, 0x69, 0x96, 0x96,
        0x96, 0x96, 0x69, 0x69, 0x96, 0x96, 0x69, 0x69, 0x69, 0x69, 0x96, 0x96,
        0x69, 0x69, 0x96, 0x96, 0x96, 0x96, 0x69, 0x69, 0x96, 0x96, 0x69, 0x69,
        0x69, 0x69, 0x96, 0x96, 0x33, 0xcc, 0xcc, 0x33, 0xcc, 0x33, 0x33, 0xcc,
        0xcc, 0x33, 0x33, 0xcc, 0x33, 0xcc, 0xcc, 0x33, 0x33, 0xcc, 0xcc, 0x33,
        0xcc, 0x33, 0x33, 0xcc, 0xcc, 0x33, 0x33, 0xcc, 0x33, 0xcc, 0xcc, 0x33,
        0x33, 0xcc, 0xcc, 0x33, 0xcc, 0x33, 0x33, 0xcc, 0xcc, 0x33, 0x33, 0xcc,
        0x33, 0xcc, 0xcc, 0x33, 0x33, 0xcc, 0xcc, 0x33, 0xcc, 0x33, 0x33, 0xcc,
        0xcc, 0x33, 0x33, 0xcc, 0x33, 0xcc, 0xcc, 0x33, 0x33, 0xcc, 0xcc, 0x33,
        0xcc, 0x33, 0x33, 0xcc, 0xcc, 0x33, 0x33, 0xcc, 0x33, 0xcc, 0xcc, 0x33,
        0xff, 0x00, 0x00, 0xff, 0xff, 0x00, 0x00, 0xff, 0x00, 0xff, 0xff, 0x00,
        0x00, 0xff, 0xff, 0x00, 0xff, 0x00, 0x00, 0xff, 0xff, 0x00, 0x00, 0xff,
        0x00, 0xff, 0xff, 0x00, 0x00, 0xff, 0xff, 0x00, 0xff, 0x00, 0x00, 0xff,
        0xff, 0x00, 0x00, 0xff, 0x00, 0xff, 0xff, 0x00, 0x00, 0xff, 0xff, 0x00,
        0xff, 0x00, 0x00, 0xff, 0xff, 0x00, 0x00, 0xff, 0x00, 0xff, 0xff, 0x00,
        0x00, 0xff, 0xff, 0x00, 0xff, 0x00, 0x00, 0xff, 0xff, 0x00, 0x00, 0xff,
        0x00, 0xff, 0xff, 0x00, 0x00, 0xff, 0xff, 0x00, 0x0f, 0x0f, 0x0f, 0x0f,
        0x0f, 0x0f, 0x0f, 0x0f, 0xf0, 0xf0, 0xf0, 0xf0, 0xf0, 0xf0, 0xf0, 0xf0,
        0x0f, 0x0f, 0x0f, 0x0f, 0x0f, 0x0f, 0x0f, 0x0f, 0xf0, 0xf0, 0xf0, 0xf0,
        0xf0, 0xf0, 0xf0, 0xf0, 0x0f, 0x0f, 0x0f, 0x0f, 0x0f, 0x0f, 0x0f, 0x0f,
        0xf0, 0xf0, 0xf0, 0xf0, 0xf0, 0xf0, 0xf0, 0xf0, 0x0f, 0x0f, 0x0f, 0x0f,
        0x0f, 0x0f, 0x0f, 0x0f, 0xf0, 0xf0, 0xf0, 0xf0, 0xf0, 0xf0, 0xf0, 0xf0,
        0x0f, 0x0f, 0x0f, 0x0f, 0x0f, 0x0f, 0x0f, 0x0f, 0xf0, 0xf0, 0xf0, 0xf0,
        0xf0, 0xf0, 0xf0, 0xf0, 0x69, 0x69, 0x69, 0x69, 0x96, 0x96, 0x96, 0x96,
        0x96, 0x96, 0x96, 0x96, 0x69, 0x69, 0x69, 0x69, 0x69, 0x69, 0x69, 0x69,
        0x96, 0x96, 0x96, 0x96, 0x96, 0x96, 0x96, 0x96, 0x69, 0x69, 0x69, 0x69,
        0x69, 0x69, 0x69, 0x69, 0x96, 0x96, 0x96, 0x96, 0x96, 0x96, 0x96, 0x96,
        0x69, 0x69, 0x69, 0x69, 0x69, 0x69, 0x69, 0x69, 0x96, 0x96, 0x96, 0x96,
        0x96, 0x96, 0x96, 0x96, 0x69, 0x69, 0x69, 0x69, 0x69, 0x69, 0x69, 0x69,
        0x96, 0x96, 0x96, 0x96, 0x96, 0x96, 0x96, 0x96, 0x69, 0x69, 0x69, 0x69,
        0x0f, 0xf0, 0x0f, 0xf0, 0xf0, 0x0f, 0xf0, 0x0f, 0xf0, 0x0f, 0xf0, 0x0f,
        0x0f, 0xf0, 0x0f, 0xf0, 0x0f, 0xf0, 0x0f, 0xf0, 0xf0, 0x0f, 0xf0, 0x0f,
        0xf0, 0x0f, 0xf0, 0x0f, 0x0f, 0xf0, 0x0f, 0xf0, 0x0f, 0xf0, 0x0f, 0xf0,
        0xf0, 0x0f, 0xf0, 0x0f, 0xf0, 0x0f, 0xf0, 0x0f, 0x0f, 0xf0, 0x0f, 0xf0,
        0x0f, 0xf0, 0x0f, 0xf0, 0xf0, 0x0f, 0xf0, 0x0f, 0xf0, 0x0f, 0xf0, 0x0f,
        0x0f, 0xf0, 0x0f, 0xf0, 0x0f, 0xf0, 0x0f, 0xf0, 0xf0, 0x0f, 0xf0, 0x0f,
        0xf0, 0x0f, 0xf0, 0x0f, 0x0f, 0xf0, 0x0f, 0xf0, 0xa5, 0x5a, 0x5a, 0xa5,
        0xa5, 0x5a, 0x5a, 0xa5, 0xa5, 0x5a, 0x5a, 0xa5, 0xa5, 0x5a, 0x5a, 0xa5,
        0xa5, 0x5a, 0x5a, 0xa5, 0xa5, 0x5a, 0x5a, 0xa5, 0xa5, 0x5a, 0x5a, 0xa5,
        0xa5, 0x5a, 0x5a, 0xa5, 0xa5, 0x5a, 0x5a, 0xa5, 0xa5, 0x5a, 0x5a, 0xa5,
        0xa5, 0x5a, 0x5a, 0xa5, 0xa5, 0x5a, 0x5a, 0xa5, 0xa5, 0x5a, 0x5a, 0xa5,
        0xa5, 0x5a, 0x5a, 0xa5, 0xa5, 0x5a, 0x5a, 0xa5, 0xa5, 0x5a, 0x5a, 0xa5,
        0xa5, 0x5a, 0x5a, 0xa5, 0xa5, 0x5a, 0x5a, 0xa5, 0xa5, 0x5a, 0x5a, 0xa5,
        0xa5, 0x5a, 0x5a, 0xa5, 0x89, 0x9e, 0x10, 0x03, 0x32, 0x2d, 0x23, 0x30,
        0x01, 0x16, 0x98, 0x8b, 0xba, 0x55, 0xbb, 0x88, 0x99, 0xee, 0x00, 0x33,
        0x22, 0xdd, 0x33, 0x00, 0x11, 0x66, 0x88, 0xbb, 0xaa, 0x45, 0x8b, 0x98,
        0xe9, 0xfe, 0x30, 0x23, 0xd2, 0xcd, 0x03, 0x10, 0x61, 0x76, 0xb8, 0xab,
        0x5a, 0x75, 0x9b, 0xe8, 0xf9, 0xce, 0x20, 0xd3, 0xc2, 0xfd, 0x13, 0x60,
        0x71, 0x46, 0xa8, 0x5b, 0x4a, 0x65, 0xeb, 0xf8, 0xc9, 0xde, 0xd0, 0xc3,
        0xf2, 0xed, 0x63, 0x70, 0x41, 0x56, 0x58, 0x4b, 0x7a, 0x15, 0xfb, 0xc8,
        0x5a, 0x5a, 0xa5, 0xa5, 0x5a, 0x5a, 0xa5, 0xa5, 0x5a, 0x5a, 0xa5, 0xa5,
        0x5a, 0x5a, 0xa5, 0xa5, 0x5a, 0x5a, 0xa5, 0xa5, 0x5a, 0x5a, 0xa5, 0xa5,
        0x5a, 0x5a, 0xa5, 0xa5, 0x5a, 0x5a, 0xa5, 0xa5, 0x5a, 0x5a, 0xa5, 0xa5,
        0x5a, 0x5a, 0xa5, 0xa5, 0x5a, 0x5a, 0xa5, 0xa5, 0x5a, 0x5a, 0xa5, 0xa5,
        0x5a, 0x5a, 0xa5, 0xa5, 0x5a, 0x5a, 0xa5, 0xa5, 0x5a, 0x5a, 0xa5, 0xa5,
        0x5a, 0x5a, 0xa5, 0xa5, 0x5a, 0x5a, 0xa5, 0xa5, 0x5a, 0x5a, 0xa5, 0xa5,
        0x5a, 0x5a, 0xa5, 0xa5, 0x5a, 0x5a, 0xa5, 0xa5, 0xaa, 0x55, 0x55, 0xaa,
        0x55, 0xaa, 0xaa, 0x55, 0x55, 0xaa, 0xaa, 0x55, 0xaa, 0x55, 0x55, 0xaa,
        0xaa, 0x55, 0x55, 0xaa, 0x55, 0xaa, 0xaa, 0x55, 0x55, 0xaa, 0xaa, 0x55,
        0xaa, 0x55, 0x55, 0xaa, 0xaa, 0x55, 0x55, 0xaa, 0x55, 0xaa, 0xaa, 0x55,
        0x55, 0xaa, 0xaa, 0x55, 0xaa, 0x55, 0x55, 0xaa, 0xaa, 0x55, 0x55, 0xaa,
        0x55, 0xaa, 0xaa, 0x55, 0x55, 0xaa, 0xaa, 0x55, 0xaa, 0x55, 0x55, 0xaa,
        0xaa, 0x55, 0x55, 0xaa, 0x55, 0xaa, 0xaa, 0x55, 0x55, 0xaa, 0xaa, 0x55,
        0xaa, 0x55, 0x55, 0xaa, 0x77, 0xbb, 0xaa, 0xba, 0x74, 0x98, 0xe9, 0x01,
        0xcf, 0x23, 0xd2, 0x32, 0xfc, 0x10, 0x61, 0x89, 0x47, 0xab, 0x5a, 0x8a,
        0x64, 0xe8, 0xf9, 0x31, 0xdf, 0xd3, 0xc2, 0x02, 0xec, 0x60, 0x71, 0xb9,
        0x57, 0x5b, 0x4a, 0x9a, 0x14, 0xf8, 0xc9, 0x21, 0x2f, 0xc3, 0xf2, 0x12,
        0x9c, 0x70, 0x41, 0xa9, 0xa7, 0x4b, 0x7a, 0xea, 0x04, 0xc8, 0xd9, 0xd1,
        0x3f, 0xf3, 0xe2, 0x62, 0x8c, 0x40, 0x51, 0x59, 0xb7, 0x7b, 0x6a, 0xfa,
        0x34, 0xd8, 0x29, 0xc1, 0x0f, 0xe3, 0x92, 0x72, 0xbc, 0x50, 0xa1, 0x49,
        0x28, 0xdb, 0x35, 0x1a, 0x6b, 0x78, 0xb6, 0xa1, 0xaf, 0xbc, 0x72, 0x6d,
        0x1c, 0x0f, 0xc1, 0xd6, 0xd8, 0xcb, 0x05, 0x6a, 0x7b, 0x48, 0xa6, 0x51,
        0xbf, 0x8c, 0x62, 0x1d, 0x0c, 0x3f, 0xd1, 0x26, 0xc8, 0xfb, 0x15, 0x7a,
        0x4b, 0x58, 0x56, 0x41, 0x8f, 0x9c, 0x12, 0x0d, 0x3c, 0x2f, 0x21, 0x36,
        0xf8, 0xeb, 0x65, 0x4a, 0x5b, 0xa8, 0x46, 0x71, 0x9f, 0xec, 0x02, 0x3d,
        0x2c, 0xdf, 0x31, 0x06, 0xe8, 0x9b, 0x75, 0x5a, 0xab, 0xb8, 0x76, 0x61,
        0xef, 0xfc, 0x32, 0x2d, 0xdc, 0xcf, 0x01, 0x16, 0x5a, 0xa5, 0x5a, 0xa5,
        0x5a, 0xa5, 0x5a, 0xa5, 0x5a, 0xa5, 0x5a, 0xa5, 0x5a, 0xa5, 0x5a, 0xa5,
        0x5a, 0xa5, 0x5a, 0xa5, 0x5a, 0xa5, 0x5a, 0xa5, 0x5a, 0xa5, 0x5a, 0xa5,
        0x5a, 0xa5, 0x5a, 0xa5, 0x5a, 0xa5, 0x5a, 0xa5, 0x5a, 0xa5, 0x5a, 0xa5,
        0x5a, 0xa5, 0x5a, 0xa5, 0x5a, 0xa5, 0x5a, 0xa5, 0x5a, 0xa5, 0x5a, 0xa5,
        0x5a, 0xa5, 0x5a, 0xa5, 0x5a, 0xa5, 0x5a, 0xa5, 0x5a, 0xa5, 0x5a, 0xa5,
        0x5a, 0xa5, 0x5a, 0xa5, 0x5a, 0xa5, 0x5a, 0xa5, 0x5a, 0xa5, 0x5a, 0xa5,
        0x5a, 0xa5, 0x5a, 0xa5, 0xcc, 0x33, 0xcc, 0x33, 0xcc, 0x33, 0xcc, 0x33,
        0x33, 0xcc, 0x33, 0xcc, 0x33, 0xcc, 0x33, 0xcc, 0xcc, 0x33, 0xcc, 0x33,
        0xcc, 0x33, 0xcc, 0x33, 0x33, 0xcc, 0x33, 0xcc, 0x33, 0xcc, 0x33, 0xcc,
        0xcc, 0x33, 0xcc, 0x33, 0xcc, 0x33, 0xcc, 0x33, 0x33, 0xcc, 0x33, 0xcc,
        0x33, 0xcc, 0x33, 0xcc, 0xcc, 0x33, 0xcc, 0x33, 0xcc, 0x33, 0xcc, 0x33,
        0x33, 0xcc, 0x33, 0xcc, 0x33, 0xcc, 0x33, 0xcc, 0xcc, 0x33, 0xcc, 0x33,
        0xcc, 0x33, 0xcc, 0x33, 0x33, 0xcc, 0x33, 0xcc, 0x33, 0xcc, 0x33, 0xcc,
        0x00, 0x00, 0x00, 0x00, 0x00, 0x00, 0x00, 0x00, 0xff, 0xff, 0xff, 0xff,
        0xff, 0xff, 0xff, 0xff, 0x00, 0x00, 0x00, 0x00, 0x00, 0x00, 0x00, 0x00,
        0xff, 0xff, 0xff, 0xff, 0xff, 0xff, 0xff, 0xff, 0x00, 0x00, 0x00, 0x00,
        0x00, 0x00, 0x00, 0x00, 0xff, 0xff, 0xff, 0xff, 0xff, 0xff, 0xff, 0xff,
        0x00, 0x00, 0x00, 0x00, 0x00, 0x00, 0x00, 0x00, 0xff, 0xff, 0xff, 0xff,
        0xff, 0xff, 0xff, 0xff, 0x00, 0x00, 0x00, 0x00, 0x00, 0x00, 0x00, 0x00,
        0xff, 0xff, 0xff, 0xff, 0xff, 0xff, 0xff, 0xff, 0x66, 0x66, 0x99, 0x99,
        0x66, 0x66, 0x99, 0x99, 0x99, 0x99, 0x66, 0x66, 0x99, 0x99, 0x66, 0x66,
        0x66, 0x66, 0x99, 0x99, 0x66, 0x66, 0x99, 0x99, 0x99, 0x99, 0x66, 0x66,
        0x99, 0x99, 0x66, 0x66, 0x66, 0x66, 0x99, 0x99, 0x66, 0x66, 0x99, 0x99,
        0x99, 0x99, 0x66, 0x66, 0x99, 0x99, 0x66, 0x66, 0x66, 0x66, 0x99, 0x99,
        0x66, 0x66, 0x99, 0x99, 0x99, 0x99, 0x66, 0x66, 0x99, 0x99, 0x66, 0x66,
        0x66, 0x66, 0x99, 0x99, 0x66, 0x66, 0x99, 0x99, 0x99, 0x99, 0x66, 0x66,
        0x99, 0x99, 0x66, 0x66, 0xff, 0x00, 0x00, 0xff, 0xff, 0x00, 0x00, 0xff,
        0xff, 0x00, 0x00, 0xff, 0xff, 0x00, 0x00, 0xff, 0xff, 0x00, 0x00, 0xff,
        0xff, 0x00, 0x00, 0xff, 0xff, 0x00, 0x00, 0xff, 0xff, 0x00, 0x00, 0xff,
        0xff, 0x00, 0x00, 0xff, 0xff, 0x00, 0x00, 0xff, 0xff, 0x00, 0x00, 0xff,
        0xff, 0x00, 0x00, 0xff, 0xff, 0x00, 0x00, 0xff, 0xff, 0x00, 0x00, 0xff,
        0xff, 0x00, 0x00, 0xff, 0xff, 0x00, 0x00, 0xff, 0xff, 0x00, 0x00, 0xff,
        0xff, 0x00, 0x00, 0xff, 0xff, 0x00, 0x00, 0xff, 0xff, 0x00, 0x00, 0xff,
        0xc3, 0x3c, 0xc3, 0x3c, 0xc3, 0x3c, 0xc3, 0x3c, 0xc3, 0x3c, 0xc3, 0x3c,
        0xc3, 0x3c, 0xc3, 0x3c, 0xc3, 0x3c, 0xc3, 0x3c, 0xc3, 0x3c, 0xc3, 0x3c,
        0xc3, 0x3c, 0xc3, 0x3c, 0xc3, 0x3c, 0xc3, 0x3c, 0xc3, 0x3c, 0xc3, 0x3c,
        0xc3, 0x3c, 0xc3, 0x3c, 0xc3, 0x3c, 0xc3, 0x3c, 0xc3, 0x3c, 0xc3, 0x3c,
        0xc3, 0x3c, 0xc3, 0x3c, 0xc3, 0x3c, 0xc3, 0x3c, 0xc3, 0x3c, 0xc3, 0x3c,
        0xc3, 0x3c, 0xc3, 0x3c, 0xc3, 0x3c, 0xc3, 0x3c, 0xc3, 0x3c, 0xc3, 0x3c,
        0xc3, 0x3c, 0xc3, 0x3c, 0xc3, 0x3c, 0xc3, 0x3c, 0x47, 0xab, 0xda, 0x32,
        0xfc, 0x10, 0xe1, 0x01, 0xcf, 0x23, 0x52, 0xba, 0x74, 0x98, 0x69, 0xb9,
        0x57, 0xdb, 0xca, 0x02, 0xec, 0xe0, 0xf1, 0x31, 0xdf, 0x53, 0x42, 0x8a,
        0x64, 0x68, 0x79, 0xa9, 0x27, 0xcb, 0xfa, 0x12, 0x1c, 0xf0, 0xc1, 0x21,
        0xaf, 0x43, 0x72, 0x9a, 0x94, 0x78, 0x49, 0xd9, 0x37, 0xfb, 0xea, 0xe2,
        0x0c, 0xc0, 0xd1, 0x51, 0xbf, 0x73, 0x62, 0x6a, 0x84, 0x48, 0x59, 0xc9,
        0x07, 0xeb, 0x1a, 0xf2, 0x3c, 0xd0, 0xa1, 0x41, 0x8f, 0x63, 0x92, 0x7a,
        0xb4, 0x58, 0x29, 0xf9, 0x33, 0xcc, 0x33, 0xcc, 0x33, 0xcc, 0x33, 0xcc,
        0xcc, 0x33, 0xcc, 0x33, 0xcc, 0x33, 0xcc, 0x33, 0x33, 0xcc, 0x33, 0xcc,
        0x33, 0xcc, 0x33, 0xcc, 0xcc, 0x33, 0xcc, 0x33, 0xcc, 0x33, 0xcc, 0x33,
        0x33, 0xcc, 0x33, 0xcc, 0x33, 0xcc, 0x33, 0xcc, 0xcc, 0x33, 0xcc, 0x33,
        0xcc, 0x33, 0xcc, 0x33, 0x33, 0xcc, 0x33, 0xcc, 0x33, 0xcc, 0x33, 0xcc,
        0xcc, 0x33, 0xcc, 0x33, 0xcc, 0x33, 0xcc, 0x33, 0x33, 0xcc, 0x33, 0xcc,
        0x33, 0xcc, 0x33, 0xcc, 0xcc, 0x33, 0xcc, 0x33, 0xcc, 0x33, 0xcc, 0x33,
        0xc3, 0xc3, 0xc3, 0xc3, 0x3c, 0x3c, 0x3c, 0x3c, 0x3c, 0x3c, 0x3c, 0x3c,
        0xc3, 0xc3, 0xc3, 0xc3, 0xc3, 0xc3, 0xc3, 0xc3, 0x3c, 0x3c, 0x3c, 0x3c,
        0x3c, 0x3c, 0x3c, 0x3c, 0xc3, 0xc3, 0xc3, 0xc3, 0xc3, 0xc3, 0xc3, 0xc3,
        0x3c, 0x3c, 0x3c, 0x3c, 0x3c, 0x3c, 0x3c, 0x3c, 0xc3, 0xc3, 0xc3, 0xc3,
        0xc3, 0xc3, 0xc3, 0xc3, 0x3c, 0x3c, 0x3c, 0x3c, 0x3c, 0x3c, 0x3c, 0x3c,
        0xc3, 0xc3, 0xc3, 0xc3, 0xc3, 0xc3, 0xc3, 0xc3, 0x3c, 0x3c, 0x3c, 0x3c,
        0x3c, 0x3c, 0x3c, 0x3c, 0xc3, 0xc3, 0xc3, 0xc3, 0xc3, 0x3c, 0x3c, 0xc3,
        0x3c, 0xc3, 0xc3, 0x3c, 0xc3, 0x3c, 0x3c, 0xc3, 0x3c, 0xc3, 0xc3, 0x3c,
        0xc3, 0x3c, 0x3c, 0xc3, 0x3c, 0xc3, 0xc3, 0x3c, 0xc3, 0x3c, 0x3c, 0xc3,
        0x3c, 0xc3, 0xc3, 0x3c, 0xc3, 0x3c, 0x3c, 0xc3, 0x3c, 0xc3, 0xc3, 0x3c,
        0xc3, 0x3c, 0x3c, 0xc3, 0x3c, 0xc3, 0xc3, 0x3c, 0xc3, 0x3c, 0x3c, 0xc3,
        0x3c, 0xc3, 0xc3, 0x3c, 0xc3, 0x3c, 0x3c, 0xc3, 0x3c, 0xc3, 0xc3, 0x3c,
        0xc3, 0x3c, 0x3c, 0xc3, 0x3c, 0xc3, 0xc3, 0x3c, 0xc3, 0x3c, 0x3c, 0xc3,
        0x3c, 0xc3, 0xc3, 0x3c, 0x99, 0x66, 0x66, 0x99, 0x99, 0x66, 0x66, 0x99,
        0x99, 0x66, 0x66, 0x99, 0x99, 0x66, 0x66, 0x99, 0x99, 0x66, 0x66, 0x99,
        0x99, 0x66, 0x66, 0x99, 0x99, 0x66, 0x66, 0x99, 0x99, 0x66, 0x66, 0x99,
        0x99, 0x66, 0x66, 0x99, 0x99, 0x66, 0x66, 0x99, 0x99, 0x66, 0x66, 0x99,
        0x99, 0x66, 0x66, 0x99, 0x99, 0x66, 0x66, 0x99, 0x99, 0x66, 0x66, 0x99,
        0x99, 0x66, 0x66, 0x99, 0x99, 0x66, 0x66, 0x99, 0x99, 0x66, 0x66, 0x99,
        0x99, 0x66, 0x66, 0x99, 0x99, 0x66, 0x66, 0x99, 0x99, 0x66, 0x66, 0x99,
        0x55, 0xaa, 0xaa, 0x55, 0x55, 0xaa, 0xaa, 0x55, 0x55, 0xaa, 0xaa, 0x55,
        0x55, 0xaa, 0xaa, 0x55, 0x55, 0xaa, 0xaa, 0x55, 0x55, 0xaa, 0xaa, 0x55,
        0x55, 0xaa, 0xaa, 0x55, 0x55, 0xaa, 0xaa, 0x55, 0x55, 0xaa, 0xaa, 0x55,
        0x55, 0xaa, 0xaa, 0x55, 0x55, 0xaa, 0xaa, 0x55, 0x55, 0xaa, 0xaa, 0x55,
        0x55, 0xaa, 0xaa, 0x55, 0x55, 0xaa, 0xaa, 0x55, 0x55, 0xaa, 0xaa, 0x55,
        0x55, 0xaa, 0xaa, 0x55, 0x55, 0xaa, 0xaa, 0x55, 0x55, 0xaa, 0xaa, 0x55,
        0x55, 0xaa, 0xaa, 0x55, 0x55, 0xaa, 0xaa, 0x55, 0x96, 0x69, 0x69, 0x96,
        0x96, 0x69, 0x69, 0x96, 0x69, 0x96, 0x96, 0x69, 0x69, 0x96, 0x96, 0x69,
        0x96, 0x69, 0x69, 0x96, 0x96, 0x69, 0x69, 0x96, 0x69, 0x96, 0x96, 0x69,
        0x69, 0x96, 0x96, 0x69, 0x96, 0x69, 0x69, 0x96, 0x96, 0x69, 0x69, 0x96,
        0x69, 0x96, 0x96, 0x69, 0x69, 0x96, 0x96, 0x69, 0x96, 0x69, 0x69, 0x96,
        0x96, 0x69, 0x69, 0x96, 0x69, 0x96, 0x96, 0x69, 0x69, 0x96, 0x96, 0x69,
        0x96, 0x69, 0x69, 0x96, 0x96, 0x69, 0x69, 0x96, 0x69, 0x96, 0x96, 0x69,
        0x69, 0x96, 0x96, 0x69, 0x96, 0x96, 0x69, 0x69, 0x96, 0x96, 0x69, 0x69,
        0x69, 0x69, 0x96, 0x96, 0x69, 0x69, 0x96, 0x96, 0x96, 0x96, 0x69, 0x69,
        0x96, 0x96, 0x69, 0x69, 0x69, 0x69, 0x96, 0x96, 0x69, 0x69, 0x96, 0x96,
        0x96, 0x96, 0x69, 0x69, 0x96, 0x96, 0x69, 0x69, 0x69, 0x69, 0x96, 0x96,
        0x69, 0x69, 0x96, 0x96, 0x96, 0x96, 0x69, 0x69, 0x96, 0x96, 0x69, 0x69,
        0x69, 0x69, 0x96, 0x96, 0x69, 0x69, 0x96, 0x96, 0x96, 0x96, 0x69, 0x69,
        0x96, 0x96, 0x69, 0x69, 0x69, 0x69, 0x96, 0x96, 0x69, 0x69, 0x96, 0x96,
        0x96, 0x96, 0x96, 0x96, 0x96, 0x96, 0x96, 0x96, 0x96, 0x96, 0x96, 0x96,
        0x96, 0x96, 0x96, 0x96, 0x96, 0x96, 0x96, 0x96, 0x96, 0x96, 0x96, 0x96,
        0x96, 0x96, 0x96, 0x96, 0x96, 0x96, 0x96, 0x96, 0x96, 0x96, 0x96, 0x96,
        0x96, 0x96, 0x96, 0x96, 0x96, 0x96, 0x96, 0x96, 0x96, 0x96, 0x96, 0x96,
        0x96, 0x96, 0x96, 0x96, 0x96, 0x96, 0x96, 0x96, 0x96, 0x96, 0x96, 0x96,
        0x96, 0x96, 0x96, 0x96, 0x96, 0x96, 0x96, 0x96, 0x96, 0x96, 0x96, 0x96,
        0x96, 0x96, 0x96, 0x96, 0x96, 0x96, 0x96, 0x96, 0x59, 0x6a, 0x84, 0x73,
        0x9d, 0xae, 0x40, 0x2f, 0x1e, 0x0d, 0x03, 0x14, 0xda, 0xc9, 0x47, 0x58,
        0x69, 0x7a, 0x74, 0x63, 0xad, 0xbe, 0x30, 0x1f, 0x0e, 0xfd, 0x13, 0x24,
        0xca, 0xb9, 0x57, 0x68, 0x79, 0x8a, 0x64, 0x53, 0xbd, 0xce, 0x20, 0x0f,
        0xfe, 0xed, 0x23, 0x34, 0xba, 0xa9, 0x67, 0x78, 0x89, 0x9a, 0x54, 0x43,
        0xcd, 0xde, 0x10, 0xff, 0xee, 0xdd, 0x33, 0x44, 0xaa, 0x99, 0x77, 0x88,
        0x99, 0xaa, 0x44, 0x33, 0xdd, 0xee, 0x00, 0xef, 0xde, 0xcd, 0x43, 0x54,
        0x9a, 0x89, 0x87, 0x98, 0x5a, 0xa5, 0xa5, 0x5a, 0x5a, 0xa5, 0xa5, 0x5a,
        0x5a, 0xa5, 0xa5, 0x5a, 0x5a, 0xa5, 0xa5, 0x5a, 0x5a, 0xa5, 0xa5, 0x5a,
        0x5a, 0xa5, 0xa5, 0x5a, 0x5a, 0xa5, 0xa5, 0x5a, 0x5a, 0xa5, 0xa5, 0x5a,
        0x5a, 0xa5, 0xa5, 0x5a, 0x5a, 0xa5, 0xa5, 0x5a, 0x5a, 0xa5, 0xa5, 0x5a,
        0x5a, 0xa5, 0xa5, 0x5a, 0x5a, 0xa5, 0xa5, 0x5a, 0x5a, 0xa5, 0xa5, 0x5a,
        0x5a, 0xa5, 0xa5, 0x5a, 0x5a, 0xa5, 0xa5, 0x5a, 0x5a, 0xa5, 0xa5, 0x5a,
        0x5a, 0xa5, 0xa5, 0x5a, 0x5a, 0xa5, 0xa5, 0x5a, 0x5a, 0xa5, 0xa5, 0x5a,
        0x55, 0x55, 0x55, 0x55, 0x55, 0x55, 0x55, 0x55, 0xaa, 0xaa, 0xaa, 0xaa,
        0xaa, 0xaa, 0xaa, 0xaa, 0x55, 0x55, 0x55, 0x55, 0x55, 0x55, 0x55, 0x55,
        0xaa, 0xaa, 0xaa, 0xaa, 0xaa, 0xaa, 0xaa, 0xaa, 0x55, 0x55, 0x55, 0x55,
        0x55, 0x55, 0x55, 0x55, 0xaa, 0xaa, 0xaa, 0xaa, 0xaa, 0xaa, 0xaa, 0xaa,
        0x55, 0x55, 0x55, 0x55, 0x55, 0x55, 0x55, 0x55, 0xaa, 0xaa, 0xaa, 0xaa,
        0xaa, 0xaa, 0xaa, 0xaa, 0x55, 0x55, 0x55, 0x55, 0x55, 0x55, 0x55, 0x55,
        0xaa, 0xaa, 0xaa, 0xaa, 0xaa, 0xaa, 0xaa, 0xaa, 0x66, 0x66, 0x66, 0x66,
        0x99, 0x99, 0x99, 0x99, 0x99, 0x99, 0x99, 0x99, 0x66, 0x66, 0x66, 0x66,
        0x66, 0x66, 0x66, 0x66, 0x99, 0x99, 0x99, 0x99, 0x99, 0x99, 0x99, 0x99,
        0x66, 0x66, 0x66, 0x66, 0x66, 0x66, 0x66, 0x66, 0x99, 0x99, 0x99, 0x99,
        0x99, 0x99, 0x99, 0x99, 0x66, 0x66, 0x66, 0x66, 0x66, 0x66, 0x66, 0x66,
        0x99, 0x99, 0x99, 0x99, 0x99, 0x99, 0x99, 0x99, 0x66, 0x66, 0x66, 0x66,
        0x66, 0x66, 0x66, 0x66, 0x99, 0x99, 0x99, 0x99, 0x99, 0x99, 0x99, 0x99,
        0x66, 0x66, 0x66, 0x66, 0xf0, 0x0f, 0x0f, 0xf0, 0x0f, 0xf0, 0xf0, 0x0f,
        0xf0, 0x0f, 0x0f, 0xf0, 0x0f, 0xf0, 0xf0, 0x0f, 0xf0, 0x0f, 0x0f, 0xf0,
        0x0f, 0xf0, 0xf0, 0x0f, 0xf0, 0x0f, 0x0f, 0xf0, 0x0f, 0xf0, 0xf0, 0x0f,
        0xf0, 0x0f, 0x0f, 0xf0, 0x0f, 0xf0, 0xf0, 0x0f, 0xf0, 0x0f, 0x0f, 0xf0,
        0x0f, 0xf0, 0xf0, 0x0f, 0xf0, 0x0f, 0x0f, 0xf0, 0x0f, 0xf0, 0xf0, 0x0f,
        0xf0, 0x0f, 0x0f, 0xf0, 0x0f, 0xf0, 0xf0, 0x0f, 0xf0, 0x0f, 0x0f, 0xf0,
        0x0f, 0xf0, 0xf0, 0x0f, 0xf0, 0x0f, 0x0f, 0xf0, 0x0f, 0xf0, 0xf0, 0x0f,
        0x0f, 0x0f, 0xf0, 0xf0, 0x0f, 0x0f, 0xf0, 0xf0, 0xf0, 0xf0, 0x0f, 0x0f,
        0xf0, 0xf0, 0x0f, 0x0f, 0x0f, 0x0f, 0xf0, 0xf0, 0x0f, 0x0f, 0xf0, 0xf0,
        0xf0, 0xf0, 0x0f, 0x0f, 0xf0, 0xf0, 0x0f, 0x0f, 0x0f, 0x0f, 0xf0, 0xf0,
        0x0f, 0x0f, 0xf0, 0xf0, 0xf0, 0xf0, 0x0f, 0x0f, 0xf0, 0xf0, 0x0f, 0x0f,
        0x0f, 0x0f, 0xf0, 0xf0, 0x0f, 0x0f, 0xf0, 0xf0, 0xf0, 0xf0, 0x0f, 0x0f,
        0xf0, 0xf0, 0x0f, 0x0f, 0x0f, 0x0f, 0xf0, 0xf0, 0x0f, 0x0f, 0xf0, 0xf0,
        0xf0, 0xf0, 0x0f, 0x0f, 0xf0, 0xf0, 0x0f, 0x0f, 0xd6, 0x3a, 0x34, 0xd4,
        0x1a, 0xf6, 0x78, 0x90, 0xa1, 0x4d, 0x43, 0x93, 0x7d, 0xf1, 0x1f, 0xd7,
        0xc6, 0xca, 0x24, 0xe4, 0x0a, 0x86, 0x68, 0xa0, 0xb1, 0xbd, 0x53, 0x83,
        0x0d, 0xe1, 0x2f, 0xc7, 0x36, 0xda, 0x14, 0xf4, 0x7a, 0x96, 0x58, 0xb0,
        0x41, 0xad, 0x63, 0xf3, 0x1d, 0xd1, 0x3f, 0x37, 0x26, 0xea, 0x04, 0x84,
        0x6a, 0xa6, 0x48, 0x40, 0x51, 0x9d, 0x73, 0xe3, 0x2d, 0xc1, 0xcf, 0x27,
        0x16, 0xfa, 0x74, 0x94, 0x5a, 0xb6, 0xb8, 0x50, 0x61, 0x8d, 0x03, 0xd3,
        0x3d, 0x31, 0xdf, 0x17, 0x5a, 0xa5, 0xa5, 0x5a, 0xa5, 0x5a, 0x5a, 0xa5,
        0xa5, 0x5a, 0x5a, 0xa5, 0x5a, 0xa5, 0xa5, 0x5a, 0x5a, 0xa5, 0xa5, 0x5a,
        0xa5, 0x5a, 0x5a, 0xa5, 0xa5, 0x5a, 0x5a, 0xa5, 0x5a, 0xa5, 0xa5, 0x5a,
        0x5a, 0xa5, 0xa5, 0x5a, 0xa5, 0x5a, 0x5a, 0xa5, 0xa5, 0x5a, 0x5a, 0xa5,
        0x5a, 0xa5, 0xa5, 0x5a, 0x5a, 0xa5, 0xa5, 0x5a, 0xa5, 0x5a, 0x5a, 0xa5,
        0xa5, 0x5a, 0x5a, 0xa5, 0x5a, 0xa5, 0xa5, 0x5a, 0x5a, 0xa5, 0xa5, 0x5a,
        0xa5, 0x5a, 0x5a, 0xa5, 0xa5, 0x5a, 0x5a, 0xa5, 0x5a, 0xa5, 0xa5, 0x5a,
        0xff, 0x00, 0x00, 0xff, 0xff, 0x00, 0x00, 0xff, 0x00, 0xff, 0xff, 0x00,
        0x00, 0xff, 0xff, 0x00, 0xff, 0x00, 0x00, 0xff, 0xff, 0x00, 0x00, 0xff,
        0x00, 0xff, 0xff, 0x00, 0x00, 0xff, 0xff, 0x00, 0xff, 0x00, 0x00, 0xff,
        0xff, 0x00, 0x00, 0xff, 0x00, 0xff, 0xff, 0x00, 0x00, 0xff, 0xff, 0x00,
        0xff, 0x00, 0x00, 0xff, 0xff, 0x00, 0x00, 0xff, 0x00, 0xff, 0xff, 0x00,
        0x00, 0xff, 0xff, 0x00, 0xff, 0x00, 0x00, 0xff, 0xff, 0x00, 0x00, 0xff,
        0x00, 0xff, 0xff, 0x00, 0x00, 0xff, 0xff, 0x00, 0xf0, 0xf0, 0x0f, 0x0f,
        0x0f, 0x0f, 0xf0, 0xf0, 0x0f, 0x0f, 0xf0, 0xf0, 0xf0, 0xf0, 0x0f, 0x0f,
        0xf0, 0xf0, 0x0f, 0x0f, 0x0f, 0x0f, 0xf0, 0xf0, 0x0f, 0x0f, 0xf0, 0xf0,
        0xf0, 0xf0, 0x0f, 0x0f, 0xf0, 0xf0, 0x0f, 0x0f, 0x0f, 0x0f, 0xf0, 0xf0,
        0x0f, 0x0f, 0xf0, 0xf0, 0xf0, 0xf0, 0x0f, 0x0f, 0xf0, 0xf0, 0x0f, 0x0f,
        0x0f, 0x0f, 0xf0, 0xf0, 0x0f, 0x0f, 0xf0, 0xf0, 0xf0, 0xf0, 0x0f, 0x0f,
        0xf0, 0xf0, 0x0f, 0x0f, 0x0f, 0x0f, 0xf0, 0xf0, 0x0f, 0x0f, 0xf0, 0xf0,
        0xf0, 0xf0, 0x0f, 0x0f, 0xf0, 0x0f, 0xf0, 0x0f, 0x0f, 0xf0, 0x0f, 0xf0,
        0x0f, 0xf0, 0x0f, 0xf0, 0xf0, 0x0f, 0xf0, 0x0f, 0xf0, 0x0f, 0xf0, 0x0f,
        0x0f, 0xf0, 0x0f, 0xf0, 0x0f, 0xf0, 0x0f, 0xf0, 0xf0, 0x0f, 0xf0, 0x0f,
        0xf0, 0x0f, 0xf0, 0x0f, 0x0f, 0xf0, 0x0f, 0xf0, 0x0f, 0xf0, 0x0f, 0xf0,
        0xf0, 0x0f, 0xf0, 0x0f, 0xf0, 0x0f, 0xf0, 0x0f, 0x0f, 0xf0, 0x0f, 0xf0,
        0x0f, 0xf0, 0x0f, 0xf0, 0xf0, 0x0f, 0xf0, 0x0f, 0xf0, 0x0f, 0xf0, 0x0f,
        0x0f, 0xf0, 0x0f, 0xf0, 0x0f, 0xf0, 0x0f, 0xf0, 0xf0, 0x0f, 0xf0, 0x0f,
        0x69, 0x69, 0x69, 0x69, 0x69, 0x69, 0x69, 0x69, 0x96, 0x96, 0x96, 0x96,
        0x96, 0x96, 0x96, 0x96, 0x69, 0x69, 0x69, 0x69, 0x69, 0x69, 0x69, 0x69,
        0x96, 0x96, 0x96, 0x96, 0x96, 0x96, 0x96, 0x96, 0x69, 0x69, 0x69, 0x69,
        0x69, 0x69, 0x69, 0x69, 0x96, 0x96, 0x96, 0x96, 0x96, 0x96, 0x96, 0x96,
        0x69, 0x69, 0x69, 0x69, 0x69, 0x69, 0x69, 0x69, 0x96, 0x96, 0x96, 0x96,
        0x96, 0x96, 0x96, 0x96, 0x69, 0x69, 0x69, 0x69, 0x69, 0x69, 0x69, 0x69,
        0x96, 0x96, 0x96, 0x96, 0x96, 0x96, 0x96, 0x96, 0xe6, 0x0e, 0x3f, 0xd3,
        0xdd, 0x3d, 0x0c, 0xe0, 0x6e, 0x86, 0xb7, 0x5b, 0x55, 0x85, 0x94, 0x18,
        0xf6, 0x3e, 0x2f, 0x23, 0xcd, 0x0d, 0x1c, 0x90, 0x7e, 0xb6, 0xa7, 0xab,
        0x45, 0x95, 0xe4, 0x08, 0xc6, 0x2e, 0xdf, 0x33, 0xfd, 0x1d, 0x6c, 0x80,
        0x4e, 0xa6, 0x57, 0xbb, 0x75, 0xe5, 0xf4, 0x38, 0xd6, 0xde, 0xcf, 0x03,
        0xed, 0x6d, 0x7c, 0xb0, 0x5e, 0x56, 0x47, 0x8b, 0x65, 0xf5, 0xc4, 0x28,
        0x26, 0xce, 0xff, 0x13, 0x9d, 0x7d, 0x4c, 0xa0, 0xae, 0x46, 0x77, 0x9b,
        0x15, 0xc5, 0xd4, 0xd8, 0x55, 0xaa, 0x55, 0xaa, 0x55, 0xaa, 0x55, 0xaa,
        0x55, 0xaa, 0x55, 0xaa, 0x55, 0xaa, 0x55, 0xaa, 0x55, 0xaa, 0x55, 0xaa,
        0x55, 0xaa, 0x55, 0xaa, 0x55, 0xaa, 0x55, 0xaa, 0x55, 0xaa, 0x55, 0xaa,
        0x55, 0xaa, 0x55, 0xaa, 0x55, 0xaa, 0x55, 0xaa, 0x55, 0xaa, 0x55, 0xaa,
        0x55, 0xaa, 0x55, 0xaa, 0x55, 0xaa, 0x55, 0xaa, 0x55, 0xaa, 0x55, 0xaa,
        0x55, 0xaa, 0x55, 0xaa, 0x55, 0xaa, 0x55, 0xaa, 0x55, 0xaa, 0x55, 0xaa,
        0x55, 0xaa, 0x55, 0xaa, 0x55, 0xaa, 0x55, 0xaa, 0x55, 0xaa, 0x55, 0xaa,
        0x66, 0x99, 0x99, 0x66, 0x66, 0x99, 0x99, 0x66, 0x99, 0x66, 0x66, 0x99,
        0x99, 0x66, 0x66, 0x99, 0x66, 0x99, 0x99, 0x66, 0x66, 0x99, 0x99, 0x66,
        0x99, 0x66, 0x66, 0x99, 0x99, 0x66, 0x66, 0x99, 0x66, 0x99, 0x99, 0x66,
        0x66, 0x99, 0x99, 0x66, 0x99, 0x66, 0x66, 0x99, 0x99, 0x66, 0x66, 0x99,
        0x66, 0x99, 0x99, 0x66, 0x66, 0x99, 0x99, 0x66, 0x99, 0x66, 0x66, 0x99,
        0x99, 0x66, 0x66, 0x99, 0x66, 0x99, 0x99, 0x66, 0x66, 0x99, 0x99, 0x66,
        0x99, 0x66, 0x66, 0x99, 0x99, 0x66, 0x66, 0x99, 0x66, 0x99, 0x66, 0x99,
        0x99, 0x66, 0x99, 0x66, 0x99, 0x66, 0x99, 0x66, 0x66, 0x99, 0x66, 0x99,
        0x66, 0x99, 0x66, 0x99, 0x99, 0x66, 0x99, 0x66, 0x99, 0x66, 0x99, 0x66,
        0x66, 0x99, 0x66, 0x99, 0x66, 0x99, 0x66, 0x99, 0x99, 0x66, 0x99, 0x66,
        0x99, 0x66, 0x99, 0x66, 0x66, 0x99, 0x66, 0x99, 0x66, 0x99, 0x66, 0x99,
        0x99, 0x66, 0x99, 0x66, 0x99, 0x66, 0x99, 0x66, 0x66, 0x99, 0x66, 0x99,
        0x66, 0x99, 0x66, 0x99, 0x99, 0x66, 0x99, 0x66, 0x99, 0x66, 0x99, 0x66,
        0x66, 0x99, 0x66, 0x99, 0x2d, 0x1e, 0xf0, 0x87, 0x69, 0x5a, 0xb4, 0x4b,
        0xa5, 0x96, 0x78, 0x0f, 0xe1, 0xd2, 0x3c, 0xd3, 0x1d, 0x0e, 0x80, 0x97,
        0x59, 0x4a, 0x44, 0x5b, 0x95, 0x86, 0x08, 0x1f, 0xd1, 0xc2, 0xcc, 0xe3,
        0x0d, 0x7e, 0x90, 0xa7, 0x49, 0xba, 0x54, 0x6b, 0x85, 0xf6, 0x18, 0x2f,
        0xc1, 0x32, 0xdc, 0xf3, 0x7d, 0x6e, 0xa0, 0xb7, 0xb9, 0xaa, 0x64, 0x7b,
        0xf5, 0xe6, 0x28, 0x3f, 0x31, 0x22, 0xec, 0x83, 0x6d, 0x5e, 0xb0, 0x47,
        0xa9, 0x9a, 0x74, 0x0b, 0xe5, 0xd6, 0x38, 0xcf, 0x21, 0x12, 0xfc, 0x93,
        0xf0, 0x0f, 0xf0, 0x0f, 0x0f, 0xf0, 0x0f, 0xf0, 0x0f, 0xf0, 0x0f, 0xf0,
        0xf0, 0x0f, 0xf0, 0x0f, 0xf0, 0x0f, 0xf0, 0x0f, 0x0f, 0xf0, 0x0f, 0xf0,
        0x0f, 0xf0, 0x0f, 0xf0, 0xf0, 0x0f, 0xf0, 0x0f, 0xf0, 0x0f, 0xf0, 0x0f,
        0x0f, 0xf0, 0x0f, 0xf0, 0x0f, 0xf0, 0x0f, 0xf0, 0xf0, 0x0f, 0xf0, 0x0f,
        0xf0, 0x0f, 0xf0, 0x0f, 0x0f, 0xf0, 0x0f, 0xf0, 0x0f, 0xf0, 0x0f, 0xf0,
        0xf0, 0x0f, 0xf0, 0x0f, 0xf0, 0x0f, 0xf0, 0x0f, 0x0f, 0xf0, 0x0f, 0xf0,
        0x0f, 0xf0, 0x0f, 0xf0, 0xf0, 0x0f, 0xf0, 0x0f, 0x5a, 0x5a, 0x5a, 0x5a,
        0xa5, 0xa5, 0xa5, 0xa5, 0xa5, 0xa5, 0xa5, 0xa5, 0x5a, 0x5a, 0x5a, 0x5a,
        0x5a, 0x5a, 0x5a, 0x5a, 0xa5, 0xa5, 0xa5, 0xa5, 0xa5, 0xa5, 0xa5, 0xa5,
        0x5a, 0x5a, 0x5a, 0x5a, 0x5a, 0x5a, 0x5a, 0x5a, 0xa5, 0xa5, 0xa5, 0xa5,
        0xa5, 0xa5, 0xa5, 0xa5, 0x5a, 0x5a, 0x5a, 0x5a, 0x5a, 0x5a, 0x5a, 0x5a,
        0xa5, 0xa5, 0xa5, 0xa5, 0xa5, 0xa5, 0xa5, 0xa5, 0x5a, 0x5a, 0x5a, 0x5a,
        0x5a, 0x5a, 0x5a, 0x5a, 0xa5, 0xa5, 0xa5, 0xa5, 0xa5, 0xa5, 0xa5, 0xa5,
        0x5a, 0x5a, 0x5a, 0x5a, 0xcc, 0x33, 0xcc, 0x33, 0x33, 0xcc, 0x33, 0xcc,
        0xcc, 0x33, 0xcc, 0x33, 0x33, 0xcc, 0x33, 0xcc, 0xcc, 0x33, 0xcc, 0x33,
        0x33, 0xcc, 0x33, 0xcc, 0xcc, 0x33, 0xcc, 0x33, 0x33, 0xcc, 0x33, 0xcc,
        0xcc, 0x33, 0xcc, 0x33, 0x33, 0xcc, 0x33, 0xcc, 0xcc, 0x33, 0xcc, 0x33,
        0x33, 0xcc, 0x33, 0xcc, 0xcc, 0x33, 0xcc, 0x33, 0x33, 0xcc, 0x33, 0xcc,
        0xcc, 0x33, 0xcc, 0x33, 0x33, 0xcc, 0x33, 0xcc, 0xcc, 0x33, 0xcc, 0x33,
        0x33, 0xcc, 0x33, 0xcc, 0xcc, 0x33, 0xcc, 0x33, 0x33, 0xcc, 0x33, 0xcc,
        0x55, 0xaa, 0x55, 0xaa, 0xaa, 0x55, 0xaa, 0x55, 0xaa, 0x55, 0xaa, 0x55,
        0x55, 0xaa, 0x55, 0xaa, 0x55, 0xaa, 0x55, 0xaa, 0xaa, 0x55, 0xaa, 0x55,
        0xaa, 0x55, 0xaa, 0x55, 0x55, 0xaa, 0x55, 0xaa, 0x55, 0xaa, 0x55, 0xaa,
        0xaa, 0x55, 0xaa, 0x55, 0xaa, 0x55, 0xaa, 0x55, 0x55, 0xaa, 0x55, 0xaa,
        0x55, 0xaa, 0x55, 0xaa, 0xaa, 0x55, 0xaa, 0x55, 0xaa, 0x55, 0xaa, 0x55,
        0x55, 0xaa, 0x55, 0xaa, 0x55, 0xaa, 0x55, 0xaa, 0xaa, 0x55, 0xaa, 0x55,
        0xaa, 0x55, 0xaa, 0x55, 0x55, 0xaa, 0x55, 0xaa, 0xff, 0xff, 0x00, 0x00,
        0x00, 0x00, 0xff, 0xff, 0x00, 0x00, 0xff, 0xff, 0xff, 0xff, 0x00, 0x00,
        0xff, 0xff, 0x00, 0x00, 0x00, 0x00, 0xff, 0xff, 0x00, 0x00, 0xff, 0xff,
        0xff, 0xff, 0x00, 0x00, 0xff, 0xff, 0x00, 0x00, 0x00, 0x00, 0xff, 0xff,
        0x00, 0x00, 0xff, 0xff, 0xff, 0xff, 0x00, 0x00, 0xff, 0xff, 0x00, 0x00,
        0x00, 0x00, 0xff, 0xff, 0x00, 0x00, 0xff, 0xff, 0xff, 0xff, 0x00, 0x00,
        0xff, 0xff, 0x00, 0x00, 0x00, 0x00, 0xff, 0xff, 0x00, 0x00, 0xff, 0xff,
        0xff, 0xff, 0x00, 0x00, 0xcc, 0xcc, 0x33, 0x33, 0x33, 0x33, 0xcc, 0xcc,
        0x33, 0x33, 0xcc, 0xcc, 0xcc, 0xcc, 0x33, 0x33, 0xcc, 0xcc, 0x33, 0x33,
        0x33, 0x33, 0xcc, 0xcc, 0x33, 0x33, 0xcc, 0xcc, 0xcc, 0xcc, 0x33, 0x33,
        0xcc, 0xcc, 0x33, 0x33, 0x33, 0x33, 0xcc, 0xcc, 0x33, 0x33, 0xcc, 0xcc,
        0xcc, 0xcc, 0x33, 0x33, 0xcc, 0xcc, 0x33, 0x33, 0x33, 0x33, 0xcc, 0xcc,
        0x33, 0x33, 0xcc, 0xcc, 0xcc, 0xcc, 0x33, 0x33, 0xcc, 0xcc, 0x33, 0x33,
        0x33, 0x33, 0xcc, 0xcc, 0x33, 0x33, 0xcc, 0xcc, 0xcc, 0xcc, 0x33, 0x33
    },
    {
        0x99, 0x99, 0x66, 0x66, 0x66, 0x66, 0x99, 0x99, 0x99, 0x99, 0x66, 0x66,
        0x66, 0x66, 0x99, 0x99, 0x99, 0x99, 0x66, 0x66, 0x66, 0x66, 0x99, 0x99,
        0x99, 0x99, 0x66, 0x66, 0x66, 0x66, 0x99, 0x99, 0x99, 0x99, 0x66, 0x66,
        0x66, 0x66, 0x99, 0x99, 0x99, 0x99, 0x66, 0x66, 0x66, 0x66, 0x99, 0x99,
        0x99, 0x99, 0x66, 0x66, 0x66, 0x66, 0x99, 0x99, 0x99, 0x99, 0x66, 0x66,
        0x66, 0x66, 0x99, 0x99, 0x99, 0x99, 0x66, 0x66, 0x66, 0x66, 0x99, 0x99,
        0x99, 0x99, 0x66, 0x66, 0x66, 0x66, 0x99, 0x99, 0x0f, 0x0f, 0x0f, 0x0f,
        0xf0, 0xf0, 0xf0, 0xf0, 0xf0, 0xf0, 0xf0, 0xf0, 0x0f, 0x0f, 0x0f, 0x0f,
        0x0f, 0x0f, 0x0f, 0x0f, 0xf0, 0xf0, 0xf0, 0xf0, 0xf0, 0xf0, 0xf0, 0xf0,
        0x0f, 0x0f, 0x0f, 0x0f, 0x0f, 0x0f, 0x0f, 0x0f, 0xf0, 0xf0, 0xf0, 0xf0,
        0xf0, 0xf0, 0xf0, 0xf0, 0x0f, 0x0f, 0x0f, 0x0f, 0x0f, 0x0f, 0x0f, 0x0f,
        0xf0, 0xf0, 0xf0, 0xf0, 0xf0, 0xf0, 0xf0, 0xf0, 0x0f, 0x0f, 0x0f, 0x0f,
        0x0f, 0x0f, 0x0f, 0x0f, 0xf0, 0xf0, 0xf0, 0xf0, 0xf0, 0xf0, 0xf0, 0xf0,
        0x0f, 0x0f, 0x0f, 0x0f, 0x05, 0x95, 0x7b, 0xb7, 0xa6, 0xae, 0x40, 0x8c,
        0x62, 0xe2, 0x0c, 0xc0, 0xd1, 0xd9, 0x37, 0xfb, 0x15, 0x85, 0x4b, 0xa7,
        0x56, 0xbe, 0x70, 0x9c, 0x12, 0xf2, 0x3c, 0xd0, 0x21, 0xc9, 0x07, 0xeb,
        0x65, 0xb5, 0x5b, 0x57, 0x46, 0x8e, 0x60, 0xec, 0x02, 0xc2, 0x2c, 0x20,
        0x31, 0xf9, 0x17, 0x9b, 0x75, 0xa5, 0xab, 0x47, 0x76, 0x9e, 0x10, 0xfc,
        0x32, 0xd2, 0xdc, 0x30, 0x01, 0xe9, 0x67, 0x8b, 0x45, 0x55, 0xbb, 0x77,
        0x66, 0xee, 0x00, 0xcc, 0x22, 0x22, 0xcc, 0x00, 0x11, 0x99, 0x77, 0xbb,
        0x33, 0x33, 0xcc, 0xcc, 0xcc, 0xcc, 0x33, 0x33, 0x33, 0x33, 0xcc, 0xcc,
        0xcc, 0xcc, 0x33, 0x33, 0x33, 0x33, 0xcc, 0xcc, 0xcc, 0xcc, 0x33, 0x33,
        0x33, 0x33, 0xcc, 0xcc, 0xcc, 0xcc, 0x33, 0x33, 0x33, 0x33, 0xcc, 0xcc,
        0xcc, 0xcc, 0x33, 0x33, 0x33, 0x33, 0xcc, 0xcc, 0xcc, 0xcc, 0x33, 0x33,
        0x33, 0x33, 0xcc, 0xcc, 0xcc, 0xcc, 0x33, 0x33, 0x33, 0x33, 0xcc, 0xcc,
        0xcc, 0xcc, 0x33, 0x33, 0x33, 0x33, 0xcc, 0xcc, 0xcc, 0xcc, 0x33, 0x33,
        0x33, 0x33, 0xcc, 0xcc, 0xcc, 0xcc, 0x33, 0x33, 0x69, 0x96, 0x69, 0x96,
        0x96, 0x69, 0x96, 0x69, 0x69, 0x96, 0x69, 0x96, 0x96, 0x69, 0x96, 0x69,
        0x69, 0x96, 0x69, 0x96, 0x96, 0x69, 0x96, 0x69, 0x69, 0x96, 0x69, 0x96,
        0x96, 0x69, 0x96, 0x69, 0x69, 0x96, 0x69, 0x96, 0x96, 0x69, 0x96, 0x69,
        0x69, 0x96, 0x69, 0x96, 0x96, 0x69, 0x96, 0x69, 0x69, 0x96, 0x69, 0x96,
        0x96, 0x69, 0x96, 0x69, 0x69, 0x96, 0x69, 0x96, 0x96, 0x69, 0x96, 0x69,
        0x69, 0x96, 0x69, 0x96, 0x96, 0x69, 0x96, 0x69, 0x69, 0x96, 0x69, 0x96,
        0x96, 0x69, 0x96, 0x69, 0xa5, 0x5a, 0x5a, 0xa5, 0xa5, 0x5a, 0x5a, 0xa5,
        0xa5, 0x5a, 0x5a, 0xa5, 0xa5, 0x5a, 0x5a, 0xa5, 0xa5, 0x5a, 0x5a, 0xa5,
        0xa5, 0x5a, 0x5a, 0xa5, 0xa5, 0x5a, 0x5a, 0xa5, 0xa5, 0x5a, 0x5a, 0xa5,
        0xa5, 0x5a, 0x5a, 0xa5, 0xa5, 0x5a, 0x5a, 0xa5, 0xa5, 0x5a, 0x5a, 0xa5,
        0xa5, 0x5a, 0x5a, 0xa5, 0xa5, 0x5a, 0x5a, 0xa5, 0xa5, 0x5a, 0x5a, 0xa5,
        0xa5, 0x5a, 0x5a, 0xa5, 0xa5, 0x5a, 0x5a, 0xa5, 0xa5, 0x5a, 0x5a, 0xa5,
        0xa5, 0x5a, 0x5a, 0xa5, 0xa5, 0x5a, 0x5a, 0xa5, 0xa5, 0x5a, 0x5a, 0xa5,
        0x69, 0x69, 0x96, 0x96, 0x69, 0x69, 0x96, 0x96, 0x96, 0x96, 0x69, 0x69,
        0x96, 0x96, 0x69, 0x69, 0x69, 0x69, 0x96, 0x96, 0x69, 0x69, 0x96, 0x96,
        0x96, 0x96, 0x69, 0x69, 0x96, 0x96, 0x69, 0x69, 0x69, 0x69, 0x96, 0x96,
        0x69, 0x69, 0x96, 0x96, 0x96, 0x96, 0x69, 0x69, 0x96, 0x96, 0x69, 0x69,
        0x69, 0x69, 0x96, 0x96, 0x69, 0x69, 0x96, 0x96, 0x96, 0x96, 0x69, 0x69,
        0x96, 0x96, 0x69, 0x69, 0x69, 0x69, 0x96, 0x96, 0x69, 0x69, 0x96, 0x96,
        0x96, 0x96, 0x69, 0x69, 0x96, 0x96, 0x69, 0x69, 0x0f, 0xf0, 0x0f, 0xf0,
        0xf0, 0x0f, 0xf0, 0x0f, 0xf0, 0x0f, 0xf0, 0x0f, 0x0f, 0xf0, 0x0f, 0xf0,
        0x0f, 0xf0, 0x0f, 0xf0, 0xf0, 0x0f, 0xf0, 0x0f, 0xf0, 0x0f, 0xf0, 0x0f,
        0x0f, 0xf0, 0x0f, 0xf0, 0x0f, 0xf0, 0x0f, 0xf0, 0xf0, 0x0f, 0xf0, 0x0f,
        0xf0, 0x0f, 0xf0, 0x0f, 0x0f, 0xf0, 0x0f, 0xf0, 0x0f, 0xf0, 0x0f, 0xf0,
        0xf0, 0x0f, 0xf0, 0x0f, 0xf0, 0x0f, 0xf0, 0x0f, 0x0f, 0xf0, 0x0f, 0xf0,
        0x0f, 0xf0, 0x0f, 0xf0, 0xf0, 0x0f, 0xf0, 0x0f, 0xf0, 0x0f, 0xf0, 0x0f,
        0x0f, 0xf0, 0x0f, 0xf0, 0x96, 0x69, 0x96, 0x69, 0x69, 0x96, 0x69, 0x96,
        0x96, 0x69, 0x96, 0x69, 0x69, 0x96, 0x69, 0x96, 0x96, 0x69, 0x96, 0x69,
        0x69, 0x96, 0x69, 0x96, 0x96, 0x69, 0x96, 0x69, 0x69, 0x96, 0x69, 0x96,
        0x96, 0x69, 0x96, 0x69, 0x69, 0x96, 0x69, 0x96, 0x96, 0x69, 0x96, 0x69,
        0x69, 0x96, 0x69, 0x96, 0x96, 0x69, 0x96, 0x69, 0x69, 0x96, 0x69, 0x96,
        0x96, 0x69, 0x96, 0x69, 0x69, 0x96, 0x69, 0x96, 0x96, 0x69, 0x96, 0x69,
        0x69, 0x96, 0x69, 0x96, 0x96, 0x69, 0x96, 0x69, 0x69, 0x96, 0x69, 0x96,
        0xf2, 0x1e, 0xd0, 0x38, 0x36, 0xda, 0x14, 0xf4, 0x85, 0x69, 0xa7, 0x4f,
        0x41, 0xad, 0x63, 0xf3, 0xe2, 0x2e, 0xc0, 0xc8, 0x26, 0xea, 0x04, 0x84,
        0x95, 0x59, 0xb7, 0xbf, 0x51, 0x9d, 0x73, 0xe3, 0xd2, 0x3e, 0x30, 0xd8,
        0x16, 0xfa, 0x74, 0x94, 0xa5, 0x49, 0x47, 0xaf, 0x61, 0x8d, 0x03, 0xd3,
        0xc2, 0xce, 0x20, 0xe8, 0x06, 0x8a, 0x64, 0xa4, 0xb5, 0xb9, 0x57, 0x9f,
        0x71, 0xfd, 0x13, 0xc3, 0x32, 0xde, 0x10, 0xf8, 0x76, 0x9a, 0x54, 0xb4,
        0x45, 0xa9, 0x67, 0x8f, 0x01, 0xed, 0x23, 0x33, 0xc3, 0xc3, 0xc3, 0xc3,
        0x3c, 0x3c, 0x3c, 0x3c, 0x3c, 0x3c, 0x3c, 0x3c, 0xc3, 0xc3, 0xc3, 0xc3,
        0xc3, 0xc3, 0xc3, 0xc3, 0x3c, 0x3c, 0x3c, 0x3c, 0x3c, 0x3c, 0x3c, 0x3c,
        0xc3, 0xc3, 0xc3, 0xc3, 0xc3, 0xc3, 0xc3, 0xc3, 0x3c, 0x3c, 0x3c, 0x3c,
        0x3c, 0x3c, 0x3c, 0x3c, 0xc3, 0xc3, 0xc3, 0xc3, 0xc3, 0xc3, 0xc3, 0xc3,
        0x3c, 0x3c, 0x3c, 0x3c, 0x3c, 0x3c, 0x3c, 0x3c, 0xc3, 0xc3, 0xc3, 0xc3,
        0xc3, 0xc3, 0xc3, 0xc3, 0x3c, 0x3c, 0x3c, 0x3c, 0x3c, 0x3c, 0x3c, 0x3c,
        0xc3, 0xc3, 0xc3, 0xc3, 0xb9, 0x71, 0x60, 0xec, 0x02, 0xc2, 0xd3, 0xdf,
        0xce, 0x06, 0x17, 0x9b, 0x75, 0xa5, 0x54, 0xb8, 0x89, 0x61, 0x10, 0xfc,
        0x32, 0xd2, 0x23, 0xcf, 0xfe, 0x16, 0x67, 0x8b, 0x45, 0x55, 0x44, 0x88,
        0x99, 0x11, 0x00, 0xcc, 0x22, 0x22, 0x33, 0xff, 0xee, 0x66, 0x77, 0xbb,
        0x55, 0x45, 0x74, 0x98, 0xe9, 0x01, 0x30, 0xdc, 0xd2, 0x32, 0x03, 0xef,
        0x9e, 0x76, 0x47, 0xab, 0xa5, 0x75, 0x64, 0xe8, 0xf9, 0x31, 0x20, 0x2c,
        0xc2, 0x02, 0x13, 0x9f, 0x8e, 0x46, 0x57, 0x5b, 0xb5, 0x65, 0x14, 0xf8,
        0x55, 0x55, 0xaa, 0xaa, 0x55, 0x55, 0xaa, 0xaa, 0xaa, 0xaa, 0x55, 0x55,
        0xaa, 0xaa, 0x55, 0x55, 0x55, 0x55, 0xaa, 0xaa, 0x55, 0x55, 0xaa, 0xaa,
        0xaa, 0xaa, 0x55, 0x55, 0xaa, 0xaa, 0x55, 0x55, 0x55, 0x55, 0xaa, 0xaa,
        0x55, 0x55, 0xaa, 0xaa, 0xaa, 0xaa, 0x55, 0x55, 0xaa, 0xaa, 0x55, 0x55,
        0x55, 0x55, 0xaa, 0xaa, 0x55, 0x55, 0xaa, 0xaa, 0xaa, 0xaa, 0x55, 0x55,
        0xaa, 0xaa, 0x55, 0x55, 0x55, 0x55, 0xaa, 0xaa, 0x55, 0x55, 0xaa, 0xaa,
        0xaa, 0xaa, 0x55, 0x55, 0xaa, 0xaa, 0x55, 0x55, 0x33, 0xcc, 0xcc, 0x33,
        0x33, 0xcc, 0xcc, 0x33, 0x33, 0xcc, 0xcc, 0x33, 0x33, 0xcc, 0xcc, 0x33,
        0x33, 0xcc, 0xcc, 0x33, 0x33, 0xcc, 0xcc, 0x33, 0x33, 0xcc, 0xcc, 0x33,
        0x33, 0xcc, 0xcc, 0x33, 0x33, 0xcc, 0xcc, 0x33, 0x33, 0xcc, 0xcc, 0x33,
        0x33, 0xcc, 0xcc, 0x33, 0x33, 0xcc, 0xcc, 0x33, 0x33, 0xcc, 0xcc, 0x33,
        0x33, 0xcc, 0xcc, 0x33, 0x33, 0xcc, 0xcc, 0x33, 0x33, 0xcc, 0xcc, 0x33,
        0x33, 0xcc, 0xcc, 0x33, 0x33, 0xcc, 0xcc, 0x33, 0x33, 0xcc, 0xcc, 0x33,
        0x33, 0xcc, 0xcc, 0x33, 0x55, 0xaa, 0x55, 0xaa, 0x55, 0xaa, 0x55, 0xaa,
        0x55, 0xaa, 0x55, 0xaa, 0x55, 0xaa, 0x55, 0xaa, 0x55, 0xaa, 0x55, 0xaa,
        0x55, 0xaa, 0x55, 0xaa, 0x55, 0xaa, 0x55, 0xaa, 0x55, 0xaa, 0x55, 0xaa,
        0x55, 0xaa, 0x55, 0xaa, 0x55, 0xaa, 0x55, 0xaa, 0x55, 0xaa, 0x55, 0xaa,
        0x55, 0xaa, 0x55, 0xaa, 0x55, 0xaa, 0x55, 0xaa, 0x55, 0xaa, 0x55, 0xaa,
        0x55, 0xaa, 0x55, 0xaa, 0x55, 0xaa, 0x55, 0xaa, 0x55, 0xaa, 0x55, 0xaa,
        0x55, 0xaa, 0x55, 0xaa, 0x55, 0xaa, 0x55, 0xaa, 0x55, 0xaa, 0x55, 0xaa,
        0xc3, 0x3c, 0x3c, 0xc3, 0x3c, 0xc3, 0xc3, 0x3c, 0xc3, 0x3c, 0x3c, 0xc3,
        0x3c, 0xc3, 0xc3, 0x3c, 0xc3, 0x3c, 0x3c, 0xc3, 0x3c, 0xc3, 0xc3, 0x3c,
        0xc3, 0x3c, 0x3c, 0xc3, 0x3c, 0xc3, 0xc3, 0x3c, 0xc3, 0x3c, 0x3c, 0xc3,
        0x3c, 0xc3, 0xc3, 0x3c, 0xc3, 0x3c, 0x3c, 0xc3, 0x3c, 0xc3, 0xc3, 0x3c,
        0xc3, 0x3c, 0x3c, 0xc3, 0x3c, 0xc3, 0xc3, 0x3c, 0xc3, 0x3c, 0x3c, 0xc3,
        0x3c, 0xc3, 0xc3, 0x3c, 0xc3, 0x3c, 0x3c, 0xc3, 0x3c, 0xc3, 0xc3, 0x3c,
        0xc3, 0x3c, 0x3c, 0xc3, 0x3c, 0xc3, 0xc3, 0x3c, 0x0f, 0x0f, 0xf0, 0xf0,
        0xf0, 0xf0, 0x0f, 0x0f, 0x0f, 0x0f, 0xf0, 0xf0, 0xf0, 0xf0, 0x0f, 0x0f,
        0x0f, 0x0f, 0xf0, 0xf0, 0xf0, 0xf0, 0x0f, 0x0f, 0x0f, 0x0f, 0xf0, 0xf0,
        0xf0, 0xf0, 0x0f, 0x0f, 0x0f, 0x0f, 0xf0, 0xf0, 0xf0, 0xf0, 0x0f, 0x0f,
        0x0f, 0x0f, 0xf0, 0xf0, 0xf0, 0xf0, 0x0f, 0x0f, 0x0f, 0x0f, 0xf0, 0xf0,
        0xf0, 0xf0, 0x0f, 0x0f, 0x0f, 0x0f, 0xf0, 0xf0, 0xf0, 0xf0, 0x0f, 0x0f,
        0x0f, 0x0f, 0xf0, 0xf0, 0xf0, 0xf0, 0x0f, 0x0f, 0x0f, 0x0f, 0xf0, 0xf0,
        0xf0, 0xf0, 0x0f, 0x0f, 0x66, 0x66, 0x99, 0x99, 0x99, 0x99, 0x66, 0x66,
        0x66, 0x66, 0x99, 0x99, 0x99, 0x99, 0x66, 0x66, 0x66, 0x66, 0x99, 0x99,
        0x99, 0x99, 0x66, 0x66, 0x66, 0x66, 0x99, 0x99, 0x99, 0x99, 0x66, 0x66,
        0x66, 0x66, 0x99, 0x99, 0x99, 0x99, 0x66, 0x66, 0x66, 0x66, 0x99, 0x99,
        0x99, 0x99, 0x66, 0x66, 0x66, 0x66, 0x99, 0x99, 0x99, 0x99, 0x66, 0x66,
        0x66, 0x66, 0x99, 0x99, 0x99, 0x99, 0x66, 0x66, 0x66, 0x66, 0x99, 0x99,
        0x99, 0x99, 0x66, 0x66, 0x66, 0x66, 0x99, 0x99, 0x99, 0x99, 0x66, 0x66,
        0x3c, 0xc3, 0x3c, 0xc3, 0x3c, 0xc3, 0x3c, 0xc3, 0x3c, 0xc3, 0x3c, 0xc3,
        0x3c, 0xc3, 0x3c, 0xc3, 0x3c, 0xc3, 0x3c, 0xc3, 0x3c, 0xc3, 0x3c, 0xc3,
        0x3c, 0xc3, 0x3c, 0xc3, 0x3c, 0xc3, 0x3c, 0xc3, 0x3c, 0xc3, 0x3c, 0xc3,
        0x3c, 0xc3, 0x3c, 0xc3, 0x3c, 0xc3, 0x3c, 0xc3, 0x3c, 0xc3, 0x3c, 0xc3,
        0x3c, 0xc3, 0x3c, 0xc3, 0x3c, 0xc3, 0x3c, 0xc3, 0x3c, 0xc3, 0x3c, 0xc3,
        0x3c, 0xc3, 0x3c, 0xc3, 0x3c, 0xc3, 0x3c, 0xc3, 0x3c, 0xc3, 0x3c, 0xc3,
        0x3c, 0xc3, 0x3c, 0xc3, 0x3c, 0xc3, 0x3c, 0xc3, 0x99, 0x66, 0x66, 0x99,
        0x99, 0x66, 0x66, 0x99, 0x66, 0x99, 0x99, 0x66, 0x66, 0x99, 0x99, 0x66,
        0x99, 0x66, 0x66, 0x99, 0x99, 0x66, 0x66, 0x99, 0x66, 0x99, 0x99, 0x66,
        0x66, 0x99, 0x99, 0x66, 0x99, 0x66, 0x66, 0x99, 0x99, 0x66, 0x66, 0x99,
        0x66, 0x99, 0x99, 0x66, 0x66, 0x99, 0x99, 0x66, 0x99, 0x66, 0x66, 0x99,
        0x99, 0x66, 0x66, 0x99, 0x66, 0x99, 0x99, 0x66, 0x66, 0x99, 0x99, 0x66,
        0x99, 0x66, 0x66, 0x99, 0x99, 0x66, 0x66, 0x99, 0x66, 0x99, 0x99, 0x66,
        0x66, 0x99, 0x99, 0x66, 0xc3, 0xc3, 0xc3, 0xc3, 0xc3, 0xc3, 0xc3, 0xc3,
        0xc3, 0xc3, 0xc3, 0xc3, 0xc3, 0xc3, 0xc3, 0xc3, 0xc3, 0xc3, 0xc3, 0xc3,
        0xc3, 0xc3, 0xc3, 0xc3, 0xc3, 0xc3, 0xc3, 0xc3, 0xc3, 0xc3, 0xc3, 0xc3,
        0xc3, 0xc3, 0xc3, 0xc3, 0xc3, 0xc3, 0xc3, 0xc3, 0xc3, 0xc3, 0xc3, 0xc3,
        0xc3, 0xc3, 0xc3, 0xc3, 0xc3, 0xc3, 0xc3, 0xc3, 0xc3, 0xc3, 0xc3, 0xc3,
        0xc3, 0xc3, 0xc3, 0xc3, 0xc3, 0xc3, 0xc3, 0xc3, 0xc3, 0xc3, 0xc3, 0xc3,
        0xc3, 0xc3, 0xc3, 0xc3, 0xc3, 0xc3, 0xc3, 0xc3, 0xc3, 0xc3, 0xc3, 0xc3,
        0x3c, 0x3c, 0x3c, 0x3c, 0x3c, 0x3c, 0x3c, 0x3c, 0x3c, 0x3c, 0x3c, 0x3c,
        0x3c, 0x3c, 0x3c, 0x3c, 0x3c, 0x3c, 0x3c, 0x3c, 0x3c, 0x3c, 0x3c, 0x3c,
        0x3c, 0x3c, 0x3c, 0x3c, 0x3c, 0x3c, 0x3c, 0x3c, 0x3c, 0x3c, 0x3c, 0x3c,
        0x3c, 0x3c, 0x3c, 0x3c, 0x3c, 0x3c, 0x3c, 0x3c, 0x3c, 0x3c, 0x3c, 0x3c,
        0x3c, 0x3c, 0x3c, 0x3c, 0x3c, 0x3c, 0x3c, 0x3c, 0x3c, 0x3c, 0x3c, 0x3c,
        0x3c, 0x3c, 0x3c, 0x3c, 0x3c, 0x3c, 0x3c, 0x3c, 0x3c, 0x3c, 0x3c, 0x3c,
        0x3c, 0x3c, 0x3c, 0x3c, 0x3c, 0x3c, 0x3c, 0x3c, 0x0f, 0xf0, 0x0f, 0xf0,
        0x0f, 0xf0, 0x0f, 0xf0, 0x0f, 0xf0, 0x0f, 0xf0, 0x0f, 0xf0, 0x0f, 0xf0,
        0x0f, 0xf0, 0x0f, 0xf0, 0x0f, 0xf0, 0x0f, 0xf0, 0x0f, 0xf0, 0x0f, 0xf0,
        0x0f, 0xf0, 0x0f, 0xf0, 0x0f, 0xf0, 0x0f, 0xf0, 0x0f, 0xf0, 0x0f, 0xf0,
        0x0f, 0xf0, 0x0f, 0xf0, 0x0f, 0xf0, 0x0f, 0xf0, 0x0f, 0xf0, 0x0f, 0xf0,
        0x0f, 0xf0, 0x0f, 0xf0, 0x0f, 0xf0, 0x0f, 0xf0, 0x0f, 0xf0, 0x0f, 0xf0,
        0x0f, 0xf0, 0x0f, 0xf0, 0x0f, 0xf0, 0x0f, 0xf0, 0x0f, 0xf0, 0x0f, 0xf0,
        0x0f, 0xf0, 0x0f, 0xf0, 0x66, 0x99, 0x66, 0x99, 0x99, 0x66, 0x99, 0x66,
        0x99, 0x66, 0x99, 0x66, 0x66, 0x99, 0x66, 0x99, 0x66, 0x99, 0x66, 0x99,
        0x99, 0x66, 0x99, 0x66, 0x99, 0x66, 0x99, 0x66, 0x66, 0x99, 0x66, 0x99,
        0x66, 0x99, 0x66, 0x99, 0x99, 0x66, 0x99, 0x66, 0x99, 0x66, 0x99, 0x66,
        0x66, 0x99, 0x66, 0x99, 0x66, 0x99, 0x66, 0x99, 0x99, 0x66, 0x99, 0x66,
        0x99, 0x66, 0x99, 0x66, 0x66, 0x99, 0x66, 0x99, 0x66, 0x99, 0x66, 0x99,
        0x99, 0x66, 0x99, 0x66, 0x99, 0x66, 0x99, 0x66, 0x66, 0x99, 0x66, 0x99,
        0xaa, 0x55, 0x55, 0xaa, 0x55, 0xaa, 0xaa, 0x55, 0x55, 0xaa, 0xaa, 0x55,
        0xaa, 0x55, 0x55, 0xaa, 0xaa, 0x55, 0x55, 0xaa, 0x55, 0xaa, 0xaa, 0x55,
        0x55, 0xaa, 0xaa, 0x55, 0xaa, 0x55, 0x55, 0xaa, 0xaa, 0x55, 0x55, 0xaa,
        0x55, 0xaa, 0xaa, 0x55, 0x55, 0xaa, 0xaa, 0x55, 0xaa, 0x55, 0x55, 0xaa,
        0xaa, 0x55, 0x55, 0xaa, 0x55, 0xaa, 0xaa, 0x55, 0x55, 0xaa, 0xaa, 0x55,
        0xaa, 0x55, 0x55, 0xaa, 0xaa, 0x55, 0x55, 0xaa, 0x55, 0xaa, 0xaa, 0x55,
        0x55, 0xaa, 0xaa, 0x55, 0xaa, 0x55, 0x55, 0xaa, 0xaa, 0xaa, 0xaa, 0xaa,
        0x55, 0x55, 0x55, 0x55, 0xaa, 0xaa, 0xaa, 0xaa, 0x55, 0x55, 0x55, 0x55,
        0xaa, 0xaa, 0xaa, 0xaa, 0x55, 0x55, 0x55, 0x55, 0xaa, 0xaa, 0xaa, 0xaa,
        0x55, 0x55, 0x55, 0x55, 0xaa, 0xaa, 0xaa, 0xaa, 0x55, 0x55, 0x55, 0x55,
        0xaa, 0xaa, 0xaa, 0xaa, 0x55, 0x55, 0x55, 0x55, 0xaa, 0xaa, 0xaa, 0xaa,
        0x55, 0x55, 0x55, 0x55, 0xaa, 0xaa, 0xaa, 0xaa, 0x55, 0x55, 0x55, 0x55,
        0xaa, 0xaa, 0xaa, 0xaa, 0x55, 0x55, 0x55, 0x55, 0xaa, 0xaa, 0xaa, 0xaa,
        0x55, 0x55, 0x55, 0x55, 0x66, 0x66, 0x99, 0x99, 0x99, 0x99, 0x66, 0x66,
        0x66, 0x66, 0x99, 0x99, 0x99, 0x99, 0x66, 0x66, 0x66, 0x66, 0x99, 0x99,
        0x99, 0x99, 0x66, 0x66, 0x66, 0x66, 0x99, 0x99, 0x99, 0x99, 0x66, 0x66,
        0x66, 0x66, 0x99, 0x99, 0x99, 0x99, 0x66, 0x66, 0x66, 0x66, 0x99, 0x99,
        0x99, 0x99, 0x66, 0x66, 0x66, 0x66, 0x99, 0x99, 0x99, 0x99, 0x66, 0x66,
        0x66, 0x66, 0x99, 0x99, 0x99, 0x99, 0x66, 0x66, 0x66, 0x66, 0x99, 0x99,
        0x99, 0x99, 0x66, 0x66, 0x66, 0x66, 0x99, 0x99, 0x99, 0x99, 0x66, 0x66,
        0x3c, 0xc3, 0x3c, 0xc3, 0x3c, 0xc3, 0x3c, 0xc3, 0xc3, 0x3c, 0xc3, 0x3c,
        0xc3, 0x3c, 0xc3, 0x3c, 0x3c, 0xc3, 0x3c, 0xc3, 0x3c, 0xc3, 0x3c, 0xc3,
        0xc3, 0x3c, 0xc3, 0x3c, 0xc3, 0x3c, 0xc3, 0x3c, 0x3c, 0xc3, 0x3c, 0xc3,
        0x3c, 0xc3, 0x3c, 0xc3, 0xc3, 0x3c, 0xc3, 0x3c, 0xc3, 0x3c, 0xc3, 0x3c,
        0x3c, 0xc3, 0x3c, 0xc3, 0x3c, 0xc3, 0x3c, 0xc3, 0xc3, 0x3c, 0xc3, 0x3c,
        0xc3, 0x3c, 0xc3, 0x3c, 0x3c, 0xc3, 0x3c, 0xc3, 0x3c, 0xc3, 0x3c, 0xc3,
        0xc3, 0x3c, 0xc3, 0x3c, 0xc3, 0x3c, 0xc3, 0x3c, 0x66, 0x66, 0x99, 0x99,
        0x99, 0x99, 0x66, 0x66, 0x99, 0x99, 0x66, 0x66, 0x66, 0x66, 0x99, 0x99,
        0x66, 0x66, 0x99, 0x99, 0x99, 0x99, 0x66, 0x66, 0x99, 0x99, 0x66, 0x66,
        0x66, 0x66, 0x99, 0x99, 0x66, 0x66, 0x99, 0x99, 0x99, 0x99, 0x66, 0x66,
        0x99, 0x99, 0x66, 0x66, 0x66, 0x66, 0x99, 0x99, 0x66, 0x66, 0x99, 0x99,
        0x99, 0x99, 0x66, 0x66, 0x99, 0x99, 0x66, 0x66, 0x66, 0x66, 0x99, 0x99,
        0x66, 0x66, 0x99, 0x99, 0x99, 0x99, 0x66, 0x66, 0x99, 0x99, 0x66, 0x66,
        0x66, 0x66, 0x99, 0x99, 0xaa, 0x55, 0x55, 0xaa, 0xaa, 0x55, 0x55, 0xaa,
        0xaa, 0x55, 0x55, 0xaa, 0xaa, 0x55, 0x55, 0xaa, 0xaa, 0x55, 0x55, 0xaa,
        0xaa, 0x55, 0x55, 0xaa, 0xaa, 0x55, 0x55, 0xaa, 0xaa, 0x55, 0x55, 0xaa,
        0xaa, 0x55, 0x55, 0xaa, 0xaa, 0x55, 0x55, 0xaa, 0xaa, 0x55, 0x55, 0xaa,
        0xaa, 0x55, 0x55, 0xaa, 0xaa, 0x55, 0x55, 0xaa, 0xaa, 0x55, 0x55, 0xaa,
        0xaa, 0x55, 0x55, 0xaa, 0xaa, 0x55, 0x55, 0xaa, 0xaa, 0x55, 0x55, 0xaa,
        0xaa, 0x55, 0x55, 0xaa, 0xaa, 0x55, 0x55, 0xaa, 0xaa, 0x55, 0x55, 0xaa,
        0x99, 0x66, 0x66, 0x99, 0x99, 0x66, 0x66, 0x99, 0x66, 0x99, 0x99, 0x66,
        0x66, 0x99, 0x99, 0x66, 0x99, 0x66, 0x66, 0x99, 0x99, 0x66, 0x66, 0x99,
        0x66, 0x99, 0x99, 0x66, 0x66, 0x99, 0x99, 0x66, 0x99, 0x66, 0x66, 0x99,
        0x99, 0x66, 0x66, 0x99, 0x66, 0x99, 0x99, 0x66, 0x66, 0x99, 0x99, 0x66,
        0x99, 0x66, 0x66, 0x99, 0x99, 0x66, 0x66, 0x99, 0x66, 0x99, 0x99, 0x66,
        0x66, 0x99, 0x99, 0x66, 0x99, 0x66, 0x66, 0x99, 0x99, 0x66, 0x66, 0x99,
        0x66, 0x99, 0x99, 0x66, 0x66, 0x99, 0x99, 0x66, 0x0f, 0x0f, 0x0f, 0x0f,
        0xf0, 0xf0, 0xf0, 0xf0, 0xf0, 0xf0, 0xf0, 0xf0, 0x0f, 0x0f, 0x0f, 0x0f,
        0x0f, 0x0f, 0x0f, 0x0f, 0xf0, 0xf0, 0xf0, 0xf0, 0xf0, 0xf0, 0xf0, 0xf0,
        0x0f, 0x0f, 0x0f, 0x0f, 0x0f, 0x0f, 0x0f, 0x0f, 0xf0, 0xf0, 0xf0, 0xf0,
        0xf0, 0xf0, 0xf0, 0xf0, 0x0f, 0x0f, 0x0f, 0x0f, 0x0f, 0x0f, 0x0f, 0x0f,
        0xf0, 0xf0, 0xf0, 0xf0, 0xf0, 0xf0, 0xf0, 0xf0, 0x0f, 0x0f, 0x0f, 0x0f,
        0x0f, 0x0f, 0x0f, 0x0f, 0xf0, 0xf0, 0xf0, 0xf0, 0xf0, 0xf0, 0xf0, 0xf0,
        0x0f, 0x0f, 0x0f, 0x0f, 0x33, 0xcc, 0xcc, 0x33, 0x33, 0xcc, 0xcc, 0x33,
        0xcc, 0x33, 0x33, 0xcc, 0xcc, 0x33, 0x33, 0xcc, 0x33, 0xcc, 0xcc, 0x33,
        0x33, 0xcc, 0xcc, 0x33, 0xcc, 0x33, 0x33, 0xcc, 0xcc, 0x33, 0x33, 0xcc,
        0x33, 0xcc, 0xcc, 0x33, 0x33, 0xcc, 0xcc, 0x33, 0xcc, 0x33, 0x33, 0xcc,
        0xcc, 0x33, 0x33, 0xcc, 0x33, 0xcc, 0xcc, 0x33, 0x33, 0xcc, 0xcc, 0x33,
        0xcc, 0x33, 0x33, 0xcc, 0xcc, 0x33, 0x33, 0xcc, 0x33, 0xcc, 0xcc, 0x33,
        0x33, 0xcc, 0xcc, 0x33, 0xcc, 0x33, 0x33, 0xcc, 0xcc, 0x33, 0x33, 0xcc,
        0x96, 0x69, 0x96, 0x69, 0x69, 0x96, 0x69, 0x96, 0x96, 0x69, 0x96, 0x69,
        0x69, 0x96, 0x69, 0x96, 0x96, 0x69, 0x96, 0x69, 0x69, 0x96, 0x69, 0x96,
        0x96, 0x69, 0x96, 0x69, 0x69, 0x96, 0x69, 0x96, 0x96, 0x69, 0x96, 0x69,
        0x69, 0x96, 0x69, 0x96, 0x96, 0x69, 0x96, 0x69, 0x69, 0x96, 0x69, 0x96,
        0x96, 0x69, 0x96, 0x69, 0x69, 0x96, 0x69, 0x96, 0x96, 0x69, 0x96, 0x69,
        0x69, 0x96, 0x69, 0x96, 0x96, 0x69, 0x96, 0x69, 0x69, 0x96, 0x69, 0x96,
        0x96, 0x69, 0x96, 0x69, 0x69, 0x96, 0x69, 0x96, 0x00, 0xff, 0x00, 0xff,
        0xff, 0x00, 0xff, 0x00, 0xff, 0x00, 0xff, 0x00, 0x00, 0xff, 0x00, 0xff,
        0x00, 0xff, 0x00, 0xff, 0xff, 0x00, 0xff, 0x00, 0xff, 0x00, 0xff, 0x00,
        0x00, 0xff, 0x00, 0xff, 0x00, 0xff, 0x00, 0xff, 0xff, 0x00, 0xff, 0x00,
        0xff, 0x00, 0xff, 0x00, 0x00, 0xff, 0x00, 0xff, 0x00, 0xff, 0x00, 0xff,
        0xff, 0x00, 0xff, 0x00, 0xff, 0x00, 0xff, 0x00, 0x00, 0xff, 0x00, 0xff,
        0x00, 0xff, 0x00, 0xff, 0xff, 0x00, 0xff, 0x00, 0xff, 0x00, 0xff, 0x00,
        0x00, 0xff, 0x00, 0xff, 0x66, 0x99, 0x66, 0x99, 0x99, 0x66, 0x99, 0x66,
        0x99, 0x66, 0x99, 0x66, 0x66, 0x99, 0x66, 0x99, 0x66, 0x99, 0x66, 0x99,
        0x99, 0x66, 0x99, 0x66, 0x99, 0x66, 0x99, 0x66, 0x66, 0x99, 0x66, 0x99,
        0x66, 0x99, 0x66, 0x99, 0x99, 0x66, 0x99, 0x66, 0x99, 0x66, 0x99, 0x66,
        0x66, 0x99, 0x66, 0x99, 0x66, 0x99, 0x66, 0x99, 0x99, 0x66, 0x99, 0x66,
        0x99, 0x66, 0x99, 0x66, 0x66, 0x99, 0x66, 0x99, 0x66, 0x99, 0x66, 0x99,
        0x99, 0x66, 0x99, 0x66, 0x99, 0x66, 0x99, 0x66, 0x66, 0x99, 0x66, 0x99,
        0xa5, 0x5a, 0xa5, 0x5a, 0xa5, 0x5a, 0xa5, 0x5a, 0xa5, 0x5a, 0xa5, 0x5a,
        0xa5, 0x5a, 0xa5, 0x5a, 0xa5, 0x5a, 0xa5, 0x5a, 0xa5, 0x5a, 0xa5, 0x5a,
        0xa5, 0x5a, 0xa5, 0x5a, 0xa5, 0x5a, 0xa5, 0x5a, 0xa5, 0x5a, 0xa5, 0x5a,
        0xa5, 0x5a, 0xa5, 0x5a, 0xa5, 0x5a, 0xa5, 0x5a, 0xa5, 0x5a, 0xa5, 0x5a,
        0xa5, 0x5a, 0xa5, 0x5a, 0xa5, 0x5a, 0xa5, 0x5a, 0xa5, 0x5a, 0xa5, 0x5a,
        0xa5, 0x5a, 0xa5, 0x5a, 0xa5, 0x5a, 0xa5, 0x5a, 0xa5, 0x5a, 0xa5, 0x5a,
        0xa5, 0x5a, 0xa5, 0x5a, 0xa5, 0x5a, 0xa5, 0x5a, 0x69, 0x69, 0x96, 0x96,
        0x69, 0x69, 0x96, 0x96, 0x69, 0x69, 0x96, 0x96, 0x69, 0x69, 0x96, 0x96,
        0x69, 0x69, 0x96, 0x96, 0x69, 0x69, 0x96, 0x96, 0x69, 0x69, 0x96, 0x96,
        0x69, 0x69, 0x96, 0x96, 0x69, 0x69, 0x96, 0x96, 0x69, 0x69, 0x96, 0x96,
        0x69, 0x69, 0x96, 0x96, 0x69, 0x69, 0x96, 0x96, 0x69, 0x69, 0x96, 0x96,
        0x69, 0x69, 0x96, 0x96, 0x69, 0x69, 0x96, 0x96, 0x69, 0x69, 0x96, 0x96,
        0x69, 0x69, 0x96, 0x96, 0x69, 0x69, 0x96, 0x96, 0x69, 0x69, 0x96, 0x96,
        0x69, 0x69, 0x96, 0x96, 0x66, 0x99, 0x99, 0x66, 0x66, 0x99, 0x99, 0x66,
        0x99, 0x66, 0x66, 0x99, 0x99, 0x66, 0x66, 0x99, 0x66, 0x99, 0x99, 0x66,
        0x66, 0x99, 0x99, 0x66, 0x99, 0x66, 0x66, 0x99, 0x99, 0x66, 0x66, 0x99,
        0x66, 0x99, 0x99, 0x66, 0x66, 0x99, 0x99, 0x66, 0x99, 0x66, 0x66, 0x99,
        0x99, 0x66, 0x66, 0x99, 0x66, 0x99, 0x99, 0x66, 0x66, 0x99, 0x99, 0x66,
        0x99, 0x66, 0x66, 0x99, 0x99, 0x66, 0x66, 0x99, 0x66, 0x99, 0x99, 0x66,
        0x66, 0x99, 0x99, 0x66, 0x99, 0x66, 0x66, 0x99, 0x99, 0x66, 0x66, 0x99,
        0x3c, 0xc3, 0x3c, 0xc3, 0x3c, 0xc3, 0x3c, 0xc3, 0x3c, 0xc3, 0x3c, 0xc3,
        0x3c, 0xc3, 0x3c, 0xc3, 0x3c, 0xc3, 0x3c, 0xc3, 0x3c, 0xc3, 0x3c, 0xc3,
        0x3c, 0xc3, 0x3c, 0xc3, 0x3c, 0xc3, 0x3c, 0xc3, 0x3c, 0xc3, 0x3c, 0xc3,
        0x3c, 0xc3, 0x3c, 0xc3, 0x3c, 0xc3, 0x3c, 0xc3, 0x3c, 0xc3, 0x3c, 0xc3,
        0x3c, 0xc3, 0x3c, 0xc3, 0x3c, 0xc3, 0x3c, 0xc3, 0x3c, 0xc3, 0x3c, 0xc3,
        0x3c, 0xc3, 0x3c, 0xc3, 0x3c, 0xc3, 0x3c, 0xc3, 0x3c, 0xc3, 0x3c, 0xc3,
        0x3c, 0xc3, 0x3c, 0xc3, 0x3c, 0xc3, 0x3c, 0xc3, 0x55, 0x55, 0xaa, 0xaa,
        0xaa, 0xaa, 0x55, 0x55, 0xaa, 0xaa, 0x55, 0x55, 0x55, 0x55, 0xaa, 0xaa,
        0x55, 0x55, 0xaa, 0xaa, 0xaa, 0xaa, 0x55, 0x55, 0xaa, 0xaa, 0x55, 0x55,
        0x55, 0x55, 0xaa, 0xaa, 0x55, 0x55, 0xaa, 0xaa, 0xaa, 0xaa, 0x55, 0x55,
        0xaa, 0xaa, 0x55, 0x55, 0x55, 0x55, 0xaa, 0xaa, 0x55, 0x55, 0xaa, 0xaa,
        0xaa, 0xaa, 0x55, 0x55, 0xaa, 0xaa, 0x55, 0x55, 0x55, 0x55, 0xaa, 0xaa,
        0x55, 0x55, 0xaa, 0xaa, 0xaa, 0xaa, 0x55, 0x55, 0xaa, 0xaa, 0x55, 0x55,
        0x55, 0x55, 0xaa, 0xaa, 0x5a, 0x5a, 0xa5, 0xa5, 0x5a, 0x5a, 0xa5, 0xa5,
        0x5a, 0x5a, 0xa5, 0xa5, 0x5a, 0x5a, 0xa5, 0xa5, 0x5a, 0x5a, 0xa5, 0xa5,
        0x5a, 0x5a, 0xa5, 0xa5, 0x5a, 0x5a, 0xa5, 0xa5, 0x5a, 0x5a, 0xa5, 0xa5,
        0x5a, 0x5a, 0xa5, 0xa5, 0x5a, 0x5a, 0xa5, 0xa5, 0x5a, 0x5a, 0xa5, 0xa5,
        0x5a, 0x5a, 0xa5, 0xa5, 0x5a, 0x5a, 0xa5, 0xa5, 0x5a, 0x5a, 0xa5, 0xa5,
        0x5a, 0x5a, 0xa5, 0xa5, 0x5a, 0x5a, 0xa5, 0xa5, 0x5a, 0x5a, 0xa5, 0xa5,
        0x5a, 0x5a, 0xa5, 0xa5, 0x5a, 0x5a, 0xa5, 0xa5, 0x5a, 0x5a, 0xa5, 0xa5,
        0xe0, 0x0c, 0xc2, 0x22, 0xd3, 0x3f, 0xf1, 0x19, 0x68, 0x84, 0x4a, 0x5a,
        0x4b, 0x87, 0x69, 0xe1, 0xf0, 0x3c, 0xd2, 0xd2, 0xc3, 0x0f, 0xe1, 0x69,
        0x78, 0xb4, 0x5a, 0x4a, 0x7b, 0x97, 0x19, 0xf1, 0xc0, 0x2c, 0x22, 0xc2,
        0xf3, 0x1f, 0x91, 0x79, 0x48, 0xa4, 0xaa, 0x7a, 0x6b, 0xe7, 0x09, 0xc1,
        0xd0, 0xdc, 0x32, 0xf2, 0xe3, 0x6f, 0x81, 0x49, 0x58, 0x54, 0xba, 0x6a,
        0x1b, 0xf7, 0x39, 0xd1, 0x20, 0xcc, 0x02, 0xe2, 0x93, 0x7f, 0xb1, 0x59,
        0xa8, 0x44, 0x8a, 0x1a, 0x0b, 0xc7, 0x29, 0x21, 0xff, 0xff, 0x00, 0x00,
        0xff, 0xff, 0x00, 0x00, 0x00, 0x00, 0xff, 0xff, 0x00, 0x00, 0xff, 0xff,
        0xff, 0xff, 0x00, 0x00, 0xff, 0xff, 0x00, 0x00, 0x00, 0x00, 0xff, 0xff,
        0x00, 0x00, 0xff, 0xff, 0xff, 0xff, 0x00, 0x00, 0xff, 0xff, 0x00, 0x00,
        0x00, 0x00, 0xff, 0xff, 0x00, 0x00, 0xff, 0xff, 0xff, 0xff, 0x00, 0x00,
        0xff, 0xff, 0x00, 0x00, 0x00, 0x00, 0xff, 0xff, 0x00, 0x00, 0xff, 0xff,
        0xff, 0xff, 0x00, 0x00, 0xff, 0xff, 0x00, 0x00, 0x00, 0x00, 0xff, 0xff,
        0x00, 0x00, 0xff, 0xff, 0xa5, 0x5a, 0xa5, 0x5a, 0x5a, 0xa5, 0x5a, 0xa5,
        0x5a, 0xa5, 0x5a, 0xa5, 0xa5, 0x5a, 0xa5, 0x5a, 0xa5, 0x5a, 0xa5, 0x5a,
        0x5a, 0xa5, 0x5a, 0xa5, 0x5a, 0xa5, 0x5a, 0xa5, 0xa5, 0x5a, 0xa5, 0x5a,
        0xa5, 0x5a, 0xa5, 0x5a, 0x5a, 0xa5, 0x5a, 0xa5, 0x5a, 0xa5, 0x5a, 0xa5,
        0xa5, 0x5a, 0xa5, 0x5a, 0xa5, 0x5a, 0xa5, 0x5a, 0x5a, 0xa5, 0x5a, 0xa5,
        0x5a, 0xa5, 0x5a, 0xa5, 0xa5, 0x5a, 0xa5, 0x5a, 0xa5, 0x5a, 0xa5, 0x5a,
        0x5a, 0xa5, 0x5a, 0xa5, 0x5a, 0xa5, 0x5a, 0xa5, 0xa5, 0x5a, 0xa5, 0x5a,
        0x99, 0x99, 0x66, 0x66, 0x66, 0x66, 0x99, 0x99, 0x99, 0x99, 0x66, 0x66,
        0x66, 0x66, 0x99, 0x99, 0x99, 0x99, 0x66, 0x66, 0x66, 0x66, 0x99, 0x99,
        0x99, 0x99, 0x66, 0x66, 0x66, 0x66, 0x99, 0x99, 0x99, 0x99, 0x66, 0x66,
        0x66, 0x66, 0x99, 0x99, 0x99, 0x99, 0x66, 0x66, 0x66, 0x66, 0x99, 0x99,
        0x99, 0x99, 0x66, 0x66, 0x66, 0x66, 0x99, 0x99, 0x99, 0x99, 0x66, 0x66,
        0x66, 0x66, 0x99, 0x99, 0x99, 0x99, 0x66, 0x66, 0x66, 0x66, 0x99, 0x99,
        0x99, 0x99, 0x66, 0x66, 0x66, 0x66, 0x99, 0x99, 0x0f, 0x0f, 0x0f, 0x0f,
        0xf0, 0xf0, 0xf0, 0xf0, 0xf0, 0xf0, 0xf0, 0xf0, 0x0f, 0x0f, 0x0f, 0x0f,
        0x0f, 0x0f, 0x0f, 0x0f, 0xf0, 0xf0, 0xf0, 0xf0, 0xf0, 0xf0, 0xf0, 0xf0,
        0x0f, 0x0f, 0x0f, 0x0f, 0x0f, 0x0f, 0x0f, 0x0f, 0xf0, 0xf0, 0xf0, 0xf0,
        0xf0, 0xf0, 0xf0, 0xf0, 0x0f, 0x0f, 0x0f, 0x0f, 0x0f, 0x0f, 0x0f, 0x0f,
        0xf0, 0xf0, 0xf0, 0xf0, 0xf0, 0xf0, 0xf0, 0xf0, 0x0f, 0x0f, 0x0f, 0x0f,
        0x0f, 0x0f, 0x0f, 0x0f, 0xf0, 0xf0, 0xf0, 0xf0, 0xf0, 0xf0, 0xf0, 0xf0,
        0x0f, 0x0f, 0x0f, 0x0f, 0x00, 0x00, 0xff, 0xff, 0x00, 0x00, 0xff, 0xff,
        0x00, 0x00, 0xff, 0xff, 0x00, 0x00, 0xff, 0xff, 0x00, 0x00, 0xff, 0xff,
        0x00, 0x00, 0xff, 0xff, 0x00, 0x00, 0xff, 0xff, 0x00, 0x00, 0xff, 0xff,
        0x00, 0x00, 0xff, 0xff, 0x00, 0x00, 0xff, 0xff, 0x00, 0x00, 0xff, 0xff,
        0x00, 0x00, 0xff, 0xff, 0x00, 0x00, 0xff, 0xff, 0x00, 0x00, 0xff, 0xff,
        0x00, 0x00, 0xff, 0xff, 0x00, 0x00, 0xff, 0xff, 0x00, 0x00, 0xff, 0xff,
        0x00, 0x00, 0xff, 0xff, 0x00, 0x00, 0xff, 0xff, 0x00, 0x00, 0xff, 0xff,
        0xff, 0x00, 0xff, 0x00, 0xff, 0x00, 0xff, 0x00, 0x00, 0xff, 0x00, 0xff,
        0x00, 0xff, 0x00, 0xff, 0xff, 0x00, 0xff, 0x00, 0xff, 0x00, 0xff, 0x00,
        0x00, 0xff, 0x00, 0xff, 0x00, 0xff, 0x00, 0xff, 0xff, 0x00, 0xff, 0x00,
        0xff, 0x00, 0xff, 0x00, 0x00, 0xff, 0x00, 0xff, 0x00, 0xff, 0x00, 0xff,
        0xff, 0x00, 0xff, 0x00, 0xff, 0x00, 0xff, 0x00, 0x00, 0xff, 0x00, 0xff,
        0x00, 0xff, 0x00, 0xff, 0xff, 0x00, 0xff, 0x00, 0xff, 0x00, 0xff, 0x00,
        0x00, 0xff, 0x00, 0xff, 0x00, 0xff, 0x00, 0xff, 0xdb, 0x3b, 0xca, 0x26,
        0x17, 0xff, 0x8e, 0x62, 0xac, 0xbc, 0xad, 0x61, 0x70, 0xf8, 0xe9, 0x25,
        0xcb, 0xcb, 0xda, 0x16, 0x07, 0x8f, 0x9e, 0x52, 0xbc, 0xac, 0x9d, 0x71,
        0x00, 0xe8, 0xd9, 0x35, 0x3b, 0xdb, 0xea, 0x06, 0x77, 0x9f, 0xae, 0x42,
        0x4c, 0x9c, 0x8d, 0x01, 0x10, 0xd8, 0xc9, 0xc5, 0x2b, 0xeb, 0xfa, 0x76,
        0x67, 0xaf, 0xbe, 0xb2, 0x5c, 0x8c, 0xfd, 0x11, 0x20, 0xc8, 0x39, 0xd5,
        0x1b, 0xfb, 0x8a, 0x66, 0x57, 0xbf, 0x4e, 0xa2, 0x6c, 0xfc, 0xed, 0x21,
        0x30, 0x38, 0x29, 0xe5, 0xcc, 0xcc, 0xcc, 0xcc, 0x33, 0x33, 0x33, 0x33,
        0x33, 0x33, 0x33, 0x33, 0xcc, 0xcc, 0xcc, 0xcc, 0xcc, 0xcc, 0xcc, 0xcc,
        0x33, 0x33, 0x33, 0x33, 0x33, 0x33, 0x33, 0x33, 0xcc, 0xcc, 0xcc, 0xcc,
        0xcc, 0xcc, 0xcc, 0xcc, 0x33, 0x33, 0x33, 0x33, 0x33, 0x33, 0x33, 0x33,
        0xcc, 0xcc, 0xcc, 0xcc, 0xcc, 0xcc, 0xcc, 0xcc, 0x33, 0x33, 0x33, 0x33,
        0x33, 0x33, 0x33, 0x33, 0xcc, 0xcc, 0xcc, 0xcc, 0xcc, 0xcc, 0xcc, 0xcc,
        0x33, 0x33, 0x33, 0x33, 0x33, 0x33, 0x33, 0x33, 0xcc, 0xcc, 0xcc, 0xcc,
        0xfb, 0x37, 0x26, 0xb6, 0x78, 0x94, 0x65, 0x8d, 0xbc, 0x50, 0x21, 0xc1,
        0x0f, 0xe3, 0x12, 0xfa, 0xcb, 0x27, 0x56, 0x86, 0x68, 0x64, 0x75, 0xbd,
        0xac, 0x20, 0x31, 0xf1, 0x1f, 0x13, 0x02, 0xca, 0xdb, 0x57, 0x46, 0x96,
        0x98, 0x74, 0x45, 0xad, 0xdc, 0x30, 0x01, 0xe1, 0xef, 0x03, 0x32, 0xda,
        0xab, 0x47, 0x76, 0x66, 0x88, 0x44, 0x55, 0xdd, 0xcc, 0x00, 0x11, 0x11,
        0xff, 0x33, 0x22, 0xaa, 0xbb, 0x77, 0x66, 0x76, 0xb8, 0x54, 0x25, 0xcd,
        0xfc, 0x10, 0xe1, 0x01, 0xcf, 0x23, 0x52, 0xba, 0xcc, 0x33, 0xcc, 0x33,
        0x33, 0xcc, 0x33, 0xcc, 0xcc, 0x33, 0xcc, 0x33, 0x33, 0xcc, 0x33, 0xcc,
        0xcc, 0x33, 0xcc, 0x33, 0x33, 0xcc, 0x33, 0xcc, 0xcc, 0x33, 0xcc, 0x33,
        0x33, 0xcc, 0x33, 0xcc, 0xcc, 0x33, 0xcc, 0x33, 0x33, 0xcc, 0x33, 0xcc,
        0xcc, 0x33, 0xcc, 0x33, 0x33, 0xcc, 0x33, 0xcc, 0xcc, 0x33, 0xcc, 0x33,
        0x33, 0xcc, 0x33, 0xcc, 0xcc, 0x33, 0xcc, 0x33, 0x33, 0xcc, 0x33, 0xcc,
        0xcc, 0x33, 0xcc, 0x33, 0x33, 0xcc, 0x33, 0xcc, 0xcc, 0x33, 0xcc, 0x33,
        0x33, 0xcc, 0x33, 0xcc, 0x66, 0x99, 0x99, 0x66, 0x99, 0x66, 0x66, 0x99,
        0x99, 0x66, 0x66, 0x99, 0x66, 0x99, 0x99, 0x66, 0x66, 0x99, 0x99, 0x66,
        0x99, 0x66, 0x66, 0x99, 0x99, 0x66, 0x66, 0x99, 0x66, 0x99, 0x99, 0x66,
        0x66, 0x99, 0x99, 0x66, 0x99, 0x66, 0x66, 0x99, 0x99, 0x66, 0x66, 0x99,
        0x66, 0x99, 0x99, 0x66, 0x66, 0x99, 0x99, 0x66, 0x99, 0x66, 0x66, 0x99,
        0x99, 0x66, 0x66, 0x99, 0x66, 0x99, 0x99, 0x66, 0x66, 0x99, 0x99, 0x66,
        0x99, 0x66, 0x66, 0x99, 0x99, 0x66, 0x66, 0x99, 0x66, 0x99, 0x99, 0x66,
        0x5a, 0xa5, 0x5a, 0xa5, 0x5a, 0xa5, 0x5a, 0xa5, 0xa5, 0x5a, 0xa5, 0x5a,
        0xa5, 0x5a, 0xa5, 0x5a, 0x5a, 0xa5, 0x5a, 0xa5, 0x5a, 0xa5, 0x5a, 0xa5,
        0xa5, 0x5a, 0xa5, 0x5a, 0xa5, 0x5a, 0xa5, 0x5a, 0x5a, 0xa5, 0x5a, 0xa5,
        0x5a, 0xa5, 0x5a, 0xa5, 0xa5, 0x5a, 0xa5, 0x5a, 0xa5, 0x5a, 0xa5, 0x5a,
        0x5a, 0xa5, 0x5a, 0xa5, 0x5a, 0xa5, 0x5a, 0xa5, 0xa5, 0x5a, 0xa5, 0x5a,
        0xa5, 0x5a, 0xa5, 0x5a, 0x5a, 0xa5, 0x5a, 0xa5, 0x5a, 0xa5, 0x5a, 0xa5,
        0xa5, 0x5a, 0xa5, 0x5a, 0xa5, 0x5a, 0xa5, 0x5a, 0xc1, 0x01, 0x10, 0x1c,
        0x0d, 0xc5, 0xd4, 0x58, 0x49, 0x99, 0x68, 0x84, 0xb5, 0x5d, 0x2c, 0xc0,
        0xf1, 0x11, 0xe0, 0x0c, 0x3d, 0xd5, 0xa4, 0x48, 0x79, 0x69, 0x78, 0xb4,
        0xa5, 0x2d, 0x3c, 0xf0, 0xe1, 0xe1, 0xf0, 0x3c, 0x2d, 0xa5, 0xb4, 0x78,
        0x69, 0x79, 0x48, 0xa4, 0xd5, 0x3d, 0x0c, 0xe0, 0x11, 0xf1, 0xc0, 0x2c,
        0x5d, 0xb5, 0x84, 0x68, 0x99, 0x49, 0x58, 0xd4, 0xc5, 0x0d, 0x1c, 0x10,
        0x01, 0xc1, 0xd0, 0x5c, 0x4d, 0x85, 0x94, 0x98, 0x89, 0x59, 0x28, 0xc4,
        0xf5, 0x1d, 0xec, 0x00, 0x55, 0x55, 0xaa, 0xaa, 0x55, 0x55, 0xaa, 0xaa,
        0x55, 0x55, 0xaa, 0xaa, 0x55, 0x55, 0xaa, 0xaa, 0x55, 0x55, 0xaa, 0xaa,
        0x55, 0x55, 0xaa, 0xaa, 0x55, 0x55, 0xaa, 0xaa, 0x55, 0x55, 0xaa, 0xaa,
        0x55, 0x55, 0xaa, 0xaa, 0x55, 0x55, 0xaa, 0xaa, 0x55, 0x55, 0xaa, 0xaa,
        0x55, 0x55, 0xaa, 0xaa, 0x55, 0x55, 0xaa, 0xaa, 0x55, 0x55, 0xaa, 0xaa,
        0x55, 0x55, 0xaa, 0xaa, 0x55, 0x55, 0xaa, 0xaa, 0x55, 0x55, 0xaa, 0xaa,
        0x55, 0x55, 0xaa, 0xaa, 0x55, 0x55, 0xaa, 0xaa, 0x55, 0x55, 0xaa, 0xaa,
        0x59, 0xb1, 0x80, 0x6c, 0xe2, 0x02, 0x33, 0xdf, 0xd1, 0x39, 0x08, 0xe4,
        0x6a, 0xba, 0xab, 0xa7, 0x49, 0x81, 0x90, 0x1c, 0xf2, 0x32, 0x23, 0x2f,
        0xc1, 0x09, 0x18, 0x94, 0x7a, 0xaa, 0x5b, 0xb7, 0x79, 0x91, 0xe0, 0x0c,
        0xc2, 0x22, 0xd3, 0x3f, 0xf1, 0x19, 0x68, 0x84, 0x4a, 0x5a, 0x4b, 0x87,
        0x69, 0xe1, 0xf0, 0x3c, 0xd2, 0xd2, 0xc3, 0x0f, 0xe1, 0x69, 0x78, 0xb4,
        0x5a, 0x4a, 0x7b, 0x97, 0x19, 0xf1, 0xc0, 0x2c, 0x22, 0xc2, 0xf3, 0x1f,
        0x91, 0x79, 0x48, 0xa4, 0xaa, 0x7a, 0x6b, 0xe7, 0x64, 0xac, 0x42, 0xce,
        0xdf, 0x0f, 0x01, 0xed, 0x23, 0xcb, 0x45, 0xa9, 0x98, 0x78, 0x76, 0x9a,
        0x54, 0xbc, 0x32, 0xde, 0xef, 0xff, 0x11, 0xdd, 0x33, 0xbb, 0x55, 0x99,
        0x88, 0x88, 0x66, 0xaa, 0x44, 0xcc, 0x22, 0xee, 0xff, 0xef, 0x21, 0xcd,
        0x43, 0xab, 0x65, 0x89, 0x78, 0x98, 0x56, 0xba, 0x34, 0xdc, 0x12, 0xfe,
        0x0f, 0xdf, 0x31, 0xbd, 0x53, 0x9b, 0x75, 0x79, 0x68, 0xa8, 0x46, 0xca,
        0x24, 0xec, 0x02, 0x0e, 0x1f, 0xcf, 0x41, 0xad, 0x63, 0x8b, 0x85, 0x69,
        0x58, 0xb8, 0x36, 0xda, 0x00, 0xff, 0xff, 0x00, 0x00, 0xff, 0xff, 0x00,
        0xff, 0x00, 0x00, 0xff, 0xff, 0x00, 0x00, 0xff, 0x00, 0xff, 0xff, 0x00,
        0x00, 0xff, 0xff, 0x00, 0xff, 0x00, 0x00, 0xff, 0xff, 0x00, 0x00, 0xff,
        0x00, 0xff, 0xff, 0x00, 0x00, 0xff, 0xff, 0x00, 0xff, 0x00, 0x00, 0xff,
        0xff, 0x00, 0x00, 0xff, 0x00, 0xff, 0xff, 0x00, 0x00, 0xff, 0xff, 0x00,
        0xff, 0x00, 0x00, 0xff, 0xff, 0x00, 0x00, 0xff, 0x00, 0xff, 0xff, 0x00,
        0x00, 0xff, 0xff, 0x00, 0xff, 0x00, 0x00, 0xff, 0xff, 0x00, 0x00, 0xff,
        0xa5, 0xa5, 0x5a, 0x5a, 0x5a, 0x5a, 0xa5, 0xa5, 0x5a, 0x5a, 0xa5, 0xa5,
        0xa5, 0xa5, 0x5a, 0x5a, 0xa5, 0xa5, 0x5a, 0x5a, 0x5a, 0x5a, 0xa5, 0xa5,
        0x5a, 0x5a, 0xa5, 0xa5, 0xa5, 0xa5, 0x5a, 0x5a, 0xa5, 0xa5, 0x5a, 0x5a,
        0x5a, 0x5a, 0xa5, 0xa5, 0x5a, 0x5a, 0xa5, 0xa5, 0xa5, 0xa5, 0x5a, 0x5a,
        0xa5, 0xa5, 0x5a, 0x5a, 0x5a, 0x5a, 0xa5, 0xa5, 0x5a, 0x5a, 0xa5, 0xa5,
        0xa5, 0xa5, 0x5a, 0x5a, 0xa5, 0xa5, 0x5a, 0x5a, 0x5a, 0x5a, 0xa5, 0xa5,
        0x5a, 0x5a, 0xa5, 0xa5, 0xa5, 0xa5, 0x5a, 0x5a, 0x55, 0xaa, 0x55, 0xaa,
        0xaa, 0x55, 0xaa, 0x55, 0x55, 0xaa, 0x55, 0xaa, 0xaa, 0x55, 0xaa, 0x55,
        0x55, 0xaa, 0x55, 0xaa, 0xaa, 0x55, 0xaa, 0x55, 0x55, 0xaa, 0x55, 0xaa,
        0xaa, 0x55, 0xaa, 0x55, 0x55, 0xaa, 0x55, 0xaa, 0xaa, 0x55, 0xaa, 0x55,
        0x55, 0xaa, 0x55, 0xaa, 0xaa, 0x55, 0xaa, 0x55, 0x55, 0xaa, 0x55, 0xaa,
        0xaa, 0x55, 0xaa, 0x55, 0x55, 0xaa, 0x55, 0xaa, 0xaa, 0x55, 0xaa, 0x55,
        0x55, 0xaa, 0x55, 0xaa, 0xaa, 0x55, 0xaa, 0x55, 0x55, 0xaa, 0x55, 0xaa,
        0xaa, 0x55, 0xaa, 0x55, 0x0f, 0x0f, 0xf0, 0xf0, 0xf0, 0xf0, 0x0f, 0x0f,
        0xf0, 0xf0, 0x0f, 0x0f, 0x0f, 0x0f, 0xf0, 0xf0, 0x0f, 0x0f, 0xf0, 0xf0,
        0xf0, 0xf0, 0x0f, 0x0f, 0xf0, 0xf0, 0x0f, 0x0f, 0x0f, 0x0f, 0xf0, 0xf0,
        0x0f, 0x0f, 0xf0, 0xf0, 0xf0, 0xf0, 0x0f, 0x0f, 0xf0, 0xf0, 0x0f, 0x0f,
        0x0f, 0x0f, 0xf0, 0xf0, 0x0f, 0x0f, 0xf0, 0xf0, 0xf0, 0xf0, 0x0f, 0x0f,
        0xf0, 0xf0, 0x0f, 0x0f, 0x0f, 0x0f, 0xf0, 0xf0, 0x0f, 0x0f, 0xf0, 0xf0,
        0xf0, 0xf0, 0x0f, 0x0f, 0xf0, 0xf0, 0x0f, 0x0f, 0x0f, 0x0f, 0xf0, 0xf0,
        0x98, 0x70, 0xfe, 0x12, 0x23, 0x33, 0xdd, 0x11, 0xff, 0x77, 0x99, 0x55,
        0x44, 0x44, 0xaa, 0x66, 0x88, 0x00, 0xee, 0x22, 0x33, 0x23, 0xed, 0x01,
        0x8f, 0x67, 0xa9, 0x45, 0xb4, 0x54, 0x9a, 0x76, 0xf8, 0x10, 0xde, 0x32,
        0xc3, 0x13, 0xfd, 0x71, 0x9f, 0x57, 0xb9, 0xb5, 0xa4, 0x64, 0x8a, 0x06,
        0xe8, 0x20, 0xce, 0xc2, 0xd3, 0x03, 0x8d, 0x61, 0xaf, 0x47, 0x49, 0xa5,
        0x94, 0x74, 0xfa, 0x16, 0xd8, 0x30, 0x3e, 0xd2, 0xe3, 0x73, 0x9d, 0x51,
        0xbf, 0xb7, 0x59, 0x95, 0x84, 0x04, 0xea, 0x26, 0xcc, 0xcc, 0x33, 0x33,
        0xcc, 0xcc, 0x33, 0x33, 0x33, 0x33, 0xcc, 0xcc, 0x33, 0x33, 0xcc, 0xcc,
        0xcc, 0xcc, 0x33, 0x33, 0xcc, 0xcc, 0x33, 0x33, 0x33, 0x33, 0xcc, 0xcc,
        0x33, 0x33, 0xcc, 0xcc, 0xcc, 0xcc, 0x33, 0x33, 0xcc, 0xcc, 0x33, 0x33,
        0x33, 0x33, 0xcc, 0xcc, 0x33, 0x33, 0xcc, 0xcc, 0xcc, 0xcc, 0x33, 0x33,
        0xcc, 0xcc, 0x33, 0x33, 0x33, 0x33, 0xcc, 0xcc, 0x33, 0x33, 0xcc, 0xcc,
        0xcc, 0xcc, 0x33, 0x33, 0xcc, 0xcc, 0x33, 0x33, 0x33, 0x33, 0xcc, 0xcc,
        0x33, 0x33, 0xcc, 0xcc, 0x96, 0x96, 0x69, 0x69, 0x69, 0x69, 0x96, 0x96,
        0x69, 0x69, 0x96, 0x96, 0x96, 0x96, 0x69, 0x69, 0x96, 0x96, 0x69, 0x69,
        0x69, 0x69, 0x96, 0x96, 0x69, 0x69, 0x96, 0x96, 0x96, 0x96, 0x69, 0x69,
        0x96, 0x96, 0x69, 0x69, 0x69, 0x69, 0x96, 0x96, 0x69, 0x69, 0x96, 0x96,
        0x96, 0x96, 0x69, 0x69, 0x96, 0x96, 0x69, 0x69, 0x69, 0x69, 0x96, 0x96,
        0x69, 0x69, 0x96, 0x96, 0x96, 0x96, 0x69, 0x69, 0x96, 0x96, 0x69, 0x69,
        0x69, 0x69, 0x96, 0x96, 0x69, 0x69, 0x96, 0x96, 0x96, 0x96, 0x69, 0x69,
        0x69, 0x96, 0x96, 0x69, 0x69, 0x96, 0x96, 0x69, 0x96, 0x69, 0x69, 0x96,
        0x96, 0x69, 0x69, 0x96, 0x69, 0x96, 0x96, 0x69, 0x69, 0x96, 0x96, 0x69,
        0x96, 0x69, 0x69, 0x96, 0x96, 0x69, 0x69, 0x96, 0x69, 0x96, 0x96, 0x69,
        0x69, 0x96, 0x96, 0x69, 0x96, 0x69, 0x69, 0x96, 0x96, 0x69, 0x69, 0x96,
        0x69, 0x96, 0x96, 0x69, 0x69, 0x96, 0x96, 0x69, 0x96, 0x69, 0x69, 0x96,
        0x96, 0x69, 0x69, 0x96, 0x69, 0x96, 0x96, 0x69, 0x69, 0x96, 0x96, 0x69,
        0x96, 0x69, 0x69, 0x96, 0x96, 0x69, 0x69, 0x96, 0x33, 0xcc, 0x33, 0xcc,
        0x33, 0xcc, 0x33, 0xcc, 0x33, 0xcc, 0x33, 0xcc, 0x33, 0xcc, 0x33, 0xcc,
        0x33, 0xcc, 0x33, 0xcc, 0x33, 0xcc, 0x33, 0xcc, 0x33, 0xcc, 0x33, 0xcc,
        0x33, 0xcc, 0x33, 0xcc, 0x33, 0xcc, 0x33, 0xcc, 0x33, 0xcc, 0x33, 0xcc,
        0x33, 0xcc, 0x33, 0xcc, 0x33, 0xcc, 0x33, 0xcc, 0x33, 0xcc, 0x33, 0xcc,
        0x33, 0xcc, 0x33, 0xcc, 0x33, 0xcc, 0x33, 0xcc, 0x33, 0xcc, 0x33, 0xcc,
        0x33, 0xcc, 0x33, 0xcc, 0x33, 0xcc, 0x33, 0xcc, 0x33, 0xcc, 0x33, 0xcc,
        0x33, 0xcc, 0x33, 0xcc, 0x00, 0xff, 0xff, 0x00, 0xff, 0x00, 0x00, 0xff,
        0x00, 0xff, 0xff, 0x00, 0xff, 0x00, 0x00, 0xff, 0x00, 0xff, 0xff, 0x00,
        0xff, 0x00, 0x00, 0xff, 0x00, 0xff, 0xff, 0x00, 0xff, 0x00, 0x00, 0xff,
        0x00, 0xff, 0xff, 0x00, 0xff, 0x00, 0x00, 0xff, 0x00, 0xff, 0xff, 0x00,
        0xff, 0x00, 0x00, 0xff, 0x00, 0xff, 0xff, 0x00, 0xff, 0x00, 0x00, 0xff,
        0x00, 0xff, 0xff, 0x00, 0xff, 0x00, 0x00, 0xff, 0x00, 0xff, 0xff, 0x00,
        0xff, 0x00, 0x00, 0xff, 0x00, 0xff, 0xff, 0x00, 0xff, 0x00, 0x00, 0xff,
        0xff, 0xff, 0xff, 0xff, 0x00, 0x00, 0x00, 0x00, 0xff, 0xff, 0xff, 0xff,
        0x00, 0x00, 0x00, 0x00, 0xff, 0xff, 0xff, 0xff, 0x00, 0x00, 0x00, 0x00,
        0xff, 0xff, 0xff, 0xff, 0x00, 0x00, 0x00, 0x00, 0xff, 0xff, 0xff, 0xff,
        0x00, 0x00, 0x00, 0x00, 0xff, 0xff, 0xff, 0xff, 0x00, 0x00, 0x00, 0x00,
        0xff, 0xff, 0xff, 0xff, 0x00, 0x00, 0x00, 0x00, 0xff, 0xff, 0xff, 0xff,
        0x00, 0x00, 0x00, 0x00, 0xff, 0xff, 0xff, 0xff, 0x00, 0x00, 0x00, 0x00,
        0xff, 0xff, 0xff, 0xff, 0x00, 0x00, 0x00, 0x00, 0xf0, 0x0f, 0xf0, 0x0f,
        0x0f, 0xf0, 0x0f, 0xf0, 0x0f, 0xf0, 0x0f, 0xf0, 0xf0, 0x0f, 0xf0, 0x0f,
        0xf0, 0x0f, 0xf0, 0x0f, 0x0f, 0xf0, 0x0f, 0xf0, 0x0f, 0xf0, 0x0f, 0xf0,
        0xf0, 0x0f, 0xf0, 0x0f, 0xf0, 0x0f, 0xf0, 0x0f, 0x0f, 0xf0, 0x0f, 0xf0,
        0x0f, 0xf0, 0x0f, 0xf0, 0xf0, 0x0f, 0xf0, 0x0f, 0xf0, 0x0f, 0xf0, 0x0f,
        0x0f, 0xf0, 0x0f, 0xf0, 0x0f, 0xf0, 0x0f, 0xf0, 0xf0, 0x0f, 0xf0, 0x0f,
        0xf0, 0x0f, 0xf0, 0x0f, 0x0f, 0xf0, 0x0f, 0xf0, 0x0f, 0xf0, 0x0f, 0xf0,
        0xf0, 0x0f, 0xf0, 0x0f, 0xf0, 0x0f, 0x0f, 0xf0, 0x0f, 0xf0, 0xf0, 0x0f,
        0xf0, 0x0f, 0x0f, 0xf0, 0x0f, 0xf0, 0xf0, 0x0f, 0xf0, 0x0f, 0x0f, 0xf0,
        0x0f, 0xf0, 0xf0, 0x0f, 0xf0, 0x0f, 0x0f, 0xf0, 0x0f, 0xf0, 0xf0, 0x0f,
        0xf0, 0x0f, 0x0f, 0xf0, 0x0f, 0xf0, 0xf0, 0x0f, 0xf0, 0x0f, 0x0f, 0xf0,
        0x0f, 0xf0, 0xf0, 0x0f, 0xf0, 0x0f, 0x0f, 0xf0, 0x0f, 0xf0, 0xf0, 0x0f,
        0xf0, 0x0f, 0x0f, 0xf0, 0x0f, 0xf0, 0xf0, 0x0f, 0xf0, 0x0f, 0x0f, 0xf0,
        0x0f, 0xf0, 0xf0, 0x0f, 0xf0, 0x0f, 0x0f, 0xf0, 0x0f, 0xf0, 0xf0, 0x0f,
        0xa5, 0xa5, 0xa5, 0xa5, 0x5a, 0x5a, 0x5a, 0x5a, 0xa5, 0xa5, 0xa5, 0xa5,
        0x5a, 0x5a, 0x5a, 0x5a, 0xa5, 0xa5, 0xa5, 0xa5, 0x5a, 0x5a, 0x5a, 0x5a,
        0xa5, 0xa5, 0xa5, 0xa5, 0x5a, 0x5a, 0x5a, 0x5a, 0xa5, 0xa5, 0xa5, 0xa5,
        0x5a, 0x5a, 0x5a, 0x5a, 0xa5, 0xa5, 0xa5, 0xa5, 0x5a, 0x5a, 0x5a, 0x5a,
        0xa5, 0xa5, 0xa5, 0xa5, 0x5a, 0x5a, 0x5a, 0x5a, 0xa5, 0xa5, 0xa5, 0xa5,
        0x5a, 0x5a, 0x5a, 0x5a, 0xa5, 0xa5, 0xa5, 0xa5, 0x5a, 0x5a, 0x5a, 0x5a,
        0xa5, 0xa5, 0xa5, 0xa5, 0x5a, 0x5a, 0x5a, 0x5a, 0x99, 0x99, 0x99, 0x99,
        0x66, 0x66, 0x66, 0x66, 0x99, 0x99, 0x99, 0x99, 0x66, 0x66, 0x66, 0x66,
        0x99, 0x99, 0x99, 0x99, 0x66, 0x66, 0x66, 0x66, 0x99, 0x99, 0x99, 0x99,
        0x66, 0x66, 0x66, 0x66, 0x99, 0x99, 0x99, 0x99, 0x66, 0x66, 0x66, 0x66,
        0x99, 0x99, 0x99, 0x99, 0x66, 0x66, 0x66, 0x66, 0x99, 0x99, 0x99, 0x99,
        0x66, 0x66, 0x66, 0x66, 0x99, 0x99, 0x99, 0x99, 0x66, 0x66, 0x66, 0x66,
        0x99, 0x99, 0x99, 0x99, 0x66, 0x66, 0x66, 0x66, 0x99, 0x99, 0x99, 0x99,
        0x66, 0x66, 0x66, 0x66, 0x55, 0xaa, 0x55, 0xaa, 0xaa, 0x55, 0xaa, 0x55,
        0x55, 0xaa, 0x55, 0xaa, 0xaa, 0x55, 0xaa, 0x55, 0x55, 0xaa, 0x55, 0xaa,
        0xaa, 0x55, 0xaa, 0x55, 0x55, 0xaa, 0x55, 0xaa, 0xaa, 0x55, 0xaa, 0x55,
        0x55, 0xaa, 0x55, 0xaa, 0xaa, 0x55, 0xaa, 0x55, 0x55, 0xaa, 0x55, 0xaa,
        0xaa, 0x55, 0xaa, 0x55, 0x55, 0xaa, 0x55, 0xaa, 0xaa, 0x55, 0xaa, 0x55,
        0x55, 0xaa, 0x55, 0xaa, 0xaa, 0x55, 0xaa, 0x55, 0x55, 0xaa, 0x55, 0xaa,
        0xaa, 0x55, 0xaa, 0x55, 0x55, 0xaa, 0x55, 0xaa, 0xaa, 0x55, 0xaa, 0x55,
        0xff, 0x00, 0x00, 0xff, 0x00, 0xff, 0xff, 0x00, 0xff, 0x00, 0x00, 0xff,
        0x00, 0xff, 0xff, 0x00, 0xff, 0x00, 0x00, 0xff, 0x00, 0xff, 0xff, 0x00,
        0xff, 0x00, 0x00, 0xff, 0x00, 0xff, 0xff, 0x00, 0xff, 0x00, 0x00, 0xff,
        0x00, 0xff, 0xff, 0x00, 0xff, 0x00, 0x00, 0xff, 0x00, 0xff, 0xff, 0x00,
        0xff, 0x00, 0x00, 0xff, 0x00, 0xff, 0xff, 0x00, 0xff, 0x00, 0x00, 0xff,
        0x00, 0xff, 0xff, 0x00, 0xff, 0x00, 0x00, 0xff, 0x00, 0xff, 0xff, 0x00,
        0xff, 0x00, 0x00, 0xff, 0x00, 0xff, 0xff, 0x00, 0x96, 0x69, 0x96, 0x69,
        0x69, 0x96, 0x69, 0x96, 0x96, 0x69, 0x96, 0x69, 0x69, 0x96, 0x69, 0x96,
        0x96, 0x69, 0x96, 0x69, 0x69, 0x96, 0x69, 0x96, 0x96, 0x69, 0x96, 0x69,
        0x69, 0x96, 0x69, 0x96, 0x96, 0x69, 0x96, 0x69, 0x69, 0x96, 0x69, 0x96,
        0x96, 0x69, 0x96, 0x69, 0x69, 0x96, 0x69, 0x96, 0x96, 0x69, 0x96, 0x69,
        0x69, 0x96, 0x69, 0x96, 0x96, 0x69, 0x96, 0x69, 0x69, 0x96, 0x69, 0x96,
        0x96, 0x69, 0x96, 0x69, 0x69, 0x96, 0x69, 0x96, 0x96, 0x69, 0x96, 0x69,
        0x69, 0x96, 0x69, 0x96, 0x99, 0x99, 0x99, 0x99, 0x99, 0x99, 0x99, 0x99,
        0x66, 0x66, 0x66, 0x66, 0x66, 0x66, 0x66, 0x66, 0x99, 0x99, 0x99, 0x99,
        0x99, 0x99, 0x99, 0x99, 0x66, 0x66, 0x66, 0x66, 0x66, 0x66, 0x66, 0x66,
        0x99, 0x99, 0x99, 0x99, 0x99, 0x99, 0x99, 0x99, 0x66, 0x66, 0x66, 0x66,
        0x66, 0x66, 0x66, 0x66, 0x99, 0x99, 0x99, 0x99, 0x99, 0x99, 0x99, 0x99,
        0x66, 0x66, 0x66, 0x66, 0x66, 0x66, 0x66, 0x66, 0x99, 0x99, 0x99, 0x99,
        0x99, 0x99, 0x99, 0x99, 0x66, 0x66, 0x66, 0x66, 0x66, 0x66, 0x66, 0x66,
        0xcc, 0xcc, 0xcc, 0xcc, 0xcc, 0xcc, 0xcc, 0xcc, 0x33, 0x33, 0x33, 0x33,
        0x33, 0x33, 0x33, 0x33, 0xcc, 0xcc, 0xcc, 0xcc, 0xcc, 0xcc, 0xcc, 0xcc,
        0x33, 0x33, 0x33, 0x33, 0x33, 0x33, 0x33, 0x33, 0xcc, 0xcc, 0xcc, 0xcc,
        0xcc, 0xcc, 0xcc, 0xcc, 0x33, 0x33, 0x33, 0x33, 0x33, 0x33, 0x33, 0x33,
        0xcc, 0xcc, 0xcc, 0xcc, 0xcc, 0xcc, 0xcc, 0xcc, 0x33, 0x33, 0x33, 0x33,
        0x33, 0x33, 0x33, 0x33, 0xcc, 0xcc, 0xcc, 0xcc, 0xcc, 0xcc, 0xcc, 0xcc,
        0x33, 0x33, 0x33, 0x33, 0x33, 0x33, 0x33, 0x33, 0x96, 0x96, 0x69, 0x69,
        0x69, 0x69, 0x96, 0x96, 0x96, 0x96, 0x69, 0x69, 0x69, 0x69, 0x96, 0x96,
        0x96, 0x96, 0x69, 0x69, 0x69, 0x69, 0x96, 0x96, 0x96, 0x96, 0x69, 0x69,
        0x69, 0x69, 0x96, 0x96, 0x96, 0x96, 0x69, 0x69, 0x69, 0x69, 0x96, 0x96,
        0x96, 0x96, 0x69, 0x69, 0x69, 0x69, 0x96, 0x96, 0x96, 0x96, 0x69, 0x69,
        0x69, 0x69, 0x96, 0x96, 0x96, 0x96, 0x69, 0x69, 0x69, 0x69, 0x96, 0x96,
        0x96, 0x96, 0x69, 0x69, 0x69, 0x69, 0x96, 0x96, 0x96, 0x96, 0x69, 0x69,
        0x69, 0x69, 0x96, 0x96, 0x00, 0xff, 0xff, 0x00, 0x00, 0xff, 0xff, 0x00,
        0x00, 0xff, 0xff, 0x00, 0x00, 0xff, 0xff, 0x00, 0x00, 0xff, 0xff, 0x00,
        0x00, 0xff, 0xff, 0x00, 0x00, 0xff, 0xff, 0x00, 0x00, 0xff, 0xff, 0x00,
        0x00, 0xff, 0xff, 0x00, 0x00, 0xff, 0xff, 0x00, 0x00, 0xff, 0xff, 0x00,
        0x00, 0xff, 0xff, 0x00, 0x00, 0xff, 0xff, 0x00, 0x00, 0xff, 0xff, 0x00,
        0x00, 0xff, 0xff, 0x00, 0x00, 0xff, 0xff, 0x00, 0x00, 0xff, 0xff, 0x00,
        0x00, 0xff, 0xff, 0x00, 0x00, 0xff, 0xff, 0x00, 0x00, 0xff, 0xff, 0x00,
        0x5a, 0x5a, 0x5a, 0x5a, 0x5a, 0x5a, 0x5a, 0x5a, 0xa5, 0xa5, 0xa5, 0xa5,
        0xa5, 0xa5, 0xa5, 0xa5, 0x5a, 0x5a, 0x5a, 0x5a, 0x5a, 0x5a, 0x5a, 0x5a,
        0xa5, 0xa5, 0xa5, 0xa5, 0xa5, 0xa5, 0xa5, 0xa5, 0x5a, 0x5a, 0x5a, 0x5a,
        0x5a, 0x5a, 0x5a, 0x5a, 0xa5, 0xa5, 0xa5, 0xa5, 0xa5, 0xa5, 0xa5, 0xa5,
        0x5a, 0x5a, 0x5a, 0x5a, 0x5a, 0x5a, 0x5a, 0x5a, 0xa5, 0xa5, 0xa5, 0xa5,
        0xa5, 0xa5, 0xa5, 0xa5, 0x5a, 0x5a, 0x5a, 0x5a, 0x5a, 0x5a, 0x5a, 0x5a,
        0xa5, 0xa5, 0xa5, 0xa5, 0xa5, 0xa5, 0xa5, 0xa5, 0x23, 0xaf, 0xbe, 0x7e,
        0x6f, 0x63, 0x72, 0xba, 0x54, 0xd8, 0xc9, 0x19, 0xe8, 0x04, 0x35, 0xdd,
        0x53, 0xbf, 0x8e, 0x6e, 0x9f, 0x73, 0x42, 0xaa, 0x24, 0xc8, 0xf9, 0xe9,
        0xf8, 0x34, 0x25, 0xad, 0x43, 0x8f, 0x9e, 0x9e, 0x8f, 0x43, 0x52, 0xda,
        0x34, 0xf8, 0xe9, 0xf9, 0xc8, 0x24, 0x55, 0xbd, 0x73, 0x9f, 0x6e, 0x8e,
        0xbf, 0x53, 0x22, 0xca, 0x04, 0xe8, 0x19, 0xc9, 0xd8, 0x54, 0x45, 0x8d,
        0x63, 0x6f, 0x7e, 0xbe, 0xaf, 0x23, 0x32, 0xfa, 0x14, 0x18, 0x09, 0xd9,
        0xa8, 0x44, 0x75, 0x9d, 0x66, 0x66, 0x66, 0x66, 0x66, 0x66, 0x66, 0x66,
        0x66, 0x66, 0x66, 0x66, 0x66, 0x66, 0x66, 0x66, 0x66, 0x66, 0x66, 0x66,
        0x66, 0x66, 0x66, 0x66, 0x66, 0x66, 0x66, 0x66, 0x66, 0x66, 0x66, 0x66,
        0x66, 0x66, 0x66, 0x66, 0x66, 0x66, 0x66, 0x66, 0x66, 0x66, 0x66, 0x66,
        0x66, 0x66, 0x66, 0x66, 0x66, 0x66, 0x66, 0x66, 0x66, 0x66, 0x66, 0x66,
        0x66, 0x66, 0x66, 0x66, 0x66, 0x66, 0x66, 0x66, 0x66, 0x66, 0x66, 0x66,
        0x66, 0x66, 0x66, 0x66, 0x66, 0x66, 0x66, 0x66, 0x66, 0x66, 0x66, 0x66,
        0x33, 0xcc, 0xcc, 0x33, 0x33, 0xcc, 0xcc, 0x33, 0xcc, 0x33, 0x33, 0xcc,
        0xcc, 0x33, 0x33, 0xcc, 0x33, 0xcc, 0xcc, 0x33, 0x33, 0xcc, 0xcc, 0x33,
        0xcc, 0x33, 0x33, 0xcc, 0xcc, 0x33, 0x33, 0xcc, 0x33, 0xcc, 0xcc, 0x33,
        0x33, 0xcc, 0xcc, 0x33, 0xcc, 0x33, 0x33, 0xcc, 0xcc, 0x33, 0x33, 0xcc,
        0x33, 0xcc, 0xcc, 0x33, 0x33, 0xcc, 0xcc, 0x33, 0xcc, 0x33, 0x33, 0xcc,
        0xcc, 0x33, 0x33, 0xcc, 0x33, 0xcc, 0xcc, 0x33, 0x33, 0xcc, 0xcc, 0x33,
        0xcc, 0x33, 0x33, 0xcc, 0xcc, 0x33, 0x33, 0xcc, 0x36, 0x21, 0xd0, 0xc3,
        0xf2, 0xed, 0x9c, 0x8f, 0x41, 0x56, 0xa7, 0xb4, 0x85, 0xea, 0xfb, 0xc8,
        0x26, 0xd1, 0xc0, 0xf3, 0xe2, 0x9d, 0x8c, 0xbf, 0x51, 0xa6, 0xb7, 0x84,
        0x95, 0xfa, 0xcb, 0xd8, 0xd6, 0xc1, 0xf0, 0xe3, 0x92, 0x8d, 0xbc, 0xaf,
        0xa1, 0xb6, 0x87, 0x94, 0xe5, 0xca, 0xdb, 0x28, 0xc6, 0xf1, 0xe0, 0x93,
        0x82, 0xbd, 0xac, 0x5f, 0xb1, 0x86, 0x97, 0xe4, 0xf5, 0xda, 0x2b, 0x38,
        0xf6, 0xe1, 0x90, 0x83, 0xb2, 0xad, 0x5c, 0x4f, 0x81, 0x96, 0xe7, 0xf4,
        0xc5, 0x2a, 0x3b, 0x08, 0x5a, 0xa5, 0x5a, 0xa5, 0xa5, 0x5a, 0xa5, 0x5a,
        0xa5, 0x5a, 0xa5, 0x5a, 0x5a, 0xa5, 0x5a, 0xa5, 0x5a, 0xa5, 0x5a, 0xa5,
        0xa5, 0x5a, 0xa5, 0x5a, 0xa5, 0x5a, 0xa5, 0x5a, 0x5a, 0xa5, 0x5a, 0xa5,
        0x5a, 0xa5, 0x5a, 0xa5, 0xa5, 0x5a, 0xa5, 0x5a, 0xa5, 0x5a, 0xa5, 0x5a,
        0x5a, 0xa5, 0x5a, 0xa5, 0x5a, 0xa5, 0x5a, 0xa5, 0xa5, 0x5a, 0xa5, 0x5a,
        0xa5, 0x5a, 0xa5, 0x5a, 0x5a, 0xa5, 0x5a, 0xa5, 0x5a, 0xa5, 0x5a, 0xa5,
        0xa5, 0x5a, 0xa5, 0x5a, 0xa5, 0x5a, 0xa5, 0x5a, 0x5a, 0xa5, 0x5a, 0xa5,
        0xff, 0x00, 0x00, 0xff, 0x00, 0xff, 0xff, 0x00, 0x00, 0xff, 0xff, 0x00,
        0xff, 0x00, 0x00, 0xff, 0xff, 0x00, 0x00, 0xff, 0x00, 0xff, 0xff, 0x00,
        0x00, 0xff, 0xff, 0x00, 0xff, 0x00, 0x00, 0xff, 0xff, 0x00, 0x00, 0xff,
        0x00, 0xff, 0xff, 0x00, 0x00, 0xff, 0xff, 0x00, 0xff, 0x00, 0x00, 0xff,
        0xff, 0x00, 0x00, 0xff, 0x00, 0xff, 0xff, 0x00, 0x00, 0xff, 0xff, 0x00,
        0xff, 0x00, 0x00, 0xff, 0xff, 0x00, 0x00, 0xff, 0x00, 0xff, 0xff, 0x00,
        0x00, 0xff, 0xff, 0x00, 0xff, 0x00, 0x00, 0xff, 0x24, 0x3b, 0x35, 0x26,
        0xe8, 0xff, 0x71, 0x62, 0x53, 0xbc, 0x52, 0x61, 0x8f, 0xf8, 0x16, 0x25,
        0x34, 0xcb, 0x25, 0x16, 0xf8, 0x8f, 0x61, 0x52, 0x43, 0xac, 0x62, 0x71,
        0xff, 0xe8, 0x26, 0x35, 0xc4, 0xdb, 0x15, 0x06, 0x88, 0x9f, 0x51, 0x42,
        0xb3, 0x9c, 0x72, 0x01, 0xef, 0xd8, 0x36, 0xc5, 0xd4, 0xeb, 0x05, 0x76,
        0x98, 0xaf, 0x41, 0xb2, 0xa3, 0x8c, 0x02, 0x11, 0xdf, 0xc8, 0xc6, 0xd5,
        0xe4, 0xfb, 0x75, 0x66, 0xa8, 0xbf, 0xb1, 0xa2, 0x93, 0xfc, 0x12, 0x21,
        0xcf, 0x38, 0xd6, 0xe5, 0xe9, 0xfe, 0x30, 0x23, 0xd2, 0xcd, 0x03, 0x10,
        0x61, 0x76, 0xb8, 0xab, 0x5a, 0x75, 0x9b, 0xe8, 0xf9, 0xce, 0x20, 0xd3,
        0xc2, 0xfd, 0x13, 0x60, 0x71, 0x46, 0xa8, 0x5b, 0x4a, 0x65, 0xeb, 0xf8,
        0xc9, 0xde, 0xd0, 0xc3, 0xf2, 0xed, 0x63, 0x70, 0x41, 0x56, 0x58, 0x4b,
        0x7a, 0x15, 0xfb, 0xc8, 0xd9, 0x2e, 0xc0, 0xf3, 0xe2, 0x9d, 0x73, 0x40,
        0x51, 0xa6, 0x48, 0x7b, 0x6a, 0x05, 0xcb, 0xd8, 0x29, 0x3e, 0xf0, 0xe3,
        0x92, 0x8d, 0x43, 0x50, 0xa1, 0xb6, 0x78, 0x6b, 0x1a, 0x35, 0xdb, 0x28
    },
    {
        0x7a, 0x96, 0x58, 0xb0, 0xbe, 0x52, 0x9c, 0x0c, 0xe2, 0x2e, 0xc0, 0xc8,
        0x26, 0xea, 0x04, 0x84, 0x6a, 0xa6, 0x48, 0x40, 0xae, 0x62, 0x8c, 0x1c,
        0xd2, 0x3e, 0x30, 0xd8, 0x16, 0xfa, 0x74, 0x94, 0x5a, 0xb6, 0xb8, 0x50,
        0x9e, 0x72, 0xfc, 0x2c, 0xc2, 0xce, 0x20, 0xe8, 0x06, 0x8a, 0x64, 0xa4,
        0x4a, 0x46, 0xa8, 0x60, 0x8e, 0x02, 0xec, 0x3c, 0x32, 0xde, 0x10, 0xf8,
        0x76, 0x9a, 0x54, 0xb4, 0xba, 0x56, 0x98, 0x70, 0xfe, 0x12, 0xdc, 0xcc,
        0x22, 0xee, 0x00, 0x88, 0x66, 0xaa, 0x44, 0x44, 0x66, 0x99, 0x99, 0x66,
        0x66, 0x99, 0x99, 0x66, 0x66, 0x99, 0x99, 0x66, 0x66, 0x99, 0x99, 0x66,
        0x66, 0x99, 0x99, 0x66, 0x66, 0x99, 0x99, 0x66, 0x66, 0x99, 0x99, 0x66,
        0x66, 0x99, 0x99, 0x66, 0x66, 0x99, 0x99, 0x66, 0x66, 0x99, 0x99, 0x66,
        0x66, 0x99, 0x99, 0x66, 0x66, 0x99, 0x99, 0x66, 0x66, 0x99, 0x99, 0x66,
        0x66, 0x99, 0x99, 0x66, 0x66, 0x99, 0x99, 0x66, 0x66, 0x99, 0x99, 0x66,
        0x66, 0x99, 0x99, 0x66, 0x66, 0x99, 0x99, 0x66, 0x66, 0x99, 0x99, 0x66,
        0x66, 0x99, 0x99, 0x66, 0x96, 0x69, 0x69, 0x96, 0x96, 0x69, 0x69, 0x96,
        0x96, 0x69, 0x69, 0x96, 0x96, 0x69, 0x69, 0x96, 0x96, 0x69, 0x69, 0x96,
        0x96, 0x69, 0x69, 0x96, 0x96, 0x69, 0x69, 0x96, 0x96, 0x69, 0x69, 0x96,
        0x96, 0x69, 0x69, 0x96, 0x96, 0x69, 0x69, 0x96, 0x96, 0x69, 0x69, 0x96,
        0x96, 0x69, 0x69, 0x96, 0x96, 0x69, 0x69, 0x96, 0x96, 0x69, 0x69, 0x96,
        0x96, 0x69, 0x69, 0x96, 0x96, 0x69, 0x69, 0x96, 0x96, 0x69, 0x69, 0x96,
        0x96, 0x69, 0x69, 0x96, 0x96, 0x69, 0x69, 0x96, 0x96, 0x69, 0x69, 0x96,
        0x96, 0x69, 0x69, 0x96, 0x96, 0x69, 0x69, 0x96, 0x96, 0x69, 0x69, 0x96,
        0x96, 0x69, 0x69, 0x96, 0x96, 0x69, 0x69, 0x96, 0x96, 0x69, 0x69, 0x96,
        0x96, 0x69, 0x69, 0x96, 0x96, 0x69, 0x69, 0x96, 0x96, 0x69, 0x69, 0x96,
        0x96, 0x69, 0x69, 0x96, 0x96, 0x69, 0x69, 0x96, 0x96, 0x69, 0x69, 0x96,
        0x96, 0x69, 0x69, 0x96, 0x96, 0x69, 0x69, 0x96, 0x96, 0x69, 0x69, 0x96,
        0x96, 0x69, 0x69, 0x96, 0x96, 0x69, 0x69, 0x96, 0x96, 0x69, 0x69, 0x96,
        0x96, 0x69, 0x69, 0x96, 0x96, 0x69, 0x69, 0x96, 0xef, 0xf8, 0x89, 0x9a,
        0xab, 0xb4, 0x45, 0x56, 0x98, 0x8f, 0xfe, 0xed, 0xdc, 0x33, 0x22, 0x11,
        0xff, 0x88, 0x99, 0xaa, 0xbb, 0x44, 0x55, 0x66, 0x88, 0xff, 0xee, 0xdd,
        0xcc, 0x23, 0x12, 0x01, 0x8f, 0x98, 0xa9, 0xba, 0x4b, 0x54, 0x65, 0x76,
        0xf8, 0xef, 0xde, 0xcd, 0x3c, 0x13, 0x02, 0x71, 0x9f, 0xa8, 0xb9, 0x4a,
        0x5b, 0x64, 0x75, 0x06, 0xe8, 0xdf, 0xce, 0x3d, 0x2c, 0x03, 0x72, 0x61,
        0xaf, 0xb8, 0x49, 0x5a, 0x6b, 0x74, 0x05, 0x16, 0xd8, 0xcf, 0x3e, 0x2d,
        0x1c, 0x73, 0x62, 0x51, 0xc3, 0xc3, 0xc3, 0xc3, 0xc3, 0xc3, 0xc3, 0xc3,
        0x3c, 0x3c, 0x3c, 0x3c, 0x3c, 0x3c, 0x3c, 0x3c, 0xc3, 0xc3, 0xc3, 0xc3,
        0xc3, 0xc3, 0xc3, 0xc3, 0x3c, 0x3c, 0x3c, 0x3c, 0x3c, 0x3c, 0x3c, 0x3c,
        0xc3, 0xc3, 0xc3, 0xc3, 0xc3, 0xc3, 0xc3, 0xc3, 0x3c, 0x3c, 0x3c, 0x3c,
        0x3c, 0x3c, 0x3c, 0x3c, 0xc3, 0xc3, 0xc3, 0xc3, 0xc3, 0xc3, 0xc3, 0xc3,
        0x3c, 0x3c, 0x3c, 0x3c, 0x3c, 0x3c, 0x3c, 0x3c, 0xc3, 0xc3, 0xc3, 0xc3,
        0xc3, 0xc3, 0xc3, 0xc3, 0x3c, 0x3c, 0x3c, 0x3c, 0x3c, 0x3c, 0x3c, 0x3c,
        0xbe, 0x76, 0x98, 0x14, 0x05, 0xd5, 0xdb, 0x37, 0xf9, 0x11, 0x9f, 0x73,
        0x42, 0xa2, 0xac, 0x40, 0x8e, 0x66, 0xe8, 0x04, 0x35, 0x25, 0xcb, 0x07,
        0xe9, 0x61, 0x8f, 0x43, 0x52, 0x52, 0xbc, 0x70, 0x9e, 0x16, 0xf8, 0x34,
        0x25, 0x35, 0xfb, 0x17, 0x99, 0x71, 0xbf, 0x53, 0xa2, 0x42, 0x8c, 0x60,
        0xee, 0x06, 0xc8, 0x24, 0xd5, 0x05, 0xeb, 0x67, 0x89, 0x41, 0xaf, 0xa3,
        0xb2, 0x72, 0x9c, 0x10, 0xfe, 0x36, 0xd8, 0xd4, 0xc5, 0x15, 0x9b, 0x77,
        0xb9, 0x51, 0x5f, 0xb3, 0x82, 0x62, 0xec, 0x00, 0x00, 0x00, 0x00, 0x00,
        0xff, 0xff, 0xff, 0xff, 0xff, 0xff, 0xff, 0xff, 0x00, 0x00, 0x00, 0x00,
        0x00, 0x00, 0x00, 0x00, 0xff, 0xff, 0xff, 0xff, 0xff, 0xff, 0xff, 0xff,
        0x00, 0x00, 0x00, 0x00, 0x00, 0x00, 0x00, 0x00, 0xff, 0xff, 0xff, 0xff,
        0xff, 0xff, 0xff, 0xff, 0x00, 0x00, 0x00, 0x00, 0x00, 0x00, 0x00, 0x00,
        0xff, 0xff, 0xff, 0xff, 0xff, 0xff, 0xff, 0xff, 0x00, 0x00, 0x00, 0x00,
        0x00, 0x00, 0x00, 0x00, 0xff, 0xff, 0xff, 0xff, 0xff, 0xff, 0xff, 0xff,
        0x00, 0x00, 0x00, 0x00, 0xc3, 0x3c, 0xc3, 0x3c, 0xc3, 0x3c, 0xc3, 0x3c,
        0x3c, 0xc3, 0x3c, 0xc3, 0x3c, 0xc3, 0x3c, 0xc3, 0xc3, 0x3c, 0xc3, 0x3c,
        0xc3, 0x3c, 0xc3, 0x3c, 0x3c, 0xc3, 0x3c, 0xc3, 0x3c, 0xc3, 0x3c, 0xc3,
        0xc3, 0x3c, 0xc3, 0x3c, 0xc3, 0x3c, 0xc3, 0x3c, 0x3c, 0xc3, 0x3c, 0xc3,
        0x3c, 0xc3, 0x3c, 0xc3, 0xc3, 0x3c, 0xc3, 0x3c, 0xc3, 0x3c, 0xc3, 0x3c,
        0x3c, 0xc3, 0x3c, 0xc3, 0x3c, 0xc3, 0x3c, 0xc3, 0xc3, 0x3c, 0xc3, 0x3c,
        0xc3, 0x3c, 0xc3, 0x3c, 0x3c, 0xc3, 0x3c, 0xc3, 0x3c, 0xc3, 0x3c, 0xc3,
        0x5a, 0x5a, 0x5a, 0x5a, 0x5a, 0x5a, 0x5a, 0x5a, 0x5a, 0x5a, 0x5a, 0x5a,
        0x5a, 0x5a, 0x5a, 0x5a, 0x5a, 0x5a, 0x5a, 0x5a, 0x5a, 0x5a, 0x5a, 0x5a,
        0x5a, 0x5a, 0x5a, 0x5a, 0x5a, 0x5a, 0x5a, 0x5a, 0x5a, 0x5a, 0x5a, 0x5a,
        0x5a, 0x5a, 0x5a, 0x5a, 0x5a, 0x5a, 0x5a, 0x5a, 0x5a, 0x5a, 0x5a, 0x5a,
        0x5a, 0x5a, 0x5a, 0x5a, 0x5a, 0x5a, 0x5a, 0x5a, 0x5a, 0x5a, 0x5a, 0x5a,
        0x5a, 0x5a, 0x5a, 0x5a, 0x5a, 0x5a, 0x5a, 0x5a, 0x5a, 0x5a, 0x5a, 0x5a,
        0x5a, 0x5a, 0x5a, 0x5a, 0x5a, 0x5a, 0x5a, 0x5a, 0x00, 0xff, 0x00, 0xff,
        0x00, 0xff, 0x00, 0xff, 0x00, 0xff, 0x00, 0xff, 0x00, 0xff, 0x00, 0xff,
        0x00, 0xff, 0x00, 0xff, 0x00, 0xff, 0x00, 0xff, 0x00, 0xff, 0x00, 0xff,
        0x00, 0xff, 0x00, 0xff, 0x00, 0xff, 0x00, 0xff, 0x00, 0xff, 0x00, 0xff,
        0x00, 0xff, 0x00, 0xff, 0x00, 0xff, 0x00, 0xff, 0x00, 0xff, 0x00, 0xff,
        0x00, 0xff, 0x00, 0xff, 0x00, 0xff, 0x00, 0xff, 0x00, 0xff, 0x00, 0xff,
        0x00, 0xff, 0x00, 0xff, 0x00, 0xff, 0x00, 0xff, 0x00, 0xff, 0x00, 0xff,
        0x00, 0xff, 0x00, 0xff, 0x3c, 0xc3, 0xc3, 0x3c, 0xc3, 0x3c, 0x3c, 0xc3,
        0xc3, 0x3c, 0x3c, 0xc3, 0x3c, 0xc3, 0xc3, 0x3c, 0x3c, 0xc3, 0xc3, 0x3c,
        0xc3, 0x3c, 0x3c, 0xc3, 0xc3, 0x3c, 0x3c, 0xc3, 0x3c, 0xc3, 0xc3, 0x3c,
        0x3c, 0xc3, 0xc3, 0x3c, 0xc3, 0x3c, 0x3c, 0xc3, 0xc3, 0x3c, 0x3c, 0xc3,
        0x3c, 0xc3, 0xc3, 0x3c, 0x3c, 0xc3, 0xc3, 0x3c, 0xc3, 0x3c, 0x3c, 0xc3,
        0xc3, 0x3c, 0x3c, 0xc3, 0x3c, 0xc3, 0xc3, 0x3c, 0x3c, 0xc3, 0xc3, 0x3c,
        0xc3, 0x3c, 0x3c, 0xc3, 0xc3, 0x3c, 0x3c, 0xc3, 0x3c, 0xc3, 0xc3, 0x3c,
        0xcc, 0xcc, 0x33, 0x33, 0x33, 0x33, 0xcc, 0xcc, 0xcc, 0xcc, 0x33, 0x33,
        0x33, 0x33, 0xcc, 0xcc, 0xcc, 0xcc, 0x33, 0x33, 0x33, 0x33, 0xcc, 0xcc,
        0xcc, 0xcc, 0x33, 0x33, 0x33, 0x33, 0xcc, 0xcc, 0xcc, 0xcc, 0x33, 0x33,
        0x33, 0x33, 0xcc, 0xcc, 0xcc, 0xcc, 0x33, 0x33, 0x33, 0x33, 0xcc, 0xcc,
        0xcc, 0xcc, 0x33, 0x33, 0x33, 0x33, 0xcc, 0xcc, 0xcc, 0xcc, 0x33, 0x33,
        0x33, 0x33, 0xcc, 0xcc, 0xcc, 0xcc, 0x33, 0x33, 0x33, 0x33, 0xcc, 0xcc,
        0xcc, 0xcc, 0x33, 0x33, 0x33, 0x33, 0xcc, 0xcc, 0x0f, 0xf0, 0x0f, 0xf0,
        0xf0, 0x0f, 0xf0, 0x0f, 0xf0, 0x0f, 0xf0, 0x0f, 0x0f, 0xf0, 0x0f, 0xf0,
        0x0f, 0xf0, 0x0f, 0xf0, 0xf0, 0x0f, 0xf0, 0x0f, 0xf0, 0x0f, 0xf0, 0x0f,
        0x0f, 0xf0, 0x0f, 0xf0, 0x0f, 0xf0, 0x0f, 0xf0, 0xf0, 0x0f, 0xf0, 0x0f,
        0xf0, 0x0f, 0xf0, 0x0f, 0x0f, 0xf0, 0x0f, 0xf0, 0x0f, 0xf0, 0x0f, 0xf0,
        0xf0, 0x0f, 0xf0, 0x0f, 0xf0, 0x0f, 0xf0, 0x0f, 0x0f, 0xf0, 0x0f, 0xf0,
        0x0f, 0xf0, 0x0f, 0xf0, 0xf0, 0x0f, 0xf0, 0x0f, 0xf0, 0x0f, 0xf0, 0x0f,
        0x0f, 0xf0, 0x0f, 0xf0, 0xa5, 0xd2, 0xc3, 0xf0, 0xe1, 0x1e, 0x0f, 0x3c,
        0xd2, 0xa5, 0xb4, 0x87, 0x96, 0x79, 0x48, 0x5b, 0xd5, 0xc2, 0xf3, 0xe0,
        0x11, 0x0e, 0x3f, 0x2c, 0xa2, 0xb5, 0x84, 0x97, 0x66, 0x49, 0x58, 0x2b,
        0xc5, 0xf2, 0xe3, 0x10, 0x01, 0x3e, 0x2f, 0x5c, 0xb2, 0x85, 0x94, 0x67,
        0x76, 0x59, 0x28, 0x3b, 0xf5, 0xe2, 0x13, 0x00, 0x31, 0x2e, 0x5f, 0x4c,
        0x82, 0x95, 0x64, 0x77, 0x46, 0x29, 0x38, 0x0b, 0xe5, 0x12, 0x03, 0x30,
        0x21, 0x5e, 0x4f, 0x7c, 0x92, 0x65, 0x74, 0x47, 0x56, 0x39, 0x08, 0x1b,
        0x3c, 0x3c, 0xc3, 0xc3, 0xc3, 0xc3, 0x3c, 0x3c, 0xc3, 0xc3, 0x3c, 0x3c,
        0x3c, 0x3c, 0xc3, 0xc3, 0x3c, 0x3c, 0xc3, 0xc3, 0xc3, 0xc3, 0x3c, 0x3c,
        0xc3, 0xc3, 0x3c, 0x3c, 0x3c, 0x3c, 0xc3, 0xc3, 0x3c, 0x3c, 0xc3, 0xc3,
        0xc3, 0xc3, 0x3c, 0x3c, 0xc3, 0xc3, 0x3c, 0x3c, 0x3c, 0x3c, 0xc3, 0xc3,
        0x3c, 0x3c, 0xc3, 0xc3, 0xc3, 0xc3, 0x3c, 0x3c, 0xc3, 0xc3, 0x3c, 0x3c,
        0x3c, 0x3c, 0xc3, 0xc3, 0x3c, 0x3c, 0xc3, 0xc3, 0xc3, 0xc3, 0x3c, 0x3c,
        0xc3, 0xc3, 0x3c, 0x3c, 0x3c, 0x3c, 0xc3, 0xc3, 0x66, 0x99, 0x66, 0x99,
        0x99, 0x66, 0x99, 0x66, 0x66, 0x99, 0x66, 0x99, 0x99, 0x66, 0x99, 0x66,
        0x66, 0x99, 0x66, 0x99, 0x99, 0x66, 0x99, 0x66, 0x66, 0x99, 0x66, 0x99,
        0x99, 0x66, 0x99, 0x66, 0x66, 0x99, 0x66, 0x99, 0x99, 0x66, 0x99, 0x66,
        0x66, 0x99, 0x66, 0x99, 0x99, 0x66, 0x99, 0x66, 0x66, 0x99, 0x66, 0x99,
        0x99, 0x66, 0x99, 0x66, 0x66, 0x99, 0x66, 0x99, 0x99, 0x66, 0x99, 0x66,
        0x66, 0x99, 0x66, 0x99, 0x99, 0x66, 0x99, 0x66, 0x66, 0x99, 0x66, 0x99,
        0x99, 0x66, 0x99, 0x66, 0xe7, 0xeb, 0x05, 0xcd, 0xdc, 0x50, 0xbe, 0x7e,
        0x90, 0x9c, 0x72, 0xba, 0xab, 0x27, 0xc9, 0x19, 0x17, 0xfb, 0x35, 0xdd,
        0xac, 0x40, 0x8e, 0x6e, 0x60, 0x8c, 0x42, 0xaa, 0xdb, 0x37, 0xf9, 0xe9,
        0x07, 0xcb, 0x25, 0xad, 0xbc, 0x70, 0x9e, 0x9e, 0x70, 0xbc, 0x52, 0xda,
        0xcb, 0x07, 0xe9, 0xf9, 0x37, 0xdb, 0x55, 0xbd, 0x8c, 0x60, 0x6e, 0x8e,
        0x40, 0xac, 0x22, 0xca, 0xfb, 0x17, 0x19, 0xc9, 0x27, 0xab, 0x45, 0x8d,
        0x9c, 0x90, 0x7e, 0xbe, 0x50, 0xdc, 0x32, 0xfa, 0xeb, 0xe7, 0x09, 0xd9,
        0x23, 0x34, 0x45, 0x56, 0x98, 0x87, 0x76, 0x65, 0xab, 0xbc, 0xcd, 0xde,
        0x10, 0xff, 0xee, 0xdd, 0x33, 0x44, 0x55, 0x66, 0x88, 0x77, 0x66, 0x55,
        0xbb, 0xcc, 0xdd, 0xee, 0x00, 0xef, 0xde, 0xcd, 0x43, 0x54, 0x65, 0x76,
        0x78, 0x67, 0x56, 0x45, 0xcb, 0xdc, 0xed, 0xfe, 0xf0, 0xdf, 0xce, 0xbd,
        0x53, 0x64, 0x75, 0x86, 0x68, 0x57, 0x46, 0x35, 0xdb, 0xec, 0xfd, 0x0e,
        0xe0, 0xcf, 0xbe, 0xad, 0x63, 0x74, 0x85, 0x96, 0x58, 0x47, 0x36, 0x25,
        0xeb, 0xfc, 0x0d, 0x1e, 0xd0, 0xbf, 0xae, 0x9d, 0x00, 0xff, 0xff, 0x00,
        0x00, 0xff, 0xff, 0x00, 0xff, 0x00, 0x00, 0xff, 0xff, 0x00, 0x00, 0xff,
        0x00, 0xff, 0xff, 0x00, 0x00, 0xff, 0xff, 0x00, 0xff, 0x00, 0x00, 0xff,
        0xff, 0x00, 0x00, 0xff, 0x00, 0xff, 0xff, 0x00, 0x00, 0xff, 0xff, 0x00,
        0xff, 0x00, 0x00, 0xff, 0xff, 0x00, 0x00, 0xff, 0x00, 0xff, 0xff, 0x00,
        0x00, 0xff, 0xff, 0x00, 0xff, 0x00, 0x00, 0xff, 0xff, 0x00, 0x00, 0xff,
        0x00, 0xff, 0xff, 0x00, 0x00, 0xff, 0xff, 0x00, 0xff, 0x00, 0x00, 0xff,
        0xff, 0x00, 0x00, 0xff, 0xa5, 0xa5, 0x5a, 0x5a, 0x5a, 0x5a, 0xa5, 0xa5,
        0xa5, 0xa5, 0x5a, 0x5a, 0x5a, 0x5a, 0xa5, 0xa5, 0xa5, 0xa5, 0x5a, 0x5a,
        0x5a, 0x5a, 0xa5, 0xa5, 0xa5, 0xa5, 0x5a, 0x5a, 0x5a, 0x5a, 0xa5, 0xa5,
        0xa5, 0xa5, 0x5a, 0x5a, 0x5a, 0x5a, 0xa5, 0xa5, 0xa5, 0xa5, 0x5a, 0x5a,
        0x5a, 0x5a, 0xa5, 0xa5, 0xa5, 0xa5, 0x5a, 0x5a, 0x5a, 0x5a, 0xa5, 0xa5,
        0xa5, 0xa5, 0x5a, 0x5a, 0x5a, 0x5a, 0xa5, 0xa5, 0xa5, 0xa5, 0x5a, 0x5a,
        0x5a, 0x5a, 0xa5, 0xa5, 0xa5, 0xa5, 0x5a, 0x5a, 0x5a, 0x5a, 0xa5, 0xa5,
        0xf0, 0x0f, 0x0f, 0xf0, 0xf0, 0x0f, 0x0f, 0xf0, 0xf0, 0x0f, 0x0f, 0xf0,
        0xf0, 0x0f, 0x0f, 0xf0, 0xf0, 0x0f, 0x0f, 0xf0, 0xf0, 0x0f, 0x0f, 0xf0,
        0xf0, 0x0f, 0x0f, 0xf0, 0xf0, 0x0f, 0x0f, 0xf0, 0xf0, 0x0f, 0x0f, 0xf0,
        0xf0, 0x0f, 0x0f, 0xf0, 0xf0, 0x0f, 0x0f, 0xf0, 0xf0, 0x0f, 0x0f, 0xf0,
        0xf0, 0x0f, 0x0f, 0xf0, 0xf0, 0x0f, 0x0f, 0xf0, 0xf0, 0x0f, 0x0f, 0xf0,
        0xf0, 0x0f, 0x0f, 0xf0, 0xf0, 0x0f, 0x0f, 0xf0, 0xf0, 0x0f, 0x0f, 0xf0,
        0xf0, 0x0f, 0x0f, 0xf0, 0xf0, 0x0f, 0x0f, 0xf0, 0x66, 0x66, 0x66, 0x66,
        0x66, 0x66, 0x66, 0x66, 0x66, 0x66, 0x66, 0x66, 0x66, 0x66, 0x66, 0x66,
        0x66, 0x66, 0x66, 0x66, 0x66, 0x66, 0x66, 0x66, 0x66, 0x66, 0x66, 0x66,
        0x66, 0x66, 0x66, 0x66, 0x66, 0x66, 0x66, 0x66, 0x66, 0x66, 0x66, 0x66,
        0x66, 0x66, 0x66, 0x66, 0x66, 0x66, 0x66, 0x66, 0x66, 0x66, 0x66, 0x66,
        0x66, 0x66, 0x66, 0x66, 0x66, 0x66, 0x66, 0x66, 0x66, 0x66, 0x66, 0x66,
        0x66, 0x66, 0x66, 0x66, 0x66, 0x66, 0x66, 0x66, 0x66, 0x66, 0x66, 0x66,
        0x66, 0x66, 0x66, 0x66, 0x00, 0xff, 0x00, 0xff, 0xff, 0x00, 0xff, 0x00,
        0xff, 0x00, 0xff, 0x00, 0x00, 0xff, 0x00, 0xff, 0x00, 0xff, 0x00, 0xff,
        0xff, 0x00, 0xff, 0x00, 0xff, 0x00, 0xff, 0x00, 0x00, 0xff, 0x00, 0xff,
        0x00, 0xff, 0x00, 0xff, 0xff, 0x00, 0xff, 0x00, 0xff, 0x00, 0xff, 0x00,
        0x00, 0xff, 0x00, 0xff, 0x00, 0xff, 0x00, 0xff, 0xff, 0x00, 0xff, 0x00,
        0xff, 0x00, 0xff, 0x00, 0x00, 0xff, 0x00, 0xff, 0x00, 0xff, 0x00, 0xff,
        0xff, 0x00, 0xff, 0x00, 0xff, 0x00, 0xff, 0x00, 0x00, 0xff, 0x00, 0xff,
        0x3c, 0x3c, 0x3c, 0x3c, 0xc3, 0xc3, 0xc3, 0xc3, 0xc3, 0xc3, 0xc3, 0xc3,
        0x3c, 0x3c, 0x3c, 0x3c, 0x3c, 0x3c, 0x3c, 0x3c, 0xc3, 0xc3, 0xc3, 0xc3,
        0xc3, 0xc3, 0xc3, 0xc3, 0x3c, 0x3c, 0x3c, 0x3c, 0x3c, 0x3c, 0x3c, 0x3c,
        0xc3, 0xc3, 0xc3, 0xc3, 0xc3, 0xc3, 0xc3, 0xc3, 0x3c, 0x3c, 0x3c, 0x3c,
        0x3c, 0x3c, 0x3c, 0x3c, 0xc3, 0xc3, 0xc3, 0xc3, 0xc3, 0xc3, 0xc3, 0xc3,
        0x3c, 0x3c, 0x3c, 0x3c, 0x3c, 0x3c, 0x3c, 0x3c, 0xc3, 0xc3, 0xc3, 0xc3,
        0xc3, 0xc3, 0xc3, 0xc3, 0x3c, 0x3c, 0x3c, 0x3c, 0xa5, 0x5a, 0x5a, 0xa5,
        0x5a, 0xa5, 0xa5, 0x5a, 0x5a, 0xa5, 0xa5, 0x5a, 0xa5, 0x5a, 0x5a, 0xa5,
        0xa5, 0x5a, 0x5a, 0xa5, 0x5a, 0xa5, 0xa5, 0x5a, 0x5a, 0xa5, 0xa5, 0x5a,
        0xa5, 0x5a, 0x5a, 0xa5, 0xa5, 0x5a, 0x5a, 0xa5, 0x5a, 0xa5, 0xa5, 0x5a,
        0x5a, 0xa5, 0xa5, 0x5a, 0xa5, 0x5a, 0x5a, 0xa5, 0xa5, 0x5a, 0x5a, 0xa5,
        0x5a, 0xa5, 0xa5, 0x5a, 0x5a, 0xa5, 0xa5, 0x5a, 0xa5, 0x5a, 0x5a, 0xa5,
        0xa5, 0x5a, 0x5a, 0xa5, 0x5a, 0xa5, 0xa5, 0x5a, 0x5a, 0xa5, 0xa5, 0x5a,
        0xa5, 0x5a, 0x5a, 0xa5, 0x27, 0x38, 0x49, 0x5a, 0x6b, 0x7c, 0x8d, 0x9e,
        0x50, 0x3f, 0x2e, 0x1d, 0x0c, 0xfb, 0xea, 0xd9, 0x37, 0x48, 0x59, 0x6a,
        0x7b, 0x8c, 0x9d, 0xae, 0x40, 0x2f, 0x1e, 0x0d, 0xfc, 0xeb, 0xda, 0xc9,
        0x47, 0x58, 0x69, 0x7a, 0x8b, 0x9c, 0xad, 0xbe, 0x30, 0x1f, 0x0e, 0xfd,
        0xec, 0xdb, 0xca, 0xb9, 0x57, 0x68, 0x79, 0x8a, 0x9b, 0xac, 0xbd, 0xce,
        0x20, 0x0f, 0xfe, 0xed, 0xdc, 0xcb, 0xba, 0xa9, 0x67, 0x78, 0x89, 0x9a,
        0xab, 0xbc, 0xcd, 0xde, 0x10, 0xff, 0xee, 0xdd, 0xcc, 0xbb, 0xaa, 0x99,
        0x6e, 0x19, 0x08, 0x3b, 0xd5, 0x3a, 0x0b, 0x18, 0x96, 0x81, 0xb0, 0xa3,
        0xad, 0xb2, 0x83, 0x90, 0x1e, 0x09, 0x38, 0x2b, 0x25, 0x0a, 0x1b, 0x68,
        0x86, 0xb1, 0xa0, 0x53, 0xbd, 0x82, 0x93, 0xe0, 0x0e, 0x39, 0x28, 0xdb,
        0x35, 0x1a, 0x6b, 0x78, 0xb6, 0xa1, 0x50, 0x43, 0x8d, 0x92, 0xe3, 0xf0,
        0x3e, 0x29, 0xd8, 0xcb, 0x05, 0x6a, 0x7b, 0x48, 0xa6, 0x51, 0x40, 0x73,
        0x9d, 0xe2, 0xf3, 0xc0, 0x2e, 0xd9, 0xc8, 0xfb, 0x15, 0x7a, 0x4b, 0x58,
        0x56, 0x41, 0x70, 0x63, 0xed, 0xf2, 0xc3, 0xd0, 0xa5, 0x5a, 0xa5, 0x5a,
        0x5a, 0xa5, 0x5a, 0xa5, 0xa5, 0x5a, 0xa5, 0x5a, 0x5a, 0xa5, 0x5a, 0xa5,
        0xa5, 0x5a, 0xa5, 0x5a, 0x5a, 0xa5, 0x5a, 0xa5, 0xa5, 0x5a, 0xa5, 0x5a,
        0x5a, 0xa5, 0x5a, 0xa5, 0xa5, 0x5a, 0xa5, 0x5a, 0x5a, 0xa5, 0x5a, 0xa5,
        0xa5, 0x5a, 0xa5, 0x5a, 0x5a, 0xa5, 0x5a, 0xa5, 0xa5, 0x5a, 0xa5, 0x5a,
        0x5a, 0xa5, 0x5a, 0xa5, 0xa5, 0x5a, 0xa5, 0x5a, 0x5a, 0xa5, 0x5a, 0xa5,
        0xa5, 0x5a, 0xa5, 0x5a, 0x5a, 0xa5, 0x5a, 0xa5, 0xa5, 0x5a, 0xa5, 0x5a,
        0x5a, 0xa5, 0x5a, 0xa5, 0x69, 0x96, 0x96, 0x69, 0x96, 0x69, 0x69, 0x96,
        0x96, 0x69, 0x69, 0x96, 0x69, 0x96, 0x96, 0x69, 0x69, 0x96, 0x96, 0x69,
        0x96, 0x69, 0x69, 0x96, 0x96, 0x69, 0x69, 0x96, 0x69, 0x96, 0x96, 0x69,
        0x69, 0x96, 0x96, 0x69, 0x96, 0x69, 0x69, 0x96, 0x96, 0x69, 0x69, 0x96,
        0x69, 0x96, 0x96, 0x69, 0x69, 0x96, 0x96, 0x69, 0x96, 0x69, 0x69, 0x96,
        0x96, 0x69, 0x69, 0x96, 0x69, 0x96, 0x96, 0x69, 0x69, 0x96, 0x96, 0x69,
        0x96, 0x69, 0x69, 0x96, 0x96, 0x69, 0x69, 0x96, 0x69, 0x96, 0x96, 0x69,
        0xee, 0xfd, 0x73, 0x5c, 0x4d, 0xbe, 0x50, 0x67, 0x89, 0xfa, 0x14, 0x2b,
        0x3a, 0xc9, 0x27, 0x10, 0xfe, 0x8d, 0x63, 0x4c, 0xbd, 0xae, 0x60, 0x77,
        0xf9, 0xea, 0x24, 0x3b, 0xca, 0xd9, 0x17, 0x00, 0x8e, 0x9d, 0x53, 0xbc,
        0xad, 0x9e, 0x70, 0x07, 0xe9, 0xda, 0x34, 0xcb, 0xda, 0xe9, 0x07, 0x70,
        0x9e, 0xad, 0x43, 0xac, 0x9d, 0x8e, 0x00, 0x17, 0xd9, 0xca, 0xc4, 0xdb,
        0xea, 0xf9, 0x77, 0x60, 0xae, 0xbd, 0xb3, 0x9c, 0x8d, 0xfe, 0x10, 0x27,
        0xc9, 0x3a, 0xd4, 0xeb, 0xfa, 0x89, 0x67, 0x50, 0x55, 0x55, 0x55, 0x55,
        0x55, 0x55, 0x55, 0x55, 0xaa, 0xaa, 0xaa, 0xaa, 0xaa, 0xaa, 0xaa, 0xaa,
        0x55, 0x55, 0x55, 0x55, 0x55, 0x55, 0x55, 0x55, 0xaa, 0xaa, 0xaa, 0xaa,
        0xaa, 0xaa, 0xaa, 0xaa, 0x55, 0x55, 0x55, 0x55, 0x55, 0x55, 0x55, 0x55,
        0xaa, 0xaa, 0xaa, 0xaa, 0xaa, 0xaa, 0xaa, 0xaa, 0x55, 0x55, 0x55, 0x55,
        0x55, 0x55, 0x55, 0x55, 0xaa, 0xaa, 0xaa, 0xaa, 0xaa, 0xaa, 0xaa, 0xaa,
        0x55, 0x55, 0x55, 0x55, 0x55, 0x55, 0x55, 0x55, 0xaa, 0xaa, 0xaa, 0xaa,
        0xaa, 0xaa, 0xaa, 0xaa, 0xfd, 0x1d, 0x93, 0x7f, 0x4e, 0xa6, 0xa8, 0x44,
        0x8a, 0x1a, 0xf4, 0x38, 0x29, 0x21, 0xcf, 0x03, 0xed, 0x6d, 0x83, 0x4f,
        0x5e, 0x56, 0xb8, 0x74, 0x9a, 0x0a, 0xc4, 0x28, 0xd9, 0x31, 0xff, 0x13,
        0x9d, 0x7d, 0xb3, 0x5f, 0xae, 0x46, 0x88, 0x64, 0xea, 0x3a, 0xd4, 0xd8,
        0xc9, 0x01, 0xef, 0x63, 0x8d, 0x4d, 0xa3, 0xaf, 0xbe, 0x76, 0x98, 0x14,
        0xfa, 0x2a, 0x24, 0xc8, 0xf9, 0x11, 0x9f, 0x73, 0xbd, 0x5d, 0x53, 0xbf,
        0x8e, 0x66, 0xe8, 0x04, 0xca, 0xda, 0x34, 0xf8, 0xe9, 0x61, 0x8f, 0x43,
        0x99, 0x66, 0x66, 0x99, 0x66, 0x99, 0x99, 0x66, 0x99, 0x66, 0x66, 0x99,
        0x66, 0x99, 0x99, 0x66, 0x99, 0x66, 0x66, 0x99, 0x66, 0x99, 0x99, 0x66,
        0x99, 0x66, 0x66, 0x99, 0x66, 0x99, 0x99, 0x66, 0x99, 0x66, 0x66, 0x99,
        0x66, 0x99, 0x99, 0x66, 0x99, 0x66, 0x66, 0x99, 0x66, 0x99, 0x99, 0x66,
        0x99, 0x66, 0x66, 0x99, 0x66, 0x99, 0x99, 0x66, 0x99, 0x66, 0x66, 0x99,
        0x66, 0x99, 0x99, 0x66, 0x99, 0x66, 0x66, 0x99, 0x66, 0x99, 0x99, 0x66,
        0x99, 0x66, 0x66, 0x99, 0x66, 0x99, 0x99, 0x66, 0x00, 0x00, 0x00, 0x00,
        0x00, 0x00, 0x00, 0x00, 0xff, 0xff, 0xff, 0xff, 0xff, 0xff, 0xff, 0xff,
        0x00, 0x00, 0x00, 0x00, 0x00, 0x00, 0x00, 0x00, 0xff, 0xff, 0xff, 0xff,
        0xff, 0xff, 0xff, 0xff, 0x00, 0x00, 0x00, 0x00, 0x00, 0x00, 0x00, 0x00,
        0xff, 0xff, 0xff, 0xff, 0xff, 0xff, 0xff, 0xff, 0x00, 0x00, 0x00, 0x00,
        0x00, 0x00, 0x00, 0x00, 0xff, 0xff, 0xff, 0xff, 0xff, 0xff, 0xff, 0xff,
        0x00, 0x00, 0x00, 0x00, 0x00, 0x00, 0x00, 0x00, 0xff, 0xff, 0xff, 0xff,
        0xff, 0xff, 0xff, 0xff, 0x55, 0x55, 0xaa, 0xaa, 0xaa, 0xaa, 0x55, 0x55,
        0x55, 0x55, 0xaa, 0xaa, 0xaa, 0xaa, 0x55, 0x55, 0x55, 0x55, 0xaa, 0xaa,
        0xaa, 0xaa, 0x55, 0x55, 0x55, 0x55, 0xaa, 0xaa, 0xaa, 0xaa, 0x55, 0x55,
        0x55, 0x55, 0xaa, 0xaa, 0xaa, 0xaa, 0x55, 0x55, 0x55, 0x55, 0xaa, 0xaa,
        0xaa, 0xaa, 0x55, 0x55, 0x55, 0x55, 0xaa, 0xaa, 0xaa, 0xaa, 0x55, 0x55,
        0x55, 0x55, 0xaa, 0xaa, 0xaa, 0xaa, 0x55, 0x55, 0x55, 0x55, 0xaa, 0xaa,
        0xaa, 0xaa, 0x55, 0x55, 0x55, 0x55, 0xaa, 0xaa, 0xaa, 0xaa, 0x55, 0x55,
        0x00, 0xef, 0xde, 0xcd, 0x43, 0x54, 0x65, 0x76, 0x87, 0x98, 0xa9, 0xba,
        0x34, 0x23, 0x12, 0x01, 0xf0, 0xdf, 0xce, 0xbd, 0x53, 0x64, 0x75, 0x86,
        0x97, 0xa8, 0xb9, 0xca, 0x24, 0x13, 0x02, 0xf1, 0xe0, 0xcf, 0xbe, 0xad,
        0x63, 0x74, 0x85, 0x96, 0xa7, 0xb8, 0xc9, 0xda, 0x14, 0x03, 0xf2, 0xe1,
        0xd0, 0xbf, 0xae, 0x9d, 0x73, 0x84, 0x95, 0xa6, 0xb7, 0xc8, 0xd9, 0xea,
        0x04, 0xf3, 0xe2, 0xd1, 0xc0, 0xaf, 0x9e, 0x8d, 0x83, 0x94, 0xa5, 0xb6,
        0xc7, 0xd8, 0xe9, 0xfa, 0xf4, 0xe3, 0xd2, 0xc1, 0x66, 0x99, 0x99, 0x66,
        0x99, 0x66, 0x66, 0x99, 0x66, 0x99, 0x99, 0x66, 0x99, 0x66, 0x66, 0x99,
        0x66, 0x99, 0x99, 0x66, 0x99, 0x66, 0x66, 0x99, 0x66, 0x99, 0x99, 0x66,
        0x99, 0x66, 0x66, 0x99, 0x66, 0x99, 0x99, 0x66, 0x99, 0x66, 0x66, 0x99,
        0x66, 0x99, 0x99, 0x66, 0x99, 0x66, 0x66, 0x99, 0x66, 0x99, 0x99, 0x66,
        0x99, 0x66, 0x66, 0x99, 0x66, 0x99, 0x99, 0x66, 0x99, 0x66, 0x66, 0x99,
        0x66, 0x99, 0x99, 0x66, 0x99, 0x66, 0x66, 0x99, 0x66, 0x99, 0x99, 0x66,
        0x99, 0x66, 0x66, 0x99, 0x00, 0x00, 0xff, 0xff, 0x00, 0x00, 0xff, 0xff,
        0xff, 0xff, 0x00, 0x00, 0xff, 0xff, 0x00, 0x00, 0x00, 0x00, 0xff, 0xff,
        0x00, 0x00, 0xff, 0xff, 0xff, 0xff, 0x00, 0x00, 0xff, 0xff, 0x00, 0x00,
        0x00, 0x00, 0xff, 0xff, 0x00, 0x00, 0xff, 0xff, 0xff, 0xff, 0x00, 0x00,
        0xff, 0xff, 0x00, 0x00, 0x00, 0x00, 0xff, 0xff, 0x00, 0x00, 0xff, 0xff,
        0xff, 0xff, 0x00, 0x00, 0xff, 0xff, 0x00, 0x00, 0x00, 0x00, 0xff, 0xff,
        0x00, 0x00, 0xff, 0xff, 0xff, 0xff, 0x00, 0x00, 0xff, 0xff, 0x00, 0x00,
        0x99, 0x66, 0x99, 0x66, 0x99, 0x66, 0x99, 0x66, 0x99, 0x66, 0x99, 0x66,
        0x99, 0x66, 0x99, 0x66, 0x99, 0x66, 0x99, 0x66, 0x99, 0x66, 0x99, 0x66,
        0x99, 0x66, 0x99, 0x66, 0x99, 0x66, 0x99, 0x66, 0x99, 0x66, 0x99, 0x66,
        0x99, 0x66, 0x99, 0x66, 0x99, 0x66, 0x99, 0x66, 0x99, 0x66, 0x99, 0x66,
        0x99, 0x66, 0x99, 0x66, 0x99, 0x66, 0x99, 0x66, 0x99, 0x66, 0x99, 0x66,
        0x99, 0x66, 0x99, 0x66, 0x99, 0x66, 0x99, 0x66, 0x99, 0x66, 0x99, 0x66,
        0x99, 0x66, 0x99, 0x66, 0x99, 0x66, 0x99, 0x66, 0x69, 0x96, 0x96, 0x69,
        0x69, 0x96, 0x96, 0x69, 0x96, 0x69, 0x69, 0x96, 0x96, 0x69, 0x69, 0x96,
        0x69, 0x96, 0x96, 0x69, 0x69, 0x96, 0x96, 0x69, 0x96, 0x69, 0x69, 0x96,
        0x96, 0x69, 0x69, 0x96, 0x69, 0x96, 0x96, 0x69, 0x69, 0x96, 0x96, 0x69,
        0x96, 0x69, 0x69, 0x96, 0x96, 0x69, 0x69, 0x96, 0x69, 0x96, 0x96, 0x69,
        0x69, 0x96, 0x96, 0x69, 0x96, 0x69, 0x69, 0x96, 0x96, 0x69, 0x69, 0x96,
        0x69, 0x96, 0x96, 0x69, 0x69, 0x96, 0x96, 0x69, 0x96, 0x69, 0x69, 0x96,
        0x96, 0x69, 0x69, 0x96, 0x00, 0x00, 0x00, 0x00, 0x00, 0x00, 0x00, 0x00,
        0xff, 0xff, 0xff, 0xff, 0xff, 0xff, 0xff, 0xff, 0x00, 0x00, 0x00, 0x00,
        0x00, 0x00, 0x00, 0x00, 0xff, 0xff, 0xff, 0xff, 0xff, 0xff, 0xff, 0xff,
        0x00, 0x00, 0x00, 0x00, 0x00, 0x00, 0x00, 0x00, 0xff, 0xff, 0xff, 0xff,
        0xff, 0xff, 0xff, 0xff, 0x00, 0x00, 0x00, 0x00, 0x00, 0x00, 0x00, 0x00,
        0xff, 0xff, 0xff, 0xff, 0xff, 0xff, 0xff, 0xff, 0x00, 0x00, 0x00, 0x00,
        0x00, 0x00, 0x00, 0x00, 0xff, 0xff, 0xff, 0xff, 0xff, 0xff, 0xff, 0xff,
        0xff, 0x00, 0x00, 0xff, 0x00, 0xff, 0xff, 0x00, 0xff, 0x00, 0x00, 0xff,
        0x00, 0xff, 0xff, 0x00, 0xff, 0x00, 0x00, 0xff, 0x00, 0xff, 0xff, 0x00,
        0xff, 0x00, 0x00, 0xff, 0x00, 0xff, 0xff, 0x00, 0xff, 0x00, 0x00, 0xff,
        0x00, 0xff, 0xff, 0x00, 0xff, 0x00, 0x00, 0xff, 0x00, 0xff, 0xff, 0x00,
        0xff, 0x00, 0x00, 0xff, 0x00, 0xff, 0xff, 0x00, 0xff, 0x00, 0x00, 0xff,
        0x00, 0xff, 0xff, 0x00, 0xff, 0x00, 0x00, 0xff, 0x00, 0xff, 0xff, 0x00,
        0xff, 0x00, 0x00, 0xff, 0x00, 0xff, 0xff, 0x00, 0x69, 0x96, 0x69, 0x96,
        0x69, 0x96, 0x69, 0x96, 0x69, 0x96, 0x69, 0x96, 0x69, 0x96, 0x69, 0x96,
        0x69, 0x96, 0x69, 0x96, 0x69, 0x96, 0x69, 0x96, 0x69, 0x96, 0x69, 0x96,
        0x69, 0x96, 0x69, 0x96, 0x69, 0x96, 0x69, 0x96, 0x69, 0x96, 0x69, 0x96,
        0x69, 0x96, 0x69, 0x96, 0x69, 0x96, 0x69, 0x96, 0x69, 0x96, 0x69, 0x96,
        0x69, 0x96, 0x69, 0x96, 0x69, 0x96, 0x69, 0x96, 0x69, 0x96, 0x69, 0x96,
        0x69, 0x96, 0x69, 0x96, 0x69, 0x96, 0x69, 0x96, 0x69, 0x96, 0x69, 0x96,
        0x69, 0x96, 0x69, 0x96, 0xff, 0x00, 0x00, 0xff, 0x00, 0xff, 0xff, 0x00,
        0x00, 0xff, 0xff, 0x00, 0xff, 0x00, 0x00, 0xff, 0xff, 0x00, 0x00, 0xff,
        0x00, 0xff, 0xff, 0x00, 0x00, 0xff, 0xff, 0x00, 0xff, 0x00, 0x00, 0xff,
        0xff, 0x00, 0x00, 0xff, 0x00, 0xff, 0xff, 0x00, 0x00, 0xff, 0xff, 0x00,
        0xff, 0x00, 0x00, 0xff, 0xff, 0x00, 0x00, 0xff, 0x00, 0xff, 0xff, 0x00,
        0x00, 0xff, 0xff, 0x00, 0xff, 0x00, 0x00, 0xff, 0xff, 0x00, 0x00, 0xff,
        0x00, 0xff, 0xff, 0x00, 0x00, 0xff, 0xff, 0x00, 0xff, 0x00, 0x00, 0xff,
        0x0f, 0x0f, 0x0f, 0x0f, 0xf0, 0xf0, 0xf0, 0xf0, 0x0f, 0x0f, 0x0f, 0x0f,
        0xf0, 0xf0, 0xf0, 0xf0, 0x0f, 0x0f, 0x0f, 0x0f, 0xf0, 0xf0, 0xf0, 0xf0,
        0x0f, 0x0f, 0x0f, 0x0f, 0xf0, 0xf0, 0xf0, 0xf0, 0x0f, 0x0f, 0x0f, 0x0f,
        0xf0, 0xf0, 0xf0, 0xf0, 0x0f, 0x0f, 0x0f, 0x0f, 0xf0, 0xf0, 0xf0, 0xf0,
        0x0f, 0x0f, 0x0f, 0x0f, 0xf0, 0xf0, 0xf0, 0xf0, 0x0f, 0x0f, 0x0f, 0x0f,
        0xf0, 0xf0, 0xf0, 0xf0, 0x0f, 0x0f, 0x0f, 0x0f, 0xf0, 0xf0, 0xf0, 0xf0,
        0x0f, 0x0f, 0x0f, 0x0f, 0xf0, 0xf0, 0xf0, 0xf0, 0x5a, 0x5a, 0x5a, 0x5a,
        0x5a, 0x5a, 0x5a, 0x5a, 0x5a, 0x5a, 0x5a, 0x5a, 0x5a, 0x5a, 0x5a, 0x5a,
        0x5a, 0x5a, 0x5a, 0x5a, 0x5a, 0x5a, 0x5a, 0x5a, 0x5a, 0x5a, 0x5a, 0x5a,
        0x5a, 0x5a, 0x5a, 0x5a, 0x5a, 0x5a, 0x5a, 0x5a, 0x5a, 0x5a, 0x5a, 0x5a,
        0x5a, 0x5a, 0x5a, 0x5a, 0x5a, 0x5a, 0x5a, 0x5a, 0x5a, 0x5a, 0x5a, 0x5a,
        0x5a, 0x5a, 0x5a, 0x5a, 0x5a, 0x5a, 0x5a, 0x5a, 0x5a, 0x5a, 0x5a, 0x5a,
        0x5a, 0x5a, 0x5a, 0x5a, 0x5a, 0x5a, 0x5a, 0x5a, 0x5a, 0x5a, 0x5a, 0x5a,
        0x5a, 0x5a, 0x5a, 0x5a, 0x76, 0x9a, 0x54, 0xb4, 0xba, 0x56, 0x98, 0x70,
        0x01, 0xed, 0x23, 0x33, 0xdd, 0x11, 0xff, 0x77, 0x66, 0xaa, 0x44, 0x44,
        0xaa, 0x66, 0x88, 0x00, 0x11, 0xdd, 0x33, 0x23, 0xed, 0x01, 0x8f, 0x67,
        0x56, 0xba, 0xb4, 0x54, 0x9a, 0x76, 0xf8, 0x10, 0x21, 0xcd, 0xc3, 0x13,
        0xfd, 0x71, 0x9f, 0x57, 0x46, 0x4a, 0xa4, 0x64, 0x8a, 0x06, 0xe8, 0x20,
        0x31, 0x3d, 0xd3, 0x03, 0x8d, 0x61, 0xaf, 0x47, 0xb6, 0x5a, 0x94, 0x74,
        0xfa, 0x16, 0xd8, 0x30, 0xc1, 0x2d, 0xe3, 0x73, 0x9d, 0x51, 0xbf, 0xb7,
        0x69, 0x96, 0x96, 0x69, 0x69, 0x96, 0x96, 0x69, 0x69, 0x96, 0x96, 0x69,
        0x69, 0x96, 0x96, 0x69, 0x69, 0x96, 0x96, 0x69, 0x69, 0x96, 0x96, 0x69,
        0x69, 0x96, 0x96, 0x69, 0x69, 0x96, 0x96, 0x69, 0x69, 0x96, 0x96, 0x69,
        0x69, 0x96, 0x96, 0x69, 0x69, 0x96, 0x96, 0x69, 0x69, 0x96, 0x96, 0x69,
        0x69, 0x96, 0x96, 0x69, 0x69, 0x96, 0x96, 0x69, 0x69, 0x96, 0x96, 0x69,
        0x69, 0x96, 0x96, 0x69, 0x69, 0x96, 0x96, 0x69, 0x69, 0x96, 0x96, 0x69,
        0x69, 0x96, 0x96, 0x69, 0x69, 0x96, 0x96, 0x69, 0xff, 0xff, 0x00, 0x00,
        0x00, 0x00, 0xff, 0xff, 0xff, 0xff, 0x00, 0x00, 0x00, 0x00, 0xff, 0xff,
        0xff, 0xff, 0x00, 0x00, 0x00, 0x00, 0xff, 0xff, 0xff, 0xff, 0x00, 0x00,
        0x00, 0x00, 0xff, 0xff, 0xff, 0xff, 0x00, 0x00, 0x00, 0x00, 0xff, 0xff,
        0xff, 0xff, 0x00, 0x00, 0x00, 0x00, 0xff, 0xff, 0xff, 0xff, 0x00, 0x00,
        0x00, 0x00, 0xff, 0xff, 0xff, 0xff, 0x00, 0x00, 0x00, 0x00, 0xff, 0xff,
        0xff, 0xff, 0x00, 0x00, 0x00, 0x00, 0xff, 0xff, 0xff, 0xff, 0x00, 0x00,
        0x00, 0x00, 0xff, 0xff, 0x99, 0x66, 0x66, 0x99, 0x99, 0x66, 0x66, 0x99,
        0x99, 0x66, 0x66, 0x99, 0x99, 0x66, 0x66, 0x99, 0x99, 0x66, 0x66, 0x99,
        0x99, 0x66, 0x66, 0x99, 0x99, 0x66, 0x66, 0x99, 0x99, 0x66, 0x66, 0x99,
        0x99, 0x66, 0x66, 0x99, 0x99, 0x66, 0x66, 0x99, 0x99, 0x66, 0x66, 0x99,
        0x99, 0x66, 0x66, 0x99, 0x99, 0x66, 0x66, 0x99, 0x99, 0x66, 0x66, 0x99,
        0x99, 0x66, 0x66, 0x99, 0x99, 0x66, 0x66, 0x99, 0x99, 0x66, 0x66, 0x99,
        0x99, 0x66, 0x66, 0x99, 0x99, 0x66, 0x66, 0x99, 0x99, 0x66, 0x66, 0x99,
        0x94, 0x78, 0xb6, 0x5e, 0xaf, 0x43, 0x8d, 0x6d, 0x1c, 0xf0, 0x3e, 0xd6,
        0x27, 0xcb, 0x05, 0x95, 0x84, 0x48, 0xa6, 0xae, 0xbf, 0x73, 0x9d, 0x1d,
        0x0c, 0xc0, 0x2e, 0x26, 0x37, 0xfb, 0x15, 0x85, 0xb4, 0x58, 0x56, 0xbe,
        0x8f, 0x63, 0xed, 0x0d, 0x3c, 0xd0, 0xde, 0x36, 0x07, 0xeb, 0x65, 0xb5,
        0xa4, 0xa8, 0x46, 0x8e, 0x9f, 0x13, 0xfd, 0x3d, 0x2c, 0x20, 0xce, 0x06,
        0x17, 0x9b, 0x75, 0xa5, 0x54, 0xb8, 0x76, 0x9e, 0xef, 0x03, 0xcd, 0x2d,
        0xdc, 0x30, 0xfe, 0x16, 0x67, 0x8b, 0x45, 0x55, 0xaa, 0xaa, 0x55, 0x55,
        0xaa, 0xaa, 0x55, 0x55, 0x55, 0x55, 0xaa, 0xaa, 0x55, 0x55, 0xaa, 0xaa,
        0xaa, 0xaa, 0x55, 0x55, 0xaa, 0xaa, 0x55, 0x55, 0x55, 0x55, 0xaa, 0xaa,
        0x55, 0x55, 0xaa, 0xaa, 0xaa, 0xaa, 0x55, 0x55, 0xaa, 0xaa, 0x55, 0x55,
        0x55, 0x55, 0xaa, 0xaa, 0x55, 0x55, 0xaa, 0xaa, 0xaa, 0xaa, 0x55, 0x55,
        0xaa, 0xaa, 0x55, 0x55, 0x55, 0x55, 0xaa, 0xaa, 0x55, 0x55, 0xaa, 0xaa,
        0xaa, 0xaa, 0x55, 0x55, 0xaa, 0xaa, 0x55, 0x55, 0x55, 0x55, 0xaa, 0xaa,
        0x55, 0x55, 0xaa, 0xaa, 0xa5, 0x5a, 0xa5, 0x5a, 0xa5, 0x5a, 0xa5, 0x5a,
        0xa5, 0x5a, 0xa5, 0x5a, 0xa5, 0x5a, 0xa5, 0x5a, 0xa5, 0x5a, 0xa5, 0x5a,
        0xa5, 0x5a, 0xa5, 0x5a, 0xa5, 0x5a, 0xa5, 0x5a, 0xa5, 0x5a, 0xa5, 0x5a,
        0xa5, 0x5a, 0xa5, 0x5a, 0xa5, 0x5a, 0xa5, 0x5a, 0xa5, 0x5a, 0xa5, 0x5a,
        0xa5, 0x5a, 0xa5, 0x5a, 0xa5, 0x5a, 0xa5, 0x5a, 0xa5, 0x5a, 0xa5, 0x5a,
        0xa5, 0x5a, 0xa5, 0x5a, 0xa5, 0x5a, 0xa5, 0x5a, 0xa5, 0x5a, 0xa5, 0x5a,
        0xa5, 0x5a, 0xa5, 0x5a, 0xa5, 0x5a, 0xa5, 0x5a, 0xa5, 0x5a, 0xa5, 0x5a,
        0x66, 0x66, 0x66, 0x66, 0x99, 0x99, 0x99, 0x99, 0x99, 0x99, 0x99, 0x99,
        0x66, 0x66, 0x66, 0x66, 0x66, 0x66, 0x66, 0x66, 0x99, 0x99, 0x99, 0x99,
        0x99, 0x99, 0x99, 0x99, 0x66, 0x66, 0x66, 0x66, 0x66, 0x66, 0x66, 0x66,
        0x99, 0x99, 0x99, 0x99, 0x99, 0x99, 0x99, 0x99, 0x66, 0x66, 0x66, 0x66,
        0x66, 0x66, 0x66, 0x66, 0x99, 0x99, 0x99, 0x99, 0x99, 0x99, 0x99, 0x99,
        0x66, 0x66, 0x66, 0x66, 0x66, 0x66, 0x66, 0x66, 0x99, 0x99, 0x99, 0x99,
        0x99, 0x99, 0x99, 0x99, 0x66, 0x66, 0x66, 0x66, 0xff, 0x00, 0xff, 0x00,
        0xff, 0x00, 0xff, 0x00, 0xff, 0x00, 0xff, 0x00, 0xff, 0x00, 0xff, 0x00,
        0xff, 0x00, 0xff, 0x00, 0xff, 0x00, 0xff, 0x00, 0xff, 0x00, 0xff, 0x00,
        0xff, 0x00, 0xff, 0x00, 0xff, 0x00, 0xff, 0x00, 0xff, 0x00, 0xff, 0x00,
        0xff, 0x00, 0xff, 0x00, 0xff, 0x00, 0xff, 0x00, 0xff, 0x00, 0xff, 0x00,
        0xff, 0x00, 0xff, 0x00, 0xff, 0x00, 0xff, 0x00, 0xff, 0x00, 0xff, 0x00,
        0xff, 0x00, 0xff, 0x00, 0xff, 0x00, 0xff, 0x00, 0xff, 0x00, 0xff, 0x00,
        0xff, 0x00, 0xff, 0x00, 0x69, 0x96, 0x69, 0x96, 0x69, 0x96, 0x69, 0x96,
        0x69, 0x96, 0x69, 0x96, 0x69, 0x96, 0x69, 0x96, 0x69, 0x96, 0x69, 0x96,
        0x69, 0x96, 0x69, 0x96, 0x69, 0x96, 0x69, 0x96, 0x69, 0x96, 0x69, 0x96,
        0x69, 0x96, 0x69, 0x96, 0x69, 0x96, 0x69, 0x96, 0x69, 0x96, 0x69, 0x96,
        0x69, 0x96, 0x69, 0x96, 0x69, 0x96, 0x69, 0x96, 0x69, 0x96, 0x69, 0x96,
        0x69, 0x96, 0x69, 0x96, 0x69, 0x96, 0x69, 0x96, 0x69, 0x96, 0x69, 0x96,
        0x69, 0x96, 0x69, 0x96, 0x69, 0x96, 0x69, 0x96, 0x69, 0x96, 0x69, 0x96,
        0xcc, 0xcc, 0xcc, 0xcc, 0xcc, 0xcc, 0xcc, 0xcc, 0x33, 0x33, 0x33, 0x33,
        0x33, 0x33, 0x33, 0x33, 0xcc, 0xcc, 0xcc, 0xcc, 0xcc, 0xcc, 0xcc, 0xcc,
        0x33, 0x33, 0x33, 0x33, 0x33, 0x33, 0x33, 0x33, 0xcc, 0xcc, 0xcc, 0xcc,
        0xcc, 0xcc, 0xcc, 0xcc, 0x33, 0x33, 0x33, 0x33, 0x33, 0x33, 0x33, 0x33,
        0xcc, 0xcc, 0xcc, 0xcc, 0xcc, 0xcc, 0xcc, 0xcc, 0x33, 0x33, 0x33, 0x33,
        0x33, 0x33, 0x33, 0x33, 0xcc, 0xcc, 0xcc, 0xcc, 0xcc, 0xcc, 0xcc, 0xcc,
        0x33, 0x33, 0x33, 0x33, 0x33, 0x33, 0x33, 0x33, 0x96, 0x69, 0x96, 0x69,
        0x96, 0x69, 0x96, 0x69, 0x69, 0x96, 0x69, 0x96, 0x69, 0x96, 0x69, 0x96,
        0x96, 0x69, 0x96, 0x69, 0x96, 0x69, 0x96, 0x69, 0x69, 0x96, 0x69, 0x96,
        0x69, 0x96, 0x69, 0x96, 0x96, 0x69, 0x96, 0x69, 0x96, 0x69, 0x96, 0x69,
        0x69, 0x96, 0x69, 0x96, 0x69, 0x96, 0x69, 0x96, 0x96, 0x69, 0x96, 0x69,
        0x96, 0x69, 0x96, 0x69, 0x69, 0x96, 0x69, 0x96, 0x69, 0x96, 0x69, 0x96,
        0x96, 0x69, 0x96, 0x69, 0x96, 0x69, 0x96, 0x69, 0x69, 0x96, 0x69, 0x96,
        0x69, 0x96, 0x69, 0x96, 0xf0, 0x0f, 0xf0, 0x0f, 0xf0, 0x0f, 0xf0, 0x0f,
        0x0f, 0xf0, 0x0f, 0xf0, 0x0f, 0xf0, 0x0f, 0xf0, 0xf0, 0x0f, 0xf0, 0x0f,
        0xf0, 0x0f, 0xf0, 0x0f, 0x0f, 0xf0, 0x0f, 0xf0, 0x0f, 0xf0, 0x0f, 0xf0,
        0xf0, 0x0f, 0xf0, 0x0f, 0xf0, 0x0f, 0xf0, 0x0f, 0x0f, 0xf0, 0x0f, 0xf0,
        0x0f, 0xf0, 0x0f, 0xf0, 0xf0, 0x0f, 0xf0, 0x0f, 0xf0, 0x0f, 0xf0, 0x0f,
        0x0f, 0xf0, 0x0f, 0xf0, 0x0f, 0xf0, 0x0f, 0xf0, 0xf0, 0x0f, 0xf0, 0x0f,
        0xf0, 0x0f, 0xf0, 0x0f, 0x0f, 0xf0, 0x0f, 0xf0, 0x0f, 0xf0, 0x0f, 0xf0,
        0xff, 0x00, 0xff, 0x00, 0xff, 0x00, 0xff, 0x00, 0x00, 0xff, 0x00, 0xff,
        0x00, 0xff, 0x00, 0xff, 0xff, 0x00, 0xff, 0x00, 0xff, 0x00, 0xff, 0x00,
        0x00, 0xff, 0x00, 0xff, 0x00, 0xff, 0x00, 0xff, 0xff, 0x00, 0xff, 0x00,
        0xff, 0x00, 0xff, 0x00, 0x00, 0xff, 0x00, 0xff, 0x00, 0xff, 0x00, 0xff,
        0xff, 0x00, 0xff, 0x00, 0xff, 0x00, 0xff, 0x00, 0x00, 0xff, 0x00, 0xff,
        0x00, 0xff, 0x00, 0xff, 0xff, 0x00, 0xff, 0x00, 0xff, 0x00, 0xff, 0x00,
        0x00, 0xff, 0x00, 0xff, 0x00, 0xff, 0x00, 0xff, 0x3c, 0x3c, 0x3c, 0x3c,
        0xc3, 0xc3, 0xc3, 0xc3, 0x3c, 0x3c, 0x3c, 0x3c, 0xc3, 0xc3, 0xc3, 0xc3,
        0x3c, 0x3c, 0x3c, 0x3c, 0xc3, 0xc3, 0xc3, 0xc3, 0x3c, 0x3c, 0x3c, 0x3c,
        0xc3, 0xc3, 0xc3, 0xc3, 0x3c, 0x3c, 0x3c, 0x3c, 0xc3, 0xc3, 0xc3, 0xc3,
        0x3c, 0x3c, 0x3c, 0x3c, 0xc3, 0xc3, 0xc3, 0xc3, 0x3c, 0x3c, 0x3c, 0x3c,
        0xc3, 0xc3, 0xc3, 0xc3, 0x3c, 0x3c, 0x3c, 0x3c, 0xc3, 0xc3, 0xc3, 0xc3,
        0x3c, 0x3c, 0x3c, 0x3c, 0xc3, 0xc3, 0xc3, 0xc3, 0x3c, 0x3c, 0x3c, 0x3c,
        0xc3, 0xc3, 0xc3, 0xc3, 0x96, 0x69, 0x96, 0x69, 0x96, 0x69, 0x96, 0x69,
        0x96, 0x69, 0x96, 0x69, 0x96, 0x69, 0x96, 0x69, 0x96, 0x69, 0x96, 0x69,
        0x96, 0x69, 0x96, 0x69, 0x96, 0x69, 0x96, 0x69, 0x96, 0x69, 0x96, 0x69,
        0x96, 0x69, 0x96, 0x69, 0x96, 0x69, 0x96, 0x69, 0x96, 0x69, 0x96, 0x69,
        0x96, 0x69, 0x96, 0x69, 0x96, 0x69, 0x96, 0x69, 0x96, 0x69, 0x96, 0x69,
        0x96, 0x69, 0x96, 0x69, 0x96, 0x69, 0x96, 0x69, 0x96, 0x69, 0x96, 0x69,
        0x96, 0x69, 0x96, 0x69, 0x96, 0x69, 0x96, 0x69, 0x96, 0x69, 0x96, 0x69,
        0xaa, 0xaa, 0x55, 0x55, 0x55, 0x55, 0xaa, 0xaa, 0xaa, 0xaa, 0x55, 0x55,
        0x55, 0x55, 0xaa, 0xaa, 0xaa, 0xaa, 0x55, 0x55, 0x55, 0x55, 0xaa, 0xaa,
        0xaa, 0xaa, 0x55, 0x55, 0x55, 0x55, 0xaa, 0xaa, 0xaa, 0xaa, 0x55, 0x55,
        0x55, 0x55, 0xaa, 0xaa, 0xaa, 0xaa, 0x55, 0x55, 0x55, 0x55, 0xaa, 0xaa,
        0xaa, 0xaa, 0x55, 0x55, 0x55, 0x55, 0xaa, 0xaa, 0xaa, 0xaa, 0x55, 0x55,
        0x55, 0x55, 0xaa, 0xaa, 0xaa, 0xaa, 0x55, 0x55, 0x55, 0x55, 0xaa, 0xaa,
        0xaa, 0xaa, 0x55, 0x55, 0x55, 0x55, 0xaa, 0xaa, 0x96, 0x96, 0x96, 0x96,
        0x96, 0x96, 0x96, 0x96, 0x69, 0x69, 0x69, 0x69, 0x69, 0x69, 0x69, 0x69,
        0x96, 0x96, 0x96, 0x96, 0x96, 0x96, 0x96, 0x96, 0x69, 0x69, 0x69, 0x69,
        0x69, 0x69, 0x69, 0x69, 0x96, 0x96, 0x96, 0x96, 0x96, 0x96, 0x96, 0x96,
        0x69, 0x69, 0x69, 0x69, 0x69, 0x69, 0x69, 0x69, 0x96, 0x96, 0x96, 0x96,
        0x96, 0x96, 0x96, 0x96, 0x69, 0x69, 0x69, 0x69, 0x69, 0x69, 0x69, 0x69,
        0x96, 0x96, 0x96, 0x96, 0x96, 0x96, 0x96, 0x96, 0x69, 0x69, 0x69, 0x69,
        0x69, 0x69, 0x69, 0x69, 0x96, 0x96, 0x69, 0x69, 0x69, 0x69, 0x96, 0x96,
        0x96, 0x96, 0x69, 0x69, 0x69, 0x69, 0x96, 0x96, 0x96, 0x96, 0x69, 0x69,
        0x69, 0x69, 0x96, 0x96, 0x96, 0x96, 0x69, 0x69, 0x69, 0x69, 0x96, 0x96,
        0x96, 0x96, 0x69, 0x69, 0x69, 0x69, 0x96, 0x96, 0x96, 0x96, 0x69, 0x69,
        0x69, 0x69, 0x96, 0x96, 0x96, 0x96, 0x69, 0x69, 0x69, 0x69, 0x96, 0x96,
        0x96, 0x96, 0x69, 0x69, 0x69, 0x69, 0x96, 0x96, 0x96, 0x96, 0x69, 0x69,
        0x69, 0x69, 0x96, 0x96, 0x96, 0x96, 0x69, 0x69, 0x69, 0x69, 0x96, 0x96,
        0xc3, 0x3c, 0xc3, 0x3c, 0xc3, 0x3c, 0xc3, 0x3c, 0x3c, 0xc3, 0x3c, 0xc3,
        0x3c, 0xc3, 0x3c, 0xc3, 0xc3, 0x3c, 0xc3, 0x3c, 0xc3, 0x3c, 0xc3, 0x3c,
        0x3c, 0xc3, 0x3c, 0xc3, 0x3c, 0xc3, 0x3c, 0xc3, 0xc3, 0x3c, 0xc3, 0x3c,
        0xc3, 0x3c, 0xc3, 0x3c, 0x3c, 0xc3, 0x3c, 0xc3, 0x3c, 0xc3, 0x3c, 0xc3,
        0xc3, 0x3c, 0xc3, 0x3c, 0xc3, 0x3c, 0xc3, 0x3c, 0x3c, 0xc3, 0x3c, 0xc3,
        0x3c, 0xc3, 0x3c, 0xc3, 0xc3, 0x3c, 0xc3, 0x3c, 0xc3, 0x3c, 0xc3, 0x3c,
        0x3c, 0xc3, 0x3c, 0xc3, 0x3c, 0xc3, 0x3c, 0xc3, 0xa5, 0x5a, 0xa5, 0x5a,
        0x5a, 0xa5, 0x5a, 0xa5, 0xa5, 0x5a, 0xa5, 0x5a, 0x5a, 0xa5, 0x5a, 0xa5,
        0xa5, 0x5a, 0xa5, 0x5a, 0x5a, 0xa5, 0x5a, 0xa5, 0xa5, 0x5a, 0xa5, 0x5a,
        0x5a, 0xa5, 0x5a, 0xa5, 0xa5, 0x5a, 0xa5, 0x5a, 0x5a, 0xa5, 0x5a, 0xa5,
        0xa5, 0x5a, 0xa5, 0x5a, 0x5a, 0xa5, 0x5a, 0xa5, 0xa5, 0x5a, 0xa5, 0x5a,
        0x5a, 0xa5, 0x5a, 0xa5, 0xa5, 0x5a, 0xa5, 0x5a, 0x5a, 0xa5, 0x5a, 0xa5,
        0xa5, 0x5a, 0xa5, 0x5a, 0x5a, 0xa5, 0x5a, 0xa5, 0xa5, 0x5a, 0xa5, 0x5a,
        0x5a, 0xa5, 0x5a, 0xa5, 0x69, 0x69, 0x96, 0x96, 0x96, 0x96, 0x69, 0x69,
        0x96, 0x96, 0x69, 0x69, 0x69, 0x69, 0x96, 0x96, 0x69, 0x69, 0x96, 0x96,
        0x96, 0x96, 0x69, 0x69, 0x96, 0x96, 0x69, 0x69, 0x69, 0x69, 0x96, 0x96,
        0x69, 0x69, 0x96, 0x96, 0x96, 0x96, 0x69, 0x69, 0x96, 0x96, 0x69, 0x69,
        0x69, 0x69, 0x96, 0x96, 0x69, 0x69, 0x96, 0x96, 0x96, 0x96, 0x69, 0x69,
        0x96, 0x96, 0x69, 0x69, 0x69, 0x69, 0x96, 0x96, 0x69, 0x69, 0x96, 0x96,
        0x96, 0x96, 0x69, 0x69, 0x96, 0x96, 0x69, 0x69, 0x69, 0x69, 0x96, 0x96,
        0x00, 0xff, 0x00, 0xff, 0xff, 0x00, 0xff, 0x00, 0xff, 0x00, 0xff, 0x00,
        0x00, 0xff, 0x00, 0xff, 0x00, 0xff, 0x00, 0xff, 0xff, 0x00, 0xff, 0x00,
        0xff, 0x00, 0xff, 0x00, 0x00, 0xff, 0x00, 0xff, 0x00, 0xff, 0x00, 0xff,
        0xff, 0x00, 0xff, 0x00, 0xff, 0x00, 0xff, 0x00, 0x00, 0xff, 0x00, 0xff,
        0x00, 0xff, 0x00, 0xff, 0xff, 0x00, 0xff, 0x00, 0xff, 0x00, 0xff, 0x00,
        0x00, 0xff, 0x00, 0xff, 0x00, 0xff, 0x00, 0xff, 0xff, 0x00, 0xff, 0x00,
        0xff, 0x00, 0xff, 0x00, 0x00, 0xff, 0x00, 0xff, 0x5a, 0xa5, 0xa5, 0x5a,
        0x5a, 0xa5, 0xa5, 0x5a, 0x5a, 0xa5, 0xa5, 0x5a, 0x5a, 0xa5, 0xa5, 0x5a,
        0x5a, 0xa5, 0xa5, 0x5a, 0x5a, 0xa5, 0xa5, 0x5a, 0x5a, 0xa5, 0xa5, 0x5a,
        0x5a, 0xa5, 0xa5, 0x5a, 0x5a, 0xa5, 0xa5, 0x5a, 0x5a, 0xa5, 0xa5, 0x5a,
        0x5a, 0xa5, 0xa5, 0x5a, 0x5a, 0xa5, 0xa5, 0x5a, 0x5a, 0xa5, 0xa5, 0x5a,
        0x5a, 0xa5, 0xa5, 0x5a, 0x5a, 0xa5, 0xa5, 0x5a, 0x5a, 0xa5, 0xa5, 0x5a,
        0x5a, 0xa5, 0xa5, 0x5a, 0x5a, 0xa5, 0xa5, 0x5a, 0x5a, 0xa5, 0xa5, 0x5a,
        0x5a, 0xa5, 0xa5, 0x5a, 0x3c, 0xc3, 0x3c, 0xc3, 0xc3, 0x3c, 0xc3, 0x3c,
        0xc3, 0x3c, 0xc3, 0x3c, 0x3c, 0xc3, 0x3c, 0xc3, 0x3c, 0xc3, 0x3c, 0xc3,
        0xc3, 0x3c, 0xc3, 0x3c, 0xc3, 0x3c, 0xc3, 0x3c, 0x3c, 0xc3, 0x3c, 0xc3,
        0x3c, 0xc3, 0x3c, 0xc3, 0xc3, 0x3c, 0xc3, 0x3c, 0xc3, 0x3c, 0xc3, 0x3c,
        0x3c, 0xc3, 0x3c, 0xc3, 0x3c, 0xc3, 0x3c, 0xc3, 0xc3, 0x3c, 0xc3, 0x3c,
        0xc3, 0x3c, 0xc3, 0x3c, 0x3c, 0xc3, 0x3c, 0xc3, 0x3c, 0xc3, 0x3c, 0xc3,
        0xc3, 0x3c, 0xc3, 0x3c, 0xc3, 0x3c, 0xc3, 0x3c, 0x3c, 0xc3, 0x3c, 0xc3,
        0x99, 0x99, 0x99, 0x99, 0x99, 0x99, 0x99, 0x99, 0x66, 0x66, 0x66, 0x66,
        0x66, 0x66, 0x66, 0x66, 0x99, 0x99, 0x99, 0x99, 0x99, 0x99, 0x99, 0x99,
        0x66, 0x66, 0x66, 0x66, 0x66, 0x66, 0x66, 0x66, 0x99, 0x99, 0x99, 0x99,
        0x99, 0x99, 0x99, 0x99, 0x66, 0x66, 0x66, 0x66, 0x66, 0x66, 0x66, 0x66,
        0x99, 0x99, 0x99, 0x99, 0x99, 0x99, 0x99, 0x99, 0x66, 0x66, 0x66, 0x66,
        0x66, 0x66, 0x66, 0x66, 0x99, 0x99, 0x99, 0x99, 0x99, 0x99, 0x99, 0x99,
        0x66, 0x66, 0x66, 0x66, 0x66, 0x66, 0x66, 0x66, 0x66, 0x99, 0x99, 0x66,
        0x66, 0x99, 0x99, 0x66, 0x99, 0x66, 0x66, 0x99, 0x99, 0x66, 0x66, 0x99,
        0x66, 0x99, 0x99, 0x66, 0x66, 0x99, 0x99, 0x66, 0x99, 0x66, 0x66, 0x99,
        0x99, 0x66, 0x66, 0x99, 0x66, 0x99, 0x99, 0x66, 0x66, 0x99, 0x99, 0x66,
        0x99, 0x66, 0x66, 0x99, 0x99, 0x66, 0x66, 0x99, 0x66, 0x99, 0x99, 0x66,
        0x66, 0x99, 0x99, 0x66, 0x99, 0x66, 0x66, 0x99, 0x99, 0x66, 0x66, 0x99,
        0x66, 0x99, 0x99, 0x66, 0x66, 0x99, 0x99, 0x66, 0x99, 0x66, 0x66, 0x99,
        0x99, 0x66, 0x66, 0x99, 0xc3, 0xc3, 0x3c, 0x3c, 0x3c, 0x3c, 0xc3, 0xc3,
        0x3c, 0x3c, 0xc3, 0xc3, 0xc3, 0xc3, 0x3c, 0x3c, 0xc3, 0xc3, 0x3c, 0x3c,
        0x3c, 0x3c, 0xc3, 0xc3, 0x3c, 0x3c, 0xc3, 0xc3, 0xc3, 0xc3, 0x3c, 0x3c,
        0xc3, 0xc3, 0x3c, 0x3c, 0x3c, 0x3c, 0xc3, 0xc3, 0x3c, 0x3c, 0xc3, 0xc3,
        0xc3, 0xc3, 0x3c, 0x3c, 0xc3, 0xc3, 0x3c, 0x3c, 0x3c, 0x3c, 0xc3, 0xc3,
        0x3c, 0x3c, 0xc3, 0xc3, 0xc3, 0xc3, 0x3c, 0x3c, 0xc3, 0xc3, 0x3c, 0x3c,
        0x3c, 0x3c, 0xc3, 0xc3, 0x3c, 0x3c, 0xc3, 0xc3, 0xc3, 0xc3, 0x3c, 0x3c,
        0x5a, 0xa5, 0xa5, 0x5a, 0x5a, 0xa5, 0xa5, 0x5a, 0x5a, 0xa5, 0xa5, 0x5a,
        0x5a, 0xa5, 0xa5, 0x5a, 0x5a, 0xa5, 0xa5, 0x5a, 0x5a, 0xa5, 0xa5, 0x5a,
        0x5a, 0xa5, 0xa5, 0x5a, 0x5a, 0xa5, 0xa5, 0x5a, 0x5a, 0xa5, 0xa5, 0x5a,
        0x5a, 0xa5, 0xa5, 0x5a, 0x5a, 0xa5, 0xa5, 0x5a, 0x5a, 0xa5, 0xa5, 0x5a,
        0x5a, 0xa5, 0xa5, 0x5a, 0x5a, 0xa5, 0xa5, 0x5a, 0x5a, 0xa5, 0xa5, 0x5a,
        0x5a, 0xa5, 0xa5, 0x5a, 0x5a, 0xa5, 0xa5, 0x5a, 0x5a, 0xa5, 0xa5, 0x5a,
        0x5a, 0xa5, 0xa5, 0x5a, 0x5a, 0xa5, 0xa5, 0x5a, 0x66, 0x99, 0x66, 0x99,
        0x99, 0x66, 0x99, 0x66, 0x99, 0x66, 0x99, 0x66, 0x66, 0x99, 0x66, 0x99,
        0x66, 0x99, 0x66, 0x99, 0x99, 0x66, 0x99, 0x66, 0x99, 0x66, 0x99, 0x66,
        0x66, 0x99, 0x66, 0x99, 0x66, 0x99, 0x66, 0x99, 0x99, 0x66, 0x99, 0x66,
        0x99, 0x66, 0x99, 0x66, 0x66, 0x99, 0x66, 0x99, 0x66, 0x99, 0x66, 0x99,
        0x99, 0x66, 0x99, 0x66, 0x99, 0x66, 0x99, 0x66, 0x66, 0x99, 0x66, 0x99,
        0x66, 0x99, 0x66, 0x99, 0x99, 0x66, 0x99, 0x66, 0x99, 0x66, 0x99, 0x66,
        0x66, 0x99, 0x66, 0x99, 0x96, 0x96, 0x69, 0x69, 0x69, 0x69, 0x96, 0x96,
        0x69, 0x69, 0x96, 0x96, 0x96, 0x96, 0x69, 0x69, 0x96, 0x96, 0x69, 0x69,
        0x69, 0x69, 0x96, 0x96, 0x69, 0x69, 0x96, 0x96, 0x96, 0x96, 0x69, 0x69,
        0x96, 0x96, 0x69, 0x69, 0x69, 0x69, 0x96, 0x96, 0x69, 0x69, 0x96, 0x96,
        0x96, 0x96, 0x69, 0x69, 0x96, 0x96, 0x69, 0x69, 0x69, 0x69, 0x96, 0x96,
        0x69, 0x69, 0x96, 0x96, 0x96, 0x96, 0x69, 0x69, 0x96, 0x96, 0x69, 0x69,
        0x69, 0x69, 0x96, 0x96, 0x69, 0x69, 0x96, 0x96, 0x96, 0x96, 0x69, 0x69,
        0x3c, 0x3c, 0x3c, 0x3c, 0xc3, 0xc3, 0xc3, 0xc3, 0xc3, 0xc3, 0xc3, 0xc3,
        0x3c, 0x3c, 0x3c, 0x3c, 0x3c, 0x3c, 0x3c, 0x3c, 0xc3, 0xc3, 0xc3, 0xc3,
        0xc3, 0xc3, 0xc3, 0xc3, 0x3c, 0x3c, 0x3c, 0x3c, 0x3c, 0x3c, 0x3c, 0x3c,
        0xc3, 0xc3, 0xc3, 0xc3, 0xc3, 0xc3, 0xc3, 0xc3, 0x3c, 0x3c, 0x3c, 0x3c,
        0x3c, 0x3c, 0x3c, 0x3c, 0xc3, 0xc3, 0xc3, 0xc3, 0xc3, 0xc3, 0xc3, 0xc3,
        0x3c, 0x3c, 0x3c, 0x3c, 0x3c, 0x3c, 0x3c, 0x3c, 0xc3, 0xc3, 0xc3, 0xc3,
        0xc3, 0xc3, 0xc3, 0xc3, 0x3c, 0x3c, 0x3c, 0x3c, 0x33, 0x33, 0xcc, 0xcc,
        0x33, 0x33, 0xcc, 0xcc, 0xcc, 0xcc, 0x33, 0x33, 0xcc, 0xcc, 0x33, 0x33,
        0x33, 0x33, 0xcc, 0xcc, 0x33, 0x33, 0xcc, 0xcc, 0xcc, 0xcc, 0x33, 0x33,
        0xcc, 0xcc, 0x33, 0x33, 0x33, 0x33, 0xcc, 0xcc, 0x33, 0x33, 0xcc, 0xcc,
        0xcc, 0xcc, 0x33, 0x33, 0xcc, 0xcc, 0x33, 0x33, 0x33, 0x33, 0xcc, 0xcc,
        0x33, 0x33, 0xcc, 0xcc, 0xcc, 0xcc, 0x33, 0x33, 0xcc, 0xcc, 0x33, 0x33,
        0x33, 0x33, 0xcc, 0xcc, 0x33, 0x33, 0xcc, 0xcc, 0xcc, 0xcc, 0x33, 0x33,
        0xcc, 0xcc, 0x33, 0x33, 0x66, 0x99, 0x99, 0x66, 0x99, 0x66, 0x66, 0x99,
        0x66, 0x99, 0x99, 0x66, 0x99, 0x66, 0x66, 0x99, 0x66, 0x99, 0x99, 0x66,
        0x99, 0x66, 0x66, 0x99, 0x66, 0x99, 0x99, 0x66, 0x99, 0x66, 0x66, 0x99,
        0x66, 0x99, 0x99, 0x66, 0x99, 0x66, 0x66, 0x99, 0x66, 0x99, 0x99, 0x66,
        0x99, 0x66, 0x66, 0x99, 0x66, 0x99, 0x99, 0x66, 0x99, 0x66, 0x66, 0x99,
        0x66, 0x99, 0x99, 0x66, 0x99, 0x66, 0x66, 0x99, 0x66, 0x99, 0x99, 0x66,
        0x99, 0x66, 0x66, 0x99, 0x66, 0x99, 0x99, 0x66, 0x99, 0x66, 0x66, 0x99,
        0x66, 0x99, 0x66, 0x99, 0x66, 0x99, 0x66, 0x99, 0x66, 0x99, 0x66, 0x99,
        0x66, 0x99, 0x66, 0x99, 0x66, 0x99, 0x66, 0x99, 0x66, 0x99, 0x66, 0x99,
        0x66, 0x99, 0x66, 0x99, 0x66, 0x99, 0x66, 0x99, 0x66, 0x99, 0x66, 0x99,
        0x66, 0x99, 0x66, 0x99, 0x66, 0x99, 0x66, 0x99, 0x66, 0x99, 0x66, 0x99,
        0x66, 0x99, 0x66, 0x99, 0x66, 0x99, 0x66, 0x99, 0x66, 0x99, 0x66, 0x99,
        0x66, 0x99, 0x66, 0x99, 0x66, 0x99, 0x66, 0x99, 0x66, 0x99, 0x66, 0x99,
        0x66, 0x99, 0x66, 0x99, 0x66, 0x99, 0x66, 0x99, 0x99, 0x66, 0x66, 0x99,
        0x99, 0x66, 0x66, 0x99, 0x99, 0x66, 0x66, 0x99, 0x99, 0x66, 0x66, 0x99,
        0x99, 0x66, 0x66, 0x99, 0x99, 0x66, 0x66, 0x99, 0x99, 0x66, 0x66, 0x99,
        0x99, 0x66, 0x66, 0x99, 0x99, 0x66, 0x66, 0x99, 0x99, 0x66, 0x66, 0x99,
        0x99, 0x66, 0x66, 0x99, 0x99, 0x66, 0x66, 0x99, 0x99, 0x66, 0x66, 0x99,
        0x99, 0x66, 0x66, 0x99, 0x99, 0x66, 0x66, 0x99, 0x99, 0x66, 0x66, 0x99,
        0x99, 0x66, 0x66, 0x99, 0x99, 0x66, 0x66, 0x99, 0x99, 0x66, 0x66, 0x99,
        0x99, 0x66, 0x66, 0x99, 0x96, 0x69, 0x69, 0x96, 0x69, 0x96, 0x96, 0x69,
        0x96, 0x69, 0x69, 0x96, 0x69, 0x96, 0x96, 0x69, 0x96, 0x69, 0x69, 0x96,
        0x69, 0x96, 0x96, 0x69, 0x96, 0x69, 0x69, 0x96, 0x69, 0x96, 0x96, 0x69,
        0x96, 0x69, 0x69, 0x96, 0x69, 0x96, 0x96, 0x69, 0x96, 0x69, 0x69, 0x96,
        0x69, 0x96, 0x96, 0x69, 0x96, 0x69, 0x69, 0x96, 0x69, 0x96, 0x96, 0x69,
        0x96, 0x69, 0x69, 0x96, 0x69, 0x96, 0x96, 0x69, 0x96, 0x69, 0x69, 0x96,
        0x69, 0x96, 0x96, 0x69, 0x96, 0x69, 0x69, 0x96, 0x69, 0x96, 0x96, 0x69,
        0xff, 0x00, 0x00, 0xff, 0x00, 0xff, 0xff, 0x00, 0xff, 0x00, 0x00, 0xff,
        0x00, 0xff, 0xff, 0x00, 0xff, 0x00, 0x00, 0xff, 0x00, 0xff, 0xff, 0x00,
        0xff, 0x00, 0x00, 0xff, 0x00, 0xff, 0xff, 0x00, 0xff, 0x00, 0x00, 0xff,
        0x00, 0xff, 0xff, 0x00, 0xff, 0x00, 0x00, 0xff, 0x00, 0xff, 0xff, 0x00,
        0xff, 0x00, 0x00, 0xff, 0x00, 0xff, 0xff, 0x00, 0xff, 0x00, 0x00, 0xff,
        0x00, 0xff, 0xff, 0x00, 0xff, 0x00, 0x00, 0xff, 0x00, 0xff, 0xff, 0x00,
        0xff, 0x00, 0x00, 0xff, 0x00, 0xff, 0xff, 0x00, 0x96, 0x96, 0x96, 0x96,
        0x96, 0x96, 0x96, 0x96, 0x96, 0x96, 0x96, 0x96, 0x96, 0x96, 0x96, 0x96,
        0x96, 0x96, 0x96, 0x96, 0x96, 0x96, 0x96, 0x96, 0x96, 0x96, 0x96, 0x96,
        0x96, 0x96, 0x96, 0x96, 0x96, 0x96, 0x96, 0x96, 0x96, 0x96, 0x96, 0x96,
        0x96, 0x96, 0x96, 0x96, 0x96, 0x96, 0x96, 0x96, 0x96, 0x96, 0x96, 0x96,
        0x96, 0x96, 0x96, 0x96, 0x96, 0x96, 0x96, 0x96, 0x96, 0x96, 0x96, 0x96,
        0x96, 0x96, 0x96, 0x96, 0x96, 0x96, 0x96, 0x96, 0x96, 0x96, 0x96, 0x96,
        0x96, 0x96, 0x96, 0x96, 0x4c, 0x3b, 0xd5, 0xe6, 0x08, 0xf7, 0x19, 0x2a,
        0x3b, 0x4c, 0xa2, 0x91, 0x7f, 0x90, 0x5e, 0x4d, 0x3c, 0x2b, 0xe5, 0xf6,
        0xf8, 0xe7, 0x29, 0x3a, 0x4b, 0x5c, 0x92, 0x81, 0x8f, 0xa0, 0x4e, 0x3d,
        0x2c, 0x1b, 0xf5, 0x06, 0xe8, 0xd7, 0x39, 0x4a, 0x5b, 0x6c, 0x82, 0x71,
        0x9f, 0xb0, 0x3e, 0x2d, 0x1c, 0x0b, 0x05, 0x16, 0xd8, 0xc7, 0x49, 0x5a,
        0x6b, 0x7c, 0x72, 0x61, 0xaf, 0xc0, 0x2e, 0x1d, 0x0c, 0xfb, 0x15, 0x26,
        0xc8, 0xb7, 0x59, 0x6a, 0x7b, 0x8c, 0x62, 0x51, 0xbf, 0xd0, 0x1e, 0x0d,
        0x3c, 0xc3, 0xc3, 0x3c, 0x3c, 0xc3, 0xc3, 0x3c, 0x3c, 0xc3, 0xc3, 0x3c,
        0x3c, 0xc3, 0xc3, 0x3c, 0x3c, 0xc3, 0xc3, 0x3c, 0x3c, 0xc3, 0xc3, 0x3c,
        0x3c, 0xc3, 0xc3, 0x3c, 0x3c, 0xc3, 0xc3, 0x3c, 0x3c, 0xc3, 0xc3, 0x3c,
        0x3c, 0xc3, 0xc3, 0x3c, 0x3c, 0xc3, 0xc3, 0x3c, 0x3c, 0xc3, 0xc3, 0x3c,
        0x3c, 0xc3, 0xc3, 0x3c, 0x3c, 0xc3, 0xc3, 0x3c, 0x3c, 0xc3, 0xc3, 0x3c,
        0x3c, 0xc3, 0xc3, 0x3c, 0x3c, 0xc3, 0xc3, 0x3c, 0x3c, 0xc3, 0xc3, 0x3c,
        0x3c, 0xc3, 0xc3, 0x3c, 0x3c, 0xc3, 0xc3, 0x3c, 0x00, 0x00, 0xff, 0xff,
        0x00, 0x00, 0xff, 0xff, 0xff, 0xff, 0x00, 0x00, 0xff, 0xff, 0x00, 0x00,
        0x00, 0x00, 0xff, 0xff, 0x00, 0x00, 0xff, 0xff, 0xff, 0xff, 0x00, 0x00,
        0xff, 0xff, 0x00, 0x00, 0x00, 0x00, 0xff, 0xff, 0x00, 0x00, 0xff, 0xff,
        0xff, 0xff, 0x00, 0x00, 0xff, 0xff, 0x00, 0x00, 0x00, 0x00, 0xff, 0xff,
        0x00, 0x00, 0xff, 0xff, 0xff, 0xff, 0x00, 0x00, 0xff, 0xff, 0x00, 0x00,
        0x00, 0x00, 0xff, 0xff, 0x00, 0x00, 0xff, 0xff, 0xff, 0xff, 0x00, 0x00,
        0xff, 0xff, 0x00, 0x00, 0xd8, 0xcb, 0xfa, 0x95, 0x7b, 0x48, 0x59, 0xae,
        0x40, 0x73, 0x62, 0x1d, 0xf3, 0xc0, 0xd1, 0x26, 0xc8, 0xfb, 0xea, 0x85,
        0x4b, 0x58, 0xa9, 0xbe, 0x70, 0x63, 0x12, 0x0d, 0xc3, 0xd0, 0x21, 0x36,
        0xf8, 0xeb, 0x9a, 0xb5, 0x5b, 0xa8, 0xb9, 0x8e, 0x60, 0x13, 0x02, 0x3d,
        0xd3, 0x20, 0x31, 0x06, 0xe8, 0x9b, 0x8a, 0xa5, 0xab, 0xb8, 0x89, 0x9e,
        0x10, 0x03, 0x32, 0x2d, 0x23, 0x30, 0x01, 0x16, 0x98, 0x8b, 0xba, 0x55,
        0xbb, 0x88, 0x99, 0xee, 0x00, 0x33, 0x22, 0xdd, 0x33, 0x00, 0x11, 0x66
    }
};

const uint8_t hqc256_fixture_expected_messages[16][32] = {
    {
        0xdd, 0x36, 0xd1, 0xa5, 0x64, 0xa6, 0x02, 0x1a, 0x4f, 0x1b, 0xee, 0x1a,
        0xd7, 0x5b, 0x25, 0xe6, 0x8d, 0x3c, 0x0c, 0xb8, 0x0a, 0x05, 0x23, 0x6b,
        0x7c, 0xa2, 0xb0, 0x4d, 0xab, 0xb1, 0x98, 0x7d
    },
    {
        0x80, 0x31, 0xca, 0x62, 0xf6, 0x0d, 0x74, 0x62, 0x5b, 0x99, 0xb7, 0x41,
        0xc6, 0xb8, 0x3a, 0x59, 0x8b, 0x3d, 0x03, 0xfc, 0x7a, 0x27, 0x58, 0xd1,
        0xd2, 0x9e, 0xcc, 0x32, 0xf7, 0xf6, 0x62, 0x9a
    },
    {
        0x4e, 0x05, 0xe4, 0xf9, 0xd5, 0x6b, 0xb4, 0x5d, 0x47, 0x3c, 0x4f, 0x32,
        0x1c, 0xca, 0x2f, 0xa8, 0x18, 0x00, 0xa5, 0x86, 0xd1, 0x47, 0x99, 0x8f,
        0x26, 0x84, 0x58, 0x1c, 0xc5, 0xc3, 0x5c, 0xef
    },
    {
        0x80, 0xcd, 0xff, 0x72, 0xb8, 0x86, 0xda, 0x7e, 0xb5, 0x4f, 0xb2, 0xfc,
        0x25, 0x2b, 0xfa, 0xbb, 0x61, 0x34, 0x16, 0xa5, 0xa4, 0xc2, 0x82, 0xda,
        0x2c, 0x97, 0xe7, 0x49, 0xfc, 0xf8, 0x1a, 0x7a
    },
    {
        0xed, 0x9d, 0x1e, 0xa4, 0xe0, 0xcd, 0xfe, 0x98, 0x93, 0x6d, 0xfe, 0x4d,
        0x24, 0x62, 0xa4, 0x20, 0x38, 0x96, 0x25, 0xce, 0x95, 0x54, 0xf9, 0x67,
        0xca, 0xbb, 0x8d, 0x98, 0x50, 0x14, 0xe8, 0xcd
    },
    {
        0xd5, 0x7c, 0x80, 0x5f, 0x07, 0x31, 0x9d, 0x2c, 0x6a, 0xca, 0x98, 0x6d,
        0xef, 0x89, 0x78, 0x61, 0xe4, 0x73, 0x71, 0x95, 0x4d, 0x36, 0xd0, 0x13,
        0xea, 0x46, 0xc7, 0x79, 0x6f, 0xa2, 0x67, 0xcf
    },
    {
        0x59, 0xc0, 0x69, 0x3a, 0x46, 0xb1, 0x30, 0x9e, 0xf1, 0x58, 0x78, 0xe3,
        0x6c, 0xab, 0xc1, 0x75, 0x5e, 0x2a, 0xfc, 0xe0, 0xf3, 0x0f, 0x72, 0x5e,
        0xc0, 0x86, 0xf1, 0xdf, 0x41, 0x63, 0x95, 0x86
    },
    {
        0x11, 0x5b, 0xef, 0x87, 0x26, 0xaf, 0xd0, 0x10, 0x3b, 0xb9, 0x4a, 0xac,
        0xd7, 0x44, 0x0d, 0x10, 0x82, 0x5b, 0xc2, 0xe7, 0xff, 0x67, 0x4d, 0xc3,
        0xd5, 0x94, 0xd5, 0xbd, 0x9a, 0xfc, 0x27, 0xed
    },
    {
        0xb9, 0xdf, 0xb8, 0x0c, 0x7a, 0x20, 0x3e, 0x93, 0xe8, 0x2d, 0x89, 0xc0,
        0xb7, 0xf1, 0xbe, 0x28, 0x83, 0x42, 0x2f, 0x2b, 0xb3, 0xbc, 0x2c, 0xf6,
        0xf9, 0x8e, 0x19, 0x06, 0x08, 0x5b, 0x8e, 0x42
    },
    {
        0xb9, 0xb7, 0x7f, 0x03, 0x31, 0xf1, 0x7a, 0x62, 0x4c, 0x64, 0x6e, 0xbb,
        0xba, 0x54, 0x26, 0x76, 0xec, 0x03, 0x3a, 0xfc, 0xc2, 0xfc, 0x14, 0xc3,
        0x52, 0x40, 0x58, 0x92, 0x20, 0x5a, 0x4c, 0xcf
    },
    {
        0x0f, 0x70, 0xdc, 0x91, 0xfc, 0xcf, 0x07, 0xaf, 0x31, 0xa5, 0x3f, 0x03,
        0x49, 0x09, 0x02, 0x5b, 0x62, 0xbd, 0x53, 0xed, 0xaa, 0x80, 0xa1, 0xc1,
        0x48, 0x94, 0x2e, 0x13, 0x76, 0xe9, 0xf7, 0x38
    },
    {
        0xb5, 0x56, 0x6b, 0xe4, 0xbb, 0x9c, 0x1b, 0x3a, 0x68, 0xb5, 0x1f, 0x27,
        0xa2, 0xef, 0x4e, 0xed, 0xd4, 0x55, 0x5d, 0x49, 0x33, 0xa8, 0x64, 0xaa,
        0x91, 0xd9, 0xbd, 0x8e, 0x22, 0xf9, 0x22, 0x60
    },
    {
        0x0c, 0xfc, 0x25, 0x78, 0x1e, 0xe6, 0xbc, 0x2d, 0xfa, 0xdc, 0xcd, 0x5c,
        0x74, 0x3c, 0xaa, 0x2e, 0xb2, 0x7b, 0x59, 0x74, 0x71, 0x68, 0xea, 0xaa,
        0xf6, 0xdf, 0x0b, 0x90, 0xd2, 0x91, 0x06, 0x7a
    },
    {
        0x3b, 0xca, 0xe6, 0xbe, 0x9b, 0x99, 0x5f, 0x57, 0x07, 0x50, 0x1d, 0xc1,
        0x63, 0x3c, 0xd4, 0xca, 0x7d, 0xd8, 0x74, 0x6c, 0xc7, 0xbd, 0x89, 0x5b,
        0x6b, 0x16, 0x6c, 0x65, 0x2a, 0xe9, 0xf0, 0x72
    },
    {
        0xe8, 0x58, 0xf5, 0xa9, 0xf4, 0xea, 0x52, 0x77, 0xdf, 0x8a, 0x38, 0xa0,
        0x6c, 0x3c, 0xa5, 0xa3, 0xa9, 0xb8, 0x2f, 0xc3, 0x42, 0x37, 0x18, 0x45,
        0x5f, 0x03, 0xda, 0xc1, 0x6d, 0xf8, 0xd6, 0x31
    },
    {
        0x4f, 0x4c, 0xc8, 0x26, 0x0f, 0x31, 0x47, 0x37, 0xce, 0xad, 0xf7, 0x68,
        0x1d, 0x6e, 0xc3, 0x5b, 0xf6, 0x1d, 0x6b, 0x77, 0x66, 0xd2, 0x3b, 0x0b,
        0x9b, 0x3f, 0xb8, 0x07, 0xd0, 0x1e, 0x50, 0xa1
    }
};

const uint8_t hqc256_fixture_rs_symbol_errors[16] = {
    0x00, 0x01, 0x02, 0x03, 0x04, 0x05, 0x06, 0x07, 0x08, 0x09, 0x0a, 0x0b,
    0x0c, 0x0d, 0x0e, 0x0f
};

